,,,,,,,,,,,,,,,,,,,,,,,,,,,,,,,,,,
,,,,,,,,,,,,,,,,,,,,,,,,,,-1.539663,,,,,,,,
Mission Plan,,,,,,,,,,,,,,,,,Imagging Setting,"Downlink (clear sky=525, total=601 images)",,,pre-processing,,Analytics,,,,,,,,,,Note,Google Drive
ID,Plan Date,Target,Category,Capture Start Time,"Time
Offset (sec)",Tilt (roll),Pitch,Direction,"Target
Latitude","Target
Longitude","Satellite
Latitude","Satellite
Longitude","Sun
Elevation",Cloud Status,Water Body,Space Weather,"Band 
[PAN,MS1,2,3,4,5,6,7(NIR)]",Date,Image,Telemetry,복사보정,기하보정,"Time
Offset (sec)","Actual
Latitude","Error 
(Latitude)","Actual
Longitude","Error 
(Longitude)","Unusable
Image","FEE/CEM
Temp","saturation ratio
(MS0~7)",histogram,"maximum shifed pixel(x, y)",,
846,2026-08-03,apple_park(usa),landmark,2026-08-05T19:30:45.944(1785958245944),-2,-14.0509,0,desc(↓),37.3346,-122.009,37.1168,-120.691,67.37,Clear(0.7),waterbody,OK(13),"2,4,8,8,16,16,16,4",,,,,,,,,,,,,,,,,
845,,"------------- MAINTENANCE mission inserted : mission start time - 2026-08-05T12:18:00.000, maintenance - bluebon-orbit-match-v3-bdx1-------------",,,,,,,,,,,,,,,,,,,,,,,,,,,,,,,,
844,,bordeaux(france),normal,2026-08-05T11:38:16.612(1785929896612),-2,2.6254,0,desc(↓),44.8257,-0.5305,44.8693,-0.7956,61.37,Overcast(100.0),waterbody,OK(13),"2,4,8,8,16,16,16,4",,,,,,,,,,,,,,,,,
843,,Nowa_Wieś_Zbąska(Poland),SatRev,2026-08-04T10:31:00.183(1785839460183),-2,-18.0672,0,desc(↓),52.1884,15.8656,51.8606,18.0898,54.43,Clear(15.3),waterbody,OK(24),"2,4,8,8,16,16,16,4",,,,,,,,,,,,,,,,,
842,,baotou_sand(china),RadCal,2026-08-04T04:17:30.731(1785817050731),-2,11.953,0,desc(↓),40.8659,109.6155,41.0731,108.4564,65.5,Clear(5.0),-,OK(24),"2,4,8,8,16,16,16,4",,,,,,,,,,,,,,,,,
841,2026-07-31,gobabeb(africa),cal/val,2026-08-03T09:45:28.242(1785750328242),-2,-20.0351,0,desc(↓),-23.55,15.033,-23.8753,16.7204,44.53,Clear(0.0),waterbody,OK(13),"2,4,8,8,16,16,16,4",,,,,,,,,,,,,,,,,
840,,Sohae_Satellite_Launchin,normal,2026-08-03T03:12:25.610(1785726745610),-2,3.1615,0,desc(↓),39.6598,124.706,39.7112,124.4109,66.6,Clear(10.4),waterbody,OK(13),"2,4,8,8,16,16,16,4",,,,,,,,,,,,,,,,,
839,,bordeaux(france),normal,2026-08-02T11:30:14.395(1785670214395),-2,-15.4451,0,desc(↓),44.8257,-0.5305,44.5649,1.0997,61.71,Clear(3.5),waterbody,OK(13),"2,4,8,8,16,16,16,4",,,,,,,,,,,,,,,,,
838,,golmud_sand(china),RadCal,2026-08-02T05:15:58.083(1785647758083),-2,15.7926,0,desc(↓),36.3977,94.3286,36.6581,92.8726,69.99,Clear(1.9),waterbody,OK(13),"2,4,8,8,16,16,16,4",,,,,,,,,,,,,,,,,
837,,Tuapse(Russia),issue,2026-08-01T08:50:52.919(1785574252919),-2,-15.8128,0,desc(↓),44.0971,39.0885,43.8437,40.743,62.61,Clear(0.0),-,OK(13),"2,4,8,8,16,16,16,4",,,,,,,,,,,,,,,,,
836,,"------------- MAINTENANCE mission inserted : mission start time - 2026-08-01T04:41:00.000, maintenance - bluebon-orbit-match-v3-tiksi2-------------",,,,,,,,,,,,,,,,,,,,,,,,,,,,,,,,
835,,tiksi_airport(russia),airport,2026-08-01T04:01:03.453(1785556863453),-2,-0.5437,0,desc(↓),71.7,128.9,71.6762,129.0207,36.13,Overcast(100.0),waterbody,OK(13),"2,4,8,8,16,16,16,4",,,,,,,,,,,,,,,,,
834,2026-07-29,"------------- MAINTENANCE mission inserted : mission start time - 2026-07-31T17:47:00.000, maintenance - bluebon-elm-encoder-------------",,,,,,,,,,,,,,,,,,,,,,,,,,,,,,,,
833,,puvirnituq(canada),normal,2026-07-31T17:05:38.264(1785517538264),-2,-0.9022,0,desc(↓),60.0422,-77.2789,60.0253,-77.1404,48.05,Clear(0.0),waterbody,OK(30),"2,4,8,8,16,16,16,4",,,,,,,,,,,,,,,,,
832,,Gangseo-gu_fine_dust_Obs,fine_dust,2026-07-31T03:04:45.017(1785467085017),-2,10.4468,0,desc(↓),37.5447,126.8351,37.7113,125.8671,69.32,Clear(19.4),-,OK(30),"2,4,8,8,16,16,16,4",,,,,,,,,,,,,,,,,
831,,la_crau(france),RadCal,2026-07-30T11:22:10.770(1785410530770),-2,18.7306,0,desc(↓),43.5589,4.8642,43.9017,2.9103,64.34,Clear(0.0),-,OK(27),"2,4,8,8,16,16,16,4",,,,,,,,,,,,,,,,,
830,,golmud_sand(china),RadCal,2026-07-30T05:07:48.669(1785388068669),-2,-5.2752,0,desc(↓),36.3977,94.3286,36.3102,94.8056,69.93,Clear(0.0),waterbody,OK(27),"2,4,8,8,16,16,16,4",,,,,,,,,,,,,,,,,
829,2026-07-27,Kraków(Poland),SatRev,2026-07-29T10:15:05.269(1785320105269),-2,-12.1259,0,desc(↓),50.0619,19.937,49.8422,21.3347,58,Clear(0.0),waterbody,OK(22),"2,4,8,8,16,16,16,4",,,,,,,,,,,,,,,,,
828,,Ras_Al_Hadd(Oman),SatRev,2026-07-29T07:14:09.531(1785309249531),-2,-12.5852,0,desc(↓),22.5201,59.7927,22.3377,60.8041,77.01,Clear(0.0),waterbody,OK(22),"2,4,8,8,16,16,16,4",,,,,,,,,,,,,,,,,
827,,Nowa_Wieś_Zbąska(Poland),SatRev,2026-07-28T10:43:00.360(1785235380360),-2,5.9886,0,desc(↓),52.1884,15.8656,52.2982,15.1577,56.5,Clear(17.8),waterbody,OK(30),"2,4,8,8,16,16,16,4",,,,,,,,,,,,,,,,,
826,,Qeshm(Iran),issue,2026-07-28T07:41:30.369(1785224490369),-2,13.9737,0,desc(↓),26.7782,55.847,26.9999,54.6864,77.64,Clear(0.0),waterbody,OK(30),"2,4,8,8,16,16,16,4",,,,,,,,,,,,,,,,,
825,2026-07-24,"------------- MAINTENANCE mission inserted : mission start time - 2026-07-27T10:25:00.000, maintenance - bluebon-elm-encoder-------------",,,,,,,,,,,,,,,,,,,,,,,,,,,,,,,,
824,,libya_4(africa),cal/val,2026-07-27T09:43:56.799(1785145436799),-2,-10.7353,0,desc(↓),28.55,23.39,28.3875,24.2939,75.4,Clear(0.0),-,OK(13),"2,4,8,8,16,16,16,4",,,,,,,,,,,,,,,,,
823,,Bab_al_Mandab_Strait,SatRev,2026-07-27T08:14:02.491(1785140042491),-2,-13.7916,0,desc(↓),12.6031,43.3426,12.399,44.3949,74.36,Clear(5.3),waterbody,OK(13),"2,4,8,8,16,16,16,4",,,,,,,,,,,,,,,,,
822,,Hortobágy_National_Park(hungary),normal,2026-07-26T10:07:25.765(1785060445765),-2,-12.5026,0,desc(↓),47.6,21.1,47.38,22.4764,60.91,Clear(0.0),waterbody,OK(13),"2,4,8,8,16,16,16,4",,,,,,,,,,,,,,,,,
821,,"------------- MAINTENANCE mission inserted : mission start time - 2026-07-26T04:24:00.000, maintenance - bluebon-orbit-match-v3-tiksi1-------------",,,,,,,,,,,,,,,,,,,,,,,,,,,,,,,,
820,,tiksi_airport(russia),airport,2026-07-26T03:44:32.755(1785037472755),-2,-15.7088,0,desc(↓),71.7,128.9,71.2219,132.4466,37.7,Clear(5.3),waterbody,OK(13),"2,4,8,8,16,16,16,4",,,,,,,,,,,,,,,,,
819,,Nowa_Wies_Zbaska(Poland),SatRev,2026-07-25T10:34:41.223(1784975681223),-2,-10.224,0,desc(↓),52.1884,15.8656,52.0087,17.0998,56.94,Partially cloudy(53.1),waterbody,OK(22),"2,4,8,8,16,16,16,4",2026-07-27,O,,O,,,,,,,,,,,,*타겟 벗어남. 타겟의 남쪽이 찍힘,
818,,Qeshm(Iran),issue,2026-07-25T07:33:11.851(1784964791851),-2,-9.9181,0,desc(↓),26.7782,55.847,26.6296,56.6671,76.5,Clear(0.0),waterbody,OK(22),"2,4,8,8,16,16,16,4",2026-07-27,O,,O,,,,,,,,,,,,*타겟 벗어남. 타겟의 남쪽이 찍힘,
817,2026-07-22,egypt_1(africa),cal/val,2026-07-24T09:35:32.658(1784885732658),-2,2.203,0,desc(↓),27.41,26.38,27.446,26.2024,77.14,Clear(0.0),-,OK(27),"2,4,8,8,16,16,16,4",2026-07-28,,,,,,,,,,,,,,,,
816,,Khark_Island(iran),issue,2026-07-24T08:00:57.928(1784880057928),-2,1.815,0,desc(↓),29.2303,50.2976,29.2639,50.1502,76.24,Clear(0.0),waterbody,OK(27),"2,4,8,8,16,16,16,4",,,,,,,,,,,,,,,,,
815,,mali(africa),cal/val,2026-07-23T11:40:14.631(1784806814631),-2,17.2606,0,desc(↓),19.12,-4.85,19.385,-6.2245,79.22,Clear(0.0),-,OK(30),"2,4,8,8,16,16,16,4",2026-07-27,O,,O,,,,,,,,,,,,,
814,,Tokyo(Japan),normal,2026-07-23T02:11:18.505(1784772678505),-2,10.9754,0,desc(↓),35.6586,139.7454,35.8375,138.7514,72.52,Clear(0.0),waterbody,OK(30),"2,4,8,8,16,16,16,4",2026-07-27,O,,O,,,,,,,,,,,,,
813,2026-07-21,pueblo_range(usa),cal/val,2026-07-22T18:20:13.761(1784744413761),-2,-16.347,0,desc(↓),38.283,-104.607,38.0226,-103.0386,69.46,Clear(13.0),waterbody,OK(42),"2,4,8,8,16,16,16,4",2026-07-27,O,,O,,,,,,,,,,,,,
812,,"------------- MAINTENANCE mission inserted : mission start time - 2026-07-22T16:10:00.000, maintenance - bluebon-elm-encoder-------------",,,,,,,,,,,,,,,,,,,,,,,,,,,,,,,,
811,,Sierra_Gorda(Chile),SatRev,2026-07-22T15:28:01.755(1784734081755),-2,-5.5108,0,desc(↓),-22.8926,-69.3613,-22.9777,-68.9228,43.12,Clear(8.4),-,OK(42),"2,4,8,8,16,16,16,4",,,,,,,,,,,,,,,,,
810,2026-07-20,Bushehr_Nuclear_Power_plant(Iran),issue,2026-07-21T07:52:26.690(1784620346690),-2,-14.603,0,desc(↓),28.8294,50.8872,28.6139,52.1351,75.82,Clear(6.2),waterbody,OK(24),"2,4,8,8,16,16,16,4",2026-07-23,O,,O,,,,,,,,,,,,,
809,,Sohae_Satellite_Launchin,normal,2026-07-21T03:07:15.387(1784603235387),-2,-8.3469,0,desc(↓),39.6598,124.706,39.5322,125.5077,68.97,Clear(0.0),waterbody,OK(24),"2,4,8,8,16,16,16,4",2026-07-23,O,,O,,,,,,,,,,,,,
808,2026-07-17,"------------- MAINTENANCE mission inserted : mission start time - 2026-07-20T10:47:00.000, maintenance - bluebon-orbit-match-v3-namibia2-------------",,,,,,,,,,,,,,,,,,,,,,,,,,,,,,,,
807,,namibia_desert_2(africa),cal/val,2026-07-20T10:07:02.419(1784542022419),-2,-0.9882,0,desc(↓),-17.33,12.05,-17.3388,12.1258,48.24,Clear(0.0),waterbody,OK(22),"2,4,8,8,16,16,16,4",2026-07-27,O,,O,,,,,,,,,,,,,
806,,dunhuang(asia),cal/val,2026-07-20T05:09:40.605(1784524180605),-2,-6.8452,0,desc(↓),40.13,94.34,40.0151,94.9986,68.8,Clear(0.0),waterbody,OK(22),"2,4,8,8,16,16,16,4",2026-07-22,O,,O,,,,,,,,,,,,,
805,,Etna_mountain(Italy),SatRev,2026-07-19T10:21:05.580(1784456465580),-2,-16.8087,0,desc(↓),37.7475,15.0007,37.486,16.5951,70.43,Clear(1.4),waterbody,OK(13),"2,4,8,8,16,16,16,4",2026-07-22,O,,O,,,,,,,,,,,,,
804,,Sur(Oman),SatRev,2026-07-19T07:16:50.255(1784445410255),-2,-6.6238,0,desc(↓),22.5656,59.5083,22.4616,60.034,77.94,Clear(0.0),waterbody,OK(13),"2,4,8,8,16,16,16,4",2026-07-22,O,,O,,,,,,,,,,,,,
803,,Dark_Sea_Near_UAE,normal,2026-07-18T07:44:23.282(1784360663282),-2,16.6527,0,desc(↓),25.5303,55.0379,25.7999,53.6535,79.42,Clear(0.0),waterbody,OK(13),"2,4,8,8,16,16,16,4",2026-07-24,O,,O,,,,,,,,,,,,,
802,,Chaha-ri(north_korea),DPRK,2026-07-18T02:58:50.789(1784343530789),-2,-4.8864,0,desc(↓),38.1318,126.8019,38.0498,127.2583,70.84,Overcast(95.4),-,OK(13),"2,4,8,8,16,16,16,4",2026-07-22,O,,O,,,,,,,,,,,,,
801,2026-07-15,Kyiv(ukraine),SatRev,2026-07-17T09:40:21.279(1784281221279),-2,0.953,0,desc(↓),50.58,30.22,50.6008,30.1173,60.17,Clear(0.0),-,OK(22),"2,4,8,8,16,16,16,4",2026-07-22,O,,O,,,,,,,,,,,,,
800,,Ali_Al_Salem_Air_Base(Kuwait),issue,2026-07-17T08:11:51.924(1784275911924),-2,1.9338,0,desc(↓),29.3477,47.5214,29.3734,47.3615,77.11,Clear(0.0),waterbody,OK(22),"2,4,8,8,16,16,16,4",2026-07-20,O,,O,,,,,,,,,,,,,
799,,sioux_falls_range(usa),cal/val,2026-07-16T18:01:08.749(1784224868749),-2,5.9524,0,desc(↓),43.556,-96.458,43.651,-97.0573,66.81,Clear(2.0),waterbody,OK(22),"2,4,8,8,16,16,16,4",2026-07-19,O,,O,,,,,,,,,,,,,
798,,mauritania_1(africa),cal/val,2026-07-16T11:51:07.358(1784202667358),-2,-3.4397,0,desc(↓),19.4,-9.3,19.3527,-9.0316,77.64,Clear(5.0),-,OK(22),"2,4,8,8,16,16,16,4",2026-07-19,O,,O,,,,,,,,,,,,,
797,2026-07-13,Beirut(Lebanon),issue,2026-07-15T09:07:25.759(1784106445759),-2,13.4633,0,desc(↓),33.8891,35.5011,34.1098,34.2968,75.22,-(-),waterbody,OK(24),"2,4,8,8,16,16,16,4",2026-07-18,O,,O,,,,,,,,,,,,,
796,,Shahid_Bahonar_Port(Iran),issue,2026-07-15T07:35:09.102(1784100909102),-2,0.7897,0,desc(↓),27.1457,56.208,27.1619,56.1468,78.12,-(-),waterbody,OK(24),"2,4,8,8,16,16,16,4",2026-07-19,O,,O,,,,,,,,,,,,,
795,,"------------- MAINTENANCE mission inserted : mission start time - 2026-07-14T10:20:00.000, maintenance - bluebon-orbit-match-v3-egypt1-------------",,,,,,,,,,,,,,,,,,,,,,,,,,,,,,,,
794,,egypt_1(africa),cal/val,2026-07-14T09:37:33.214(1784021853214),-2,9.4337,0,desc(↓),27.41,26.38,27.5585,25.6005,78.71,-(-),-,OK(33),"2,4,8,8,16,16,16,4",,,,,,,,,,,,,,,,,
793,,Khark_Island(iran),issue,2026-07-14T08:02:58.273(1784016178273),-2,8.9122,0,desc(↓),29.2303,50.2976,29.3659,49.5481,77.94,-(-),waterbody,OK(33),"2,4,8,8,16,16,16,4",2026-07-19,O,,O,,,,,,,,,,,,,
792,2026-07-10,bordeaux(france),normal,2026-07-13T11:35:29.728(1783942529728),-2,-1.2955,0,desc(↓),44.8257,-0.5305,44.8088,-0.3912,66.02,-(-),waterbody,OK(22),"2,4,8,8,16,16,16,4",2026-07-17,O,,O,,,,,,,,,,,,,
791,,GBR_5(Australia),normal,2026-07-13T00:53:51.680(1783904031680),-2,8.3944,0,desc(↓),-20.4976,150.5622,-20.3718,149.8943,44.38,-(-),waterbody,OK(22),"2,4,8,8,16,16,16,4",2026-07-16,O,,O,,,,,,,,,,,,,
790,,Drvenik_Veli(Croatia),SatRev,2026-07-12T10:30:06.619(1783852206619),-2,4.9519,0,desc(↓),43.435,16.1115,43.5205,15.6169,67.55,-(-),waterbody,OK(22),"2,4,8,8,16,16,16,4",2026-07-16,O,,O,,,,,,,,,,,,,
789,,Strait_of_Hormuz_or_UAE_,SatRev,2026-07-12T07:26:23.469(1783841183469),-2,-18.4235,0,desc(↓),26.7477,56.6192,26.4718,58.1883,77.08,-(-),waterbody,OK(22),"2,4,8,8,16,16,16,4",2026-07-14,O,,O,,,,,,,,,,,,,
787,,Top_Of_The_World(USA),SatRev,2026-07-11T18:51:39.567(1783795899567),-2,10.6527,0,desc(↓),33.3861,-110.9702,33.5518,-111.9091,75.92,-(-),waterbody,OK(27),"2,4,8,8,16,16,16,4",2026-07-14,O,,O,,,,,,,,,,,,,
786,,Bushehr_Nuclear_Power_plant(Iran),issue,2026-07-11T07:54:10.467(1783756450467),-2,-8.4426,0,desc(↓),28.8294,50.8872,28.7005,51.5983,77.3,-(-),waterbody,OK(27),"2,4,8,8,16,16,16,4",2026-07-16,O,,,,,,,,,,,,,,,
785,2026-07-08,HongKong_International_Airport(HongKong),airport,2026-07-10T03:41:52.155(1783654912155),-2,3.4271,0,desc(↓),22.311,113.921,22.3597,113.652,78.96,-(-),waterbody,OK(30),"2,4,8,8,16,16,16,4",2026-07-13,O,,O,,,,,,,,,,,,"구름 많음, 지상 식별 불가",
784,,"------------- MAINTENANCE mission inserted : mission start time - 2026-07-10T02:45:00.000, maintenance - bluebon-elm-encoder-------------",,,,,,,,,,,,,,,,,,,,,,,,,,,,,,,,
783,,Tokyo(Japan),normal,2026-07-10T02:04:17.064(1783649057064),-2,-6.102,0,desc(↓),35.6586,139.7454,35.5676,140.3006,73.77,-(-),waterbody,OK(30),"2,4,8,8,16,16,16,4",,,,,,,,,,,,,,,,,
782,,Drvenik_Veli(Croatia),SatRev,2026-07-09T10:21:10.254(1783592470254),-2,-15.6233,0,desc(↓),43.435,16.1115,43.1786,17.7328,67.36,-(-),waterbody,OK(27),"2,4,8,8,16,16,16,4",,,,,,,,,,,,,,,,,
781,,Sur(Oman),SatRev,2026-07-09T07:18:23.086(1783581503086),-2,-0.4173,0,desc(↓),22.5656,59.5083,22.5601,59.5435,78.74,-(-),waterbody,OK(27),"2,4,8,8,16,16,16,4",,,,,,,,,,,,,,,,,
780,2026-07-06,Polkowice(Poland),SatRev,2026-07-08T10:47:06.659(1783507626659),-2,19.2597,0,desc(↓),51.5025,16.1029,51.9039,13.7567,60.82,-(-),-,OK(13),"2,4,8,8,16,16,16,4",2026-07-15,O,,O,,,,,,,,,,,,,
779,,Yemen_border(Oman),SatRev,2026-07-08T07:47:50.511(1783496870511),-2,13.656,0,desc(↓),17.814,52.5659,18.0215,51.5,78.06,-(-),waterbody,OK(13),"2,4,8,8,16,16,16,4",2026-07-11,O,,O,,,,,,,,,,,,,
778,,libya_4(africa),cal/val,2026-07-07T09:47:32.657(1783417652657),-2,2.4247,0,desc(↓),28.55,23.39,28.5848,23.1905,78.47,-(-),-,OK(13),"2,4,8,8,16,16,16,4",2026-07-13,O,,O,,,,,,,,,,,,,
777,,Ali_Al_Salem_Air_Base(Kuwait),issue,2026-07-07T08:13:12.306(1783411992306),-2,7.1438,0,desc(↓),29.3477,47.5214,29.4571,46.9222,78.47,-(-),waterbody,OK(13),"2,4,8,8,16,16,16,4",2026-07-12,O,,O,,,,,,,,,,,,,
776,2026-07-03,big_spring(usa),cal/val,2026-07-06T18:05:34.765(1783361134765),-2,-9.0771,0,desc(↓),32.22,-101.512,32.0752,-100.7189,76.14,Clear(18.0),waterbody,OK(30),"2,4,8,8,16,16,16,4",2026-07-11,O,,O,,,,,,,,,,,,,
775,,Beirut(Lebanon),issue,2026-07-05T09:08:38.002(1783242518002),-2,17.6631,0,desc(↓),33.8891,35.5011,34.1812,33.8908,76.62,Clear(0.0),waterbody,OK(33),"2,4,8,8,16,16,16,4",2026-07-10,O,,O,,,,,,,,,,,,검은색 배경만 출력,
774,,Strait_of_Hormuz_or_UAE_border,SatRev,2026-07-05T07:36:25.683(1783236985683),-2,11.4543,0,desc(↓),26.7477,56.6192,26.9293,55.6713,79.76,Clear(0.0),waterbody,OK(33),"2,4,8,8,16,16,16,4",2026-07-08,O,,O,,,,,,,,,,,,,
773,,la_crau(france),cal/val,2026-07-04T11:08:35.201(1783163315201),-2,-9.8531,0,desc(↓),43.5589,4.8642,43.401,5.8751,67.97,Clear(0.0),waterbody,OK(42),"2,4,8,8,16,16,16,4",2026-07-07,O,,O,,,,,,,,,,,,,
772,,fordow_fuel_enrichment_plant(iran),issue,2026-07-04T08:02:35.098(1783152155098),-2,5.1627,0,desc(↓),34.8844,50.9979,34.9696,50.5415,75.43,Clear(0.0),-,OK(42),"2,4,8,8,16,16,16,4",2026-07-06,O,,O,,,,,,,,,,,,,
771,,pescadores_islands(asia),cal/val,2026-07-04T03:23:11.765(1783135391765),-2,13.8248,0,desc(↓),23.519,119.583,23.7296,118.4586,80.15,Clear(4.9),waterbody,OK(42),"2,4,8,8,16,16,16,4",2026-07-09,O,,O,,,,,,,,,,,,,
770,2026-07-01,lake_tahoe(usa),cal/val,2026-07-03T19:28:35.271(1783106915271),-2,1.5161,0,desc(↓),39,-120,39.0205,-120.1402,72.21,Clear(2.7),waterbody,OK(13),"2,4,8,8,16,16,16,4",2026-07-06,O,,O,,,,,,,,,,,,,
769,,eiffel_tower(france),landmark,2026-07-03T11:35:19.634(1783078519634),-2,13.7129,0,desc(↓),48.8585,2.2944,49.121,0.7444,63.78,Clear(0.0),waterbody,OK(13),"2,4,8,8,16,16,16,4",2026-07-06,O,,O,,,,,,,,,,,,검은색 배경만 출력,
768,,Sierra_Gorda(Chile),SatRev,2026-07-02T15:30:43.269(1783006243269),-2,5.5374,0,desc(↓),-22.8926,-69.3613,-22.8098,-69.808,40.99,Clear(0.0),-,OK(27),"2,4,8,8,16,16,16,4",2026-07-05,O,,O,,,,,,,,,,,,,
767,,Beirut(Lebanon),issue,2026-07-02T08:59:24.123(1782982764123),-2,-6.6119,0,desc(↓),33.8891,35.5011,33.7837,36.0887,75.68,Clear(0.0),waterbody,OK(27),"2,4,8,8,16,16,16,4",2026-07-04,O,,O,,,,,,,,,,,,,
766,2026-06-29,Khark_Island(iran),issue,2026-07-01T07:54:46.210(1782892486210),-2,-12.7495,0,desc(↓),29.2303,50.2976,29.0405,51.3897,77.65,Clear(0.0),waterbody,OK(27),"2,4,8,8,16,16,16,4",,,,,,,,,,,,,,,,,
765,,tehran(iran),issue,2026-07-01T07:53:04.928(1782892384928),-2,-17.5986,0,desc(↓),35.7176,51.3305,35.4472,52.9749,74,Clear(0.0),waterbody,OK(27),"2,4,8,8,16,16,16,4",,,,,,,,,,,,,,,,,
764,,rogers_dry_lake(usa),cal/val,2026-06-30T19:20:12.703(1782847212703),-2,11.2183,0,desc(↓),34.96,-117.86,35.1404,-118.8733,75.94,Clear(0.3),waterbody,OK(39),"2,4,8,8,16,16,16,4",2026-07-04,O,,O,,,,,,,,,,,,,
763,,namibia_desert_2(africa),cal/val,2026-06-30T10:09:13.671(1782814153671),-2,8.8116,0,desc(↓),-17.33,12.05,-17.1937,11.3625,46.4,Clear(0.0),waterbody,OK(39),"2,4,8,8,16,16,16,4",2026-07-02,O,,O,,,,,,,,,,,,,
762,2026-06-26,Drvenik_Veli(Croatia),SatRev,2026-06-29T10:21:32.823(1782728492823),-2,-13.7149,0,desc,43.435,16.1115,43.2138,17.53,68.35,Clear(0.0),waterbody,OK(13),"2,4,8,8,16,16,16,4",2026-07-02,O,,O,,,,,,,,,,,,,
761,,Duqm_Port(Oman),SatRev,2026-06-29T07:19:33.605(1782717573605),-2,-12.0765,0,desc,19.6664,57.7205,19.4869,58.6757,77.19,Clear(14.4),waterbody,OK(13),"2,4,8,8,16,16,16,4",2026-07-01,O,,O,,,,,,,,,,,,,
760,,Top_Of_The_World(USA),SatRev,2026-06-28T18:42:59.421(1782672179421),-2,-11.3767,0,desc,33.3861,-110.9702,33.2147,-109.9568,75.97,Clear(0.7),waterbody,OK(30),"2,4,8,8,16,16,16,4",,,,,,,,,,,,,,,,,
759,,Mapo-gu_fine_dust_Observatory(Korea),fine dust,2026-06-28T03:00:37.199(1782615637199),-2,4.5091,0,desc,37.5556,126.9056,37.6213,126.4898,73.88,Clear(5.0),-,OK(30),"2,4,8,8,16,16,16,4",2026-07-01,O,,O,,,,,,,,,,,,,
758,,Bab_al_Mandab_Strait,SatRev,2026-06-27T08:17:43.604(1782548263604),-2,2.5631,0,desc,12.6031,43.3426,12.6452,43.1525,73.68,Clear(0.1),waterbody,OK(27),"2,4,8,8,16,16,16,4",,,,,,,,,,,,,,,,,
757,,Ali_Al_Salem_Air_Base(Kuwait),issue,2026-06-27T08:13:18.376(1782547998376),-2,8.7351,0,desc,29.3477,47.5214,29.4811,46.784,79.28,Clear(0.0),waterbody,OK(27),"2,4,8,8,16,16,16,4",,,,,,,,,,,,,,,,,
756,2026-06-24,big_spring(usa),cal/val,2026-06-26T18:05:32.175(1782497132175),-2,-7.8915,0,desc(↓),32.22,-101.512,32.1028,-100.8203,76.94,Clear(13.0),waterbody,OK(30),"2,4,8,8,16,16,16,4",2026-07-01,O,,O,,,,,,,,,,,,,
755,,mauritania_2(africa),cal/val,2026-06-26T11:51:58.494(1782474718494),-2,5.9729,0,desc(↓),20.85,-8.78,20.9417,-9.2471,79.07,Clear(4.0),-,OK(30),"2,4,8,8,16,16,16,4",2026-06-26,O,,O,,,,,,,,,,,,,
754,,Sohar_Port(Oman),SatRev,2026-06-25T07:36:43.228(1782373003228),-2,17.6821,0,desc(↓),24.4985,56.6099,24.7865,55.1391,80.93,Clear(0.0),waterbody,OK(30),"2,4,8,8,16,16,16,4",,,,,,,,,,,,,,,,,
753,,Strait_of_Hormuz_or_UAE_border,SatRev,2026-06-25T07:36:09.397(1782372969397),-2,11.98,0,desc(↓),26.7477,56.6192,26.9314,55.6228,80.36,Clear(0.0),waterbody,OK(30),"2,4,8,8,16,16,16,4",,,,,,,,,,,,,,,,,
752,2026-06-22,libya_3(africa),cal/val,2026-06-24T09:39:26.515(1782293966515),-2,-13.0814,0,desc(↓),23.15,23.1,22.9601,24.1657,78.4,Clear(0.0),-,OK(27),"2,4,8,8,16,16,16,4",2026-06-29,O,,O,,,,,,,,,,,,,
751,,natanz_nuclear_facility(iran),issue,2026-06-24T08:02:24.832(1782288144832),-2,15.9986,0,desc(↓),33.7247,51.7251,33.9873,50.2803,77.4,Clear(1.6),-,OK(27),"2,4,8,8,16,16,16,4",2026-06-26,O,,O,,,,,,,,,,,,,
750,,lake_tahoe(usa),cal/val,2026-06-23T19:28:04.434(1782242884434),-2,1.3918,0,desc(↓),39,-120,39.018,-120.1288,72.81,Clear(2.7),waterbody,OK(13),"2,4,8,8,16,16,16,4",2026-06-27,O,,O,,,,,,,,,,,,,
749,,GBR_5(Australia),normal,2026-06-23T00:54:07.885(1782176047885),-2,11.9346,0,desc(↓),-20.4976,150.5622,-20.3216,149.6006,43.25,Clear(0.0),waterbody,OK(13),"2,4,8,8,16,16,16,4",2026-06-27,O,,O,,,,,,,,,,,,,
748,2026-06-19,Beirut(Lebanon),issue,2026-06-22T08:58:39.324(1782118719324),-2,-7.3582,0,desc(↓),33.8891,35.5011,33.7762,36.1579,76.19,Clear(0.0),waterbody,OK(13),"2,4,8,8,16,16,16,4",,,,,,,,,,,,,,,,,
747,,Strait_of_Hormuz_or_UAE_border,SatRev,2026-06-22T07:26:26.370(1782113186370),-2,-15.7249,0,desc(↓),26.7477,56.6192,26.515,57.9502,78.43,Clear(0.0),waterbody,OK(13),"2,4,8,8,16,16,16,4",,,,,,,,,,,,,,,,,
746,,Grand_Canyon(usa),landmark,2026-06-21T18:50:53.148(1782067853148),-2,-9.9099,0,desc(↓),36.2746,-112.3653,36.115,-111.4548,74.48,Clear(0.7),-,OK(24),"2,4,8,8,16,16,16,4",,,,,,,,,,,,,,,,,
745,,arabia_2_site(asia),cal/val,2026-06-21T07:56:07.460(1782028567460),-2,17.1643,0,desc(↓),20.13,50.96,20.3913,49.5753,79.77,Clear(5.0),-,OK(24),"2,4,8,8,16,16,16,4",2026-06-27,O,,O,,,,,,,,,,,,,
744,,rogers_dry_lake(usa),cal/val,2026-06-20T19:19:13.167(1781983153167),-2,9.821,0,desc(↓),34.96,-117.86,35.115,-118.7456,76.33,Clear(0.3),waterbody,OK(27),"2,4,8,8,16,16,16,4",2026-06-25,O,,O,,,,,,,,,,,,,
743,,libya_2(africa),cal/val,2026-06-20T09:57:04.352(1781949424352),-2,5.3392,0,desc(↓),25.05,20.48,25.1327,20.0497,80.18,Clear(0.0),-,OK(27),"2,4,8,8,16,16,16,4",2026-06-24,O,,O,,,,,,,,,,,,,
742,2026-06-17,Drvenik_Veli(Croatia),SatRev,2026-06-19T10:20:21.800(1781864421800),-2,-15.3146,0,desc(↓),43.435,16.1115,43.1766,17.7022,68.62,Clear(2.3),waterbody,OK(30),"2,4,8,8,16,16,16,4",2026-06-21,O,,O,,,,,,,,,,,,,
741,,Duqm_Port(Oman),SatRev,2026-06-19T07:18:21.361(1781853501361),-2,-14.2559,0,desc(↓),19.6664,57.7205,19.4499,58.8564,77.34,Clear(0.5),waterbody,OK(30),"2,4,8,8,16,16,16,4",2026-06-24,O,,O,,,,,,,,,,,,,
740,,Top_Of_The_World(USA),SatRev,2026-06-18T18:41:42.045(1781808102045),-2,-13.5421,0,desc(↓),33.3861,-110.9702,33.183,-109.7549,76.23,Clear(5.7),waterbody,OK(24),"2,4,8,8,16,16,16,4",2026-06-23,O,,O,,,,,,,,,,,,,
739,,Kimchaek(north_korea),normal,2026-06-18T02:58:20.434(1781751500434),-2,15.4174,0,desc(↓),40.6707,129.1921,40.9469,127.6668,71.89,Clear(11.3),waterbody,OK(24),"2,4,8,8,16,16,16,4",2026-06-21,O,,O,,,,,,,,,,,,구름이 이미지의 절반정도를 가리고 있음,
738,2026-06-15,Bab_al_Mandab_Strait,SatRev,2026-06-17T08:16:13.057(1781684173057),-2,-0.8534,0,desc(↓),12.6031,43.3426,12.5887,43.4075,73.75,Clear(0.0),waterbody,OK(24),"2,4,8,8,16,16,16,4",2026-06-21,O,,O,,,,,,,,,,,,,
737,,Khuvsgul_Lake(mongolia),normal,2026-06-17T04:57:47.924(1781672267924),-2,-0.4082,0,desc(↓),51.0867,100.5084,51.0822,100.5622,62,Clear(4.9),waterbody,OK(24),"2,4,8,8,16,16,16,4",2026-06-20,O,,O,,,,,,,,,,,,,
736,,san_mateo_bridge(san_mateo_bridge),cal/val,2026-06-16T19:36:34.013(1781638594013),-2,4.4282,0,desc(↓),37.6,-122.209,37.6763,-122.6148,74.11,Clear(1.3),waterbody,OK(27),"2,4,8,8,16,16,16,4",2026-06-19,O,,O,,,,,,,,,,,,,
735,,New_York(USA),normal,2026-06-16T16:27:28.572(1781627248572),-2,6.9835,0,desc(↓),40.69,-73.99,40.8023,-74.6663,71.62,Clear(10.0),waterbody,OK(27),"2,4,8,8,16,16,16,4",2026-06-18,O,,O,,,,,,,,,,,,,
734,2026-06-12,Qeshm(Iran),issue,2026-06-15T07:34:24.331(1781508864331),-2,-0.8409,0,desc(↓),26.7782,55.847,26.7669,55.9188,79.75,Clear(0.0),waterbody,OK(27),"2,4,8,8,16,16,16,4",2026-06-18,O,,O,,,,,,,,,,,,,
733,,goheung_aerospace_senter,cal/val,2026-06-15T02:49:59.362(1781491799362),-2,-12.6766,0,desc(↓),34.6105,127.2072,34.4177,128.362,75.52,Clear(2.0),waterbody,OK(27),"2,4,8,8,16,16,16,4",2026-06-18,O,,O,,,,,,,,,,,,,
732,,egypt_1(africa),cal/val,2026-06-14T09:36:19.221(1781429779221),-2,9.8488,0,desc(↓),27.41,26.38,27.5593,25.5594,80.4,Clear(0.0),-,OK(37),"2,4,8,8,16,16,16,4",2026-06-17,O,,O,,,,,,,,,,,,,
731,,tehran(iran),issue,2026-06-14T08:00:01.572(1781424001572),-2,2.5523,0,desc(↓),35.7176,51.3305,35.7555,51.1032,75.44,Clear(0.0),waterbody,OK(37),"2,4,8,8,16,16,16,4",2026-06-14,O,,O,,,,,,,,,,,,,
730,2026-06-10,Sierra_Gorda(Chile),SatRev,2026-06-12T15:27:54.081(1781278074081),-2,-0.2218,0,desc(↓),-22.8926,-69.3613,-22.9001,-69.3465,40.94,Clear(1.6),-,OK(30),"2,4,8,8,16,16,16,4",2026-06-13,O,,O,,,,,,,,,,,,,
720,,hormuz(iran),issue,2026-06-12T07:24:30.330(1781249070330),-2,-14.983,0,desc(↓),25.7805,56.9144,25.5601,58.166,78.86,Clear(0.0),waterbody,OK(30),"2,4,8,8,16,16,16,4",2026-06-13,O,,O,,,,,,,,,,,,,
728,,Bushehr_Nuclear_Power_plant(Iran),issue,2026-06-11T07:51:38.270(1781164298270),-2,-11.6202,0,desc(↓),28.8294,50.8872,28.6566,51.878,78.51,Clear(0.0),waterbody,OK(27),"2,4,8,8,16,16,16,4",2026-06-16,O,,O,,,,,,,,,,,,,
727,,Nampo_port(north_korea),normal,2026-06-11T03:06:33.309(1781147193309),-2,3.5578,0,desc(↓),38.7187,125.385,38.7812,125.0551,72.99,Clear(5.0),waterbody,OK(27),"2,4,8,8,16,16,16,4",2026-06-16,O,,O,,,,,,,,,,,,,
726,2026-06-08,rogers_dry_lake(usa),cal/val,2026-06-10T19:16:50.318(1781119010318),-2,4.7209,0,desc(↓),34.96,-117.86,35.0379,-118.2795,75.98,Clear(0.3),waterbody,OK(27),"2,4,8,8,16,16,16,4",2026-06-15,O,,O,,,,,,,,,,,,,
725,,baish(mangrove),normal,2026-06-10T08:22:32.176(1781079752176),-2,-0.9258,0,desc(↓),17.3233,42.3294,17.3156,42.4033,77.49,Clear(0.0),waterbody,OK(27),"2,4,8,8,16,16,16,4",,,,,,,,,,,,,,,,,
724,,Etna_mountain(Italy),SatRev,2026-06-09T10:19:17.343(1781000357343),-2,-16.5861,0,desc(↓),37.7475,15.0007,37.4895,16.5821,72.91,Clear(1.1),waterbody,OK(43),"2,4,8,8,16,16,16,4",2026-06-11,O,,O,,,,,,,,,,,,,
723,,Ras_Al_Hadd(Oman),SatRev,2026-06-09T07:14:57.985(1780989297985),-2,-3.0809,0,desc(↓),22.5201,59.7927,22.469,60.0383,79.62,Clear(5.0),waterbody,OK(43),"2,4,8,8,16,16,16,4",2026-06-10,O,,O,,,,,,,,,,,,,
722,2026-06-05,Yemen_border(Oman),SatRev,2026-06-08T07:44:05.588(1780904645588),-2,6.3686,0,desc(↓),17.814,52.5659,17.9076,52.0751,78.4,Clear(0.0),waterbody,OK(22),"2,4,8,8,16,16,16,4",2026-06-09,O,,O,,,,,,,,,,,,,
721,,pyongyang(north_korea),normal,2026-06-08T02:56:11.062(1780887371062),-2,-18.7372,0,desc(↓),39.0439,125.7581,38.7461,127.6065,71.72,Clear(0.0),waterbody,OK(22),"2,4,8,8,16,16,16,4",2026-06-13,O,,O,,,,,,,,,,,,,
720,,libya_4(africa),cal/val,2026-06-07T09:43:20.241(1780825400241),-2,-5.7737,0,desc(↓),28.55,23.39,28.4657,23.8772,78.94,Clear(0.0),-,OK(27),"2,4,8,8,16,16,16,4",2026-06-13,O,,O,,,,,,,,,,,,,
719,,Ali_Al_Salem_Air_Base(Kuwait),issue,2026-06-07T08:08:57.954(1780819737954),-2,-1.0823,0,desc(↓),29.3477,47.5214,29.3369,47.6165,78.92,Clear(0.0),waterbody,OK(27),"2,4,8,8,16,16,16,4",2026-06-07,O,,O,,,,,,,,,,,,,
718,,Dark_Sea_Near_UAE,normal,2026-06-06T19:03:17.034(1780772597034),-2,15.148,0,asc(↑),25.5303,55.0379,25.7648,56.2958,-38.43,Clear(0.0),waterbody,OK(35),"2,4,8,8,16,16,16,4",2026-06-13,,,,,,,,,,,,,,,Dark sea라 아무것도 보이지 않음,
717,,mauritania_2(africa),cal/val,2026-06-06T11:47:21.713(1780746441713),-2,-5.4758,0,desc(↓),20.85,-8.78,20.7752,-8.3457,79.09,Clear(5.0),-,OK(35),"2,4,8,8,16,16,16,4",2026-06-13,O,,,,,,,,,,,,,,,
716,2026-06-03,Qeshm(Iran),issue,2026-06-05T07:31:13.977(1780644673977),-2,-8.8162,0,desc(↓),26.7782,55.847,26.6512,56.5813,79.2,Clear(0.0),waterbody,OK(27),"2,4,8,8,16,16,16,4",,,,,,,,,,,,,,,,,
715,,tinga_tingana(australia),cal/val,2026-06-05T01:29:14.043(1780622954043),-2,6.7896,0,desc(↓),-29,139.86,-28.8886,139.2763,35.81,Clear(0.0),waterbody,OK(27),"2,4,8,8,16,16,16,4",,,,,,,,,,,,,,,,,
714,,egypt_1(africa),cal/val,2026-06-04T09:32:59.606(1780565579606),-2,1.4976,0,desc(↓),27.41,26.38,27.4315,26.2585,79.73,Clear(5.0),-,OK(29),"2,4,8,8,16,16,16,4",2026-06-13,O,,O,,,,,,,,,,,,,
713,,naval_support_activity(Bahrain),issue,2026-06-04T07:59:07.165(1780559947165),-2,12.6402,0,desc(↓),26.2059,50.6089,26.3979,49.5581,80.85,Clear(0.0),waterbody,OK(29),"2,4,8,8,16,16,16,4",2026-06-06,O,,O,,,,,,,,,,,,,
712,2026-06-01,mali(africa),cal/val,2026-06-03T11:37:04.087(1780486624087),-2,14.6616,0,desc(↓),19.12,-4.85,19.3451,-6.0148,80.02,Clear(0.6),-,OK(29),"2,4,8,8,16,16,16,4",2026-06-11,O,,O,,,,,,,,,,,,,
711,,dunhuang(asia),cal/val,2026-06-03T05:14:57.232(1780463697232),-2,11.6766,0,desc(↓),40.13,94.34,40.3309,93.207,71.37,Clear(4.9),waterbody,OK(29),"2,4,8,8,16,16,16,4",2026-06-07,O,,O,,,,,,,,,,,,타겟은 잘 맞지만 태양열 발전기는 안보임.,
710,,Sierra_Gorda(Chile),SatRev,2026-06-02T15:24:16.538(1780413856538),-2,-9.7108,0,desc(↓),-22.8926,-69.3613,-23.0412,-68.5733,41.66,Clear(0.0),-,OK(22),"2,4,8,8,16,16,16,4",2026-06-03,O,,O,,,,,,,,,,,,,
709,,Duqm_Port(Oman),SatRev,2026-06-02T07:22:19.903(1780384939903),-2,0.2339,0,desc(↓),19.6664,57.7205,19.665,57.703,79.27,Clear(0.0),waterbody,OK(22),"2,4,8,8,16,16,16,4",2026-06-03,O,,O,,,,,,,,,,,,,
708,2026-05-29,isfahan_nuclear_tech_enter(iran),issue,2026-06-01T07:46:47.943(1780300007943),-2,-19.6048,0,desc(↓),32.5785,51.8258,32.2693,53.6067,75.72,Clear(1.0),-,OK(27),"2,4,8,8,16,16,16,4",2026-06-04,O,,O,,,,,,,,,,,,,
707,,Sohae_Satellite_Launching_Station(north_korea),normal,2026-06-01T03:02:27.631(1780282947631),-2,-14.333,0,desc(↓),39.6598,124.706,39.4254,126.1067,70.75,Clear(4.0),waterbody,OK(27),"2,4,8,8,16,16,16,4",2026-06-07,O,,O,,,,,,,,,,,,,
706,,namibia_desert_2(africa),cal/val,2026-05-31T10:01:45.181(1780221705181),-2,-10.1918,0,desc(↓),-17.33,12.05,-17.4852,12.8499,47.38,Clear(0.0),waterbody,OK(30),"2,4,8,8,16,16,16,4",,O,,O,,,,,,,,,,,,동쪽으로 231km 떨어진 곳에 찍힘,
705,,Ali_Al_Salem_Air_Base(Kuwait),issue,2026-05-31T08:15:14.311(1780215314311),-2,17.267,0,desc(↓),29.3477,47.5214,29.634,46.022,79.62,Clear(0.0),waterbody,OK(30),"2,4,8,8,16,16,16,4",,O,,O,,,,,,,,,,,,,
704,,golden_gate_bridge,landmark,2026-05-30T19:39:49.133(1780169989133),-2,11.4003,0,desc(↓),37.8186,-122.4787,38.0109,-123.5487,72.97,Clear(14.3),waterbody,OK(24),"2,4,8,8,16,16,16,4",,O,,O,,,,,,,,,,,,,
703,,Ras_Al_Hadd(Oman),SatRev,2026-05-30T07:10:44.333(1780125044333),-2,-14.3305,0,desc(↓),22.5201,59.7927,22.307,60.9599,78.97,Clear(0.0),waterbody,OK(24),"2,4,8,8,16,16,16,4",,O,,O,,,,,,,,,,,,,
702,2026-05-27,Strait_of_Hormuz_or_UAE_border,SatRev,2026-05-29T07:37:12.585(1780040232585),-2,18.1365,0,desc(↓),26.7477,56.6192,27.0349,55.0728,80.79,Clear(1.1),waterbody,OK(22),"2,4,8,8,16,16,16,4",,O,,O,,,,,,,,,,,,,
701,,Mapo-gu_fine_dust_Observatory(Korea),fine_dust,2026-05-29T02:52:01.916(1780023121916),-2,-14.0491,0,desc(↓),37.5556,126.9056,37.3372,128.24,72.1,Clear(0.0),-,OK(22),"2,4,8,8,16,16,16,4",,,,,,,,,,,,,,,,,
700,,la_crau(france),cal/val,2026-05-28T11:08:51.724(1779966531724),-2,-5.2796,0,desc(↓),43.5589,4.8642,43.4709,5.404,67.14,Clear(0.0),waterbody,OK(27),"2,4,8,8,16,16,16,4",,O,,O,,,,,,,,,,,,,
699,,Khark_Island(iran),issue,2026-05-28T08:04:14.181(1779955454181),-2,18.0811,0,desc(↓),29.2303,50.2976,29.5201,48.7207,79.45,Clear(0.0),waterbody,OK(27),"2,4,8,8,16,16,16,4",,O,,O,,,,,,,,,,,,,
698,2026-05-25,golden_gate_bridge,landmark,2026-05-27T19:28:53.244(1779910133244),0,-16.0253,0,desc(↓),37.8186,-122.4787,37.5694,-120.9405,71.63,Clear(10.3),waterbody,OK(27),"2,4,8,8,16,16,16,4",,,,,,,,,,,,,,,,,
697,,mauritania_2(africa),cal/val,2026-05-27T11:42:34.785(1779882154785),0,-18.2493,0,desc(↓),20.85,-8.78,20.5695,-7.2902,78.42,Clear(0.0),-,OK(27),"2,4,8,8,16,16,16,4",,O,,O,,,,,,,,,,,,,
696,,Sierra_Gorda(Chile),SatRev,2026-05-26T15:29:54.425(1779809394425),0,8.0436,0,desc(↓),-22.8926,-69.3613,-22.7672,-70.0149,43.19,Clear(0.0),-,OK(22),"2,4,8,8,16,16,16,4",2026-05-26,O,,O,,,,,,,,,,,,,
695,,Strait_of_Hormuz_or_UAE_border,SatRev,2026-05-26T07:26:10.588(1779780370588),0,-13.1106,0,desc(↓),26.7477,56.6192,26.5551,57.7209,78.44,Clear(0.0),waterbody,OK(22),"2,4,8,8,16,16,16,4",2026-05-26,O,,O,,,,,,,,,,,,*타겟 벗어남,
694,2026-05-22,Berlin(Germany),normal,2026-05-25T10:55:11.137(1779706511137),0,14.9833,0,desc(↓),52.5175,13.4019,52.8212,11.5612,58.44,Clear(1.4),waterbody,OK(13),"2,4,8,8,16,16,16,4",,,,,,,,,,,,,,,,,
693,,Khark_Island(iran),issue,2026-05-25T07:53:10.015(1779695590015),0,-12.5363,0,desc(↓),29.2303,50.2976,29.0441,51.3742,77.34,Clear(0.0),waterbody,OK(13),"2,4,8,8,16,16,16,4",2026-05-26,O,,O,,,,,,,,,,,,,
692,,rogers_dry_lake(usa),cal/val,2026-05-24T19:18:17.434(1779650297434),0,10.5279,0,desc(↓),34.96,-117.86,35.1244,-118.8126,74.46,Clear(1.0),waterbody,OK(13),"2,4,8,8,16,16,16,4",,,,,,,,,,,,,,,,,
691,,eiffel_tower(france),landmark,2026-05-24T11:23:53.170(1779621833170),0,-6.6118,0,desc(↓),48.8585,2.2944,48.7365,3.0365,61.56,Clear(0.0),waterbody,OK(13),"2,4,8,8,16,16,16,4",,O,,O,,,,,,,,,,,,,
690,,fgisjkullaaerial_test_range(europe),cal/val,2026-05-23T10:14:15.841(1779531255841),0,-4.0035,0,desc(↓),60.242,24.383,60.1487,24.971,50.37,Clear(17.3),waterbody,OK(22),"2,4,8,8,16,16,16,4",,O,,O,,,,,,,,,,,,남서쪽으로 488km떨어진 리투아니아 Telšiai 공항에 찍힘,
689,,tubarjal(saudi_arabia),normal,2026-05-23T08:48:03.368(1779526083368),0,4.6435,0,desc(↓),30.1827,38.2304,30.2523,37.8384,77.5,Clear(0.0),-,OK(22),"2,4,8,8,16,16,16,4",,O,,O,,,,,,,,,,,,,
688,2026-05-20,Yemen_border(Oman),SatRev,2026-05-22T07:44:42.961(1779435882961),0,10.573,0,desc(↓),17.814,52.5659,17.9721,51.7434,79.84,Clear(1.9),waterbody,OK(23),"2,4,8,8,16,16,16,4",2026-05-26,O,,O,,,,,,,,,,,,*타겟 벗어남,
687,,Yeongdeungpo-gu_fine_dust_Observatory(Korea),fine_dust,2026-05-22T02:57:05.338(1779418625338),0,-0.4172,0,desc(↓),37.5258,126.8961,37.5152,126.9371,71.5,Clear(9.6),-,OK(23),"2,4,8,8,16,16,16,4",2026-05-26,O,,O,,,,,,,,,,,,*타겟 벗어남,
686,,hoover_dam,landmark,2026-05-21T19:06:37.798(1779390397798),0,10.7361,0,desc(↓),36.0163,-114.7377,36.1936,-115.7194,73.06,Clear(2.7),waterbody,OK(24),"2,4,8,8,16,16,16,4",2026-05-26,O,,O,,,,,,,,,,,,*타겟 벗어남,
685,,Bab_al_Mandab_Strait,SatRev,2026-05-21T08:13:43.177(1779351223177),0,-5.0734,0,desc(↓),12.6031,43.3426,12.5234,43.7252,75.93,Clear(5.0),waterbody,OK(24),"2,4,8,8,16,16,16,4",2026-05-24,O,,O,,,,,,,,,,,,"*구름, 타겟 벗어남",
684,2026-05-18,san_mateo_bridge(san_mateo_bridge),cal/val,2026-05-20T19:33:48.843(1779305628843),-4,0.3565,0,desc(↓),37.6,-122.209,37.5988,-122.2403,71.22,Clear(15.7),waterbody,OK(22),"2,4,8,8,16,16,16,4",,,,,,,,,,,,,,,,,
683,,chesapeake_bay_bridge_and_tunnel(usa),cal/val,2026-05-20T16:25:40.279(1779294340279),-4,-7.8708,0,desc(↓),37.034,-76.079,36.9142,-75.3463,71.4,Clear(5.0),waterbody,OK(22),"2,4,8,8,16,16,16,4",,O,,O,,,,,,,,,,,,,
682,,Shahid_Bahonar_Port(Iran),issue,2026-05-19T07:30:51.174(1779175851174),-4,-4.2722,0,desc(↓),27.1457,56.208,27.0769,56.5621,78.13,Clear(0.0),waterbody,OK(30),"2,4,8,8,16,16,16,4",2025-05-25,O,,O,,,,,,,O,,,,,*구름 지상 식별 불가,
681,,tinga_tingana(australia),cal/val,2026-05-19T01:28:53.355(1779154133355),-4,7.8682,0,desc(↓),-29,139.86,-28.8757,139.181,38.57,Clear(2.0),waterbody,OK(30),"2,4,8,8,16,16,16,4",2025-05-22,O,,O,,,,,,,,,,,,"*타겟 벗어남, 지상 붉은색 이상 연기/구름 확인 필요",
680,2026-05-15,Peberholm(Denmark),normal,2026-05-18T10:59:07.983(1779101947983),-4,8.6871,0,desc(↓),55.5931,12.7642,55.7659,11.6375,53.99,Clear(14.4),waterbody,OK(30),"2,4,8,8,16,16,16,4",,,,,,,,,,,,,,,,,
679,,Khark_Island(iran),issue,2026-05-18T07:57:50.255(1779091070255),-4,1.5731,0,desc(↓),29.2303,50.2976,29.2543,50.168,77.16,Clear(0.0),waterbody,OK(30),"2,4,8,8,16,16,16,4",2026-05-18,O,,O,,,,,,,,"FEE: -4,-3,-2,-2,-2,-1,-1,-1,-1,0,0,0,0,0,0,0,0
CEM: -1,0,-1,-1,-2,-2,-1,-1,-1,-1,-1,-1,-1,-2,0,0,-1,-1,-1,-1,-1,1,-1,-1,1,0,1,0,1,-1,1,1",,,,*타겟 벗어남,
678,,Wellington(New_Zealand),normal,2026-05-17T22:51:28.004(1779058288004),-4,-12.13,0,desc(↓),-41.3229,174.8074,-41.5429,176.0381,26.02,Clear(0.0),waterbody,OK(34),"2,4,8,8,16,16,16,4",,,,,,,,,,,,,,,,,
677,,mount_fuji(japan),mountain,2026-05-17T02:07:06.341(1778983626341),-4,-2.2943,0,desc(↓),35.3622,138.733,35.332,138.9424,72.25,Clear(0.0),waterbody,OK(34),"2,4,8,8,16,16,16,4",,O,,O,,,,,,,,,,,,*타겟 벗어남,
676,2026-05-13,Duqm_Port(Oman),SatRev,2026-05-16T07:21:14.200(1778916074200),-4,-0.8971,0,desc(↓),19.6664,57.7205,19.6517,57.7918,79.58,Clear(0.4),waterbody,OK(35),"2,4,8,8,16,16,16,4",,O,,O,,,,,,,,,,,,*타겟 벗어남,
675,,kupang(indonesia),normal,2026-05-16T02:46:30.250(1778899590250),-4,14.0254,0,desc(↓),-10.1772,123.607,-9.9649,122.5299,57.72,Clear(9.7),waterbody,OK(35),"2,4,8,8,16,16,16,4",,,,,,,,,,,,,,,,,
674,,Al-Udeid_Air_Base(Qatar),issue,2026-05-15T07:47:20.820(1778831240820),-4,-9.086,0,desc(↓),25.1166,51.315,24.9867,52.0611,78.13,Clear(0.0),-,OK(39),"2,4,8,8,16,16,16,4",,,,,,,,,,,,,,,,,
673,,Mapo-gu_fine_dust_Observatory(Korea),fine_dust,2026-05-15T03:01:29.131(1778814089131),-4,11.6758,0,desc(↓),37.5556,126.9056,37.751,125.8128,70.38,Clear(0.0),-,OK(39),"2,4,8,8,16,16,16,4",2026-05-21,O,,O,,,,,,,,"FEE: -4,-3,-2,-2,-2,-2,-2,-1,-1,0,0,-1,0,0,1,1,0
CEM: -2,-1,-1,-3,-2,-2,-1,-2,-1,-1,-1,-1,-1,0,-1,1,0,0,-1,-1,1,-1,-1,-1,1,-1,0,0,1,1,1,1",,,,*타겟 벗어남,
672,2026-05-11,namibia_desert_2(africa),cal/val,2026-05-14T10:00:09.471(1778752809471),-4,-12.7891,0,desc(↓),-17.33,12.05,-17.5258,13.0615,50.31,Clear(0.0),waterbody,OK(13),"2,4,8,8,16,16,16,4",,,,,,,,,,,,,,,,,
671,,Ali_Al_Salem_Air_Base(Kuwait),issue,2026-05-14T08:13:37.735(1778746417735),-4,14.9537,0,desc(↓),29.3477,47.5214,29.5931,46.2354,77,Clear(0.0),waterbody,OK(13),"2,4,8,8,16,16,16,4",,,,,,,,,,,,,,,,,
670,,libya_1(africa),cal/val,2026-05-13T10:16:42.655(1778667402655),-4,-14.8264,0,desc(↓),24.42,13.35,24.1979,14.5765,77.72,Clear(1.3),-,OK(24),"2,4,8,8,16,16,16,4",2026-05-17,O,,O,,,,,,,,"FEE: -4,-4,-4,-3,-3,-2,-3,-3,-3,-2,-2,-1,0,-1,0,0,-1,-1
CEM: -2,-2,-3,-4,-2,-2,-2,-1,-3,-1,-2,-4,-1,-2,-1,-3,-1,-3,-3,-1,-1,-1,-3,1,-2,0,0,0,0,-1,-3,-1,-1",,,,,
689,,Jeddah(Saudi_Arabia),normal,2026-05-13T08:43:09.879(1778661789879),-4,18.9759,0,desc(↓),21.5309,39.1582,21.8338,37.6014,80.89,Clear(0.0),waterbody,OK(24),"2,4,8,8,16,16,16,4",2026-05-19,O,,O,,,,,,,,"FEE: -3,-3,-2,-2,-1,-1,-1,-1,-1,-1,0,0,0,0,0,0,1
CEM: 1,-1,-2,-2,-2,-2,-2,0,-2,-1,0,-1,-1,-1,0,0,-1,-1,0,-1,-1,1,0,0,1,1,-1,1,1,1,1,3",,,,*타겟 벗어남,
688,,lahaina(usa_hawaii),normal,2026-05-12T21:44:11.151(1778622251151),-4,13.5981,0,desc(↓),20.8845,-156.6818,21.0976,-157.7685,80.51,Clear(0.7),waterbody,OK(13),"2,4,8,8,16,16,16,4",2026-05-20,O,,O,,,,,,,,"FEE: -4,-4,-4,-4,-3,-3,-4,-3,-2,-2,-2,-2,-2,-2,-1,-1,-1
CEM: -4,-4,-2,-4,-4,-2,-4,-3,-3,-1,-3,-3,-1,-2,-1,-3,-4,-2,-1,-1,-1,-1,-3,-3,-2,-1,-1,-1,-1,-1,-2,0",,,,*타겟 벗어남,
687,,white_sands(usa),cal/val,2026-05-12T18:32:40.025(1778610760025),-4,17.1609,0,desc(↓),32.92,-106.35,33.201,-107.8985,73.98,Clear(3.0),waterbody,OK(13),"2,4,8,8,16,16,16,4",2026-05-19,O,,O,,,,,,,,"FEE: -1,-1,0,0,0,1,0,0,0,1,1,1,1,1,1,2,2
CEM: 0,1,0,1,1,1,1,0,1,2,1,1,1,1,1,1,2,2,1,1,1,2,2,2,2,2,3,1,3,2,3,2",,,,,
686,2026-05-08,Kyiv(ukraine),SatRev,2026-05-11T09:30:35.034(1778491835034),-4,-12.7763,0,desc(↓),50.58,30.22,50.3571,31.7261,56.98,Partially cloudy(46.2),-,OK(13),"2,4,8,8,16,16,16,4",2026-05-19,O,,O,,,,,,,,"FEE: -6,-5,-5,-4,-4,-4,-4,-4,-3,-3,-3,-3,-3,-2,-2,-2,-2
CEM: -6,-5,-3,-1,-4,-2,-4,-1,-4,-3,-1,-3,-3,-3,-4,-2,-4,-4,-3,-4,-2,-1,-2,-2,-3,-4,-4,-2,-3,-1,-3,-2",,,,*타겟 벗어남,
685,,Khark_Island(iran),issue,2026-05-11T08:01:56.799(1778486516799),-4,13.9726,0,desc(↓),29.2303,50.2976,29.4598,49.1016,76.38,Clear(0.0),waterbody,OK(13),"2,4,8,8,16,16,16,4",2026-05-11,O,,O,,,,,,,,"FEE: -4,-4,-3,-4,-3,-3,-4,-3,-2,0,0,-1,-2,-2,-1,0,-1
CEM: -3,-2,-4,-1,-3,-2,-1,-4,-2,-2,-2,-2,-2,-3,-2,-2,-1,-2,-1,-2,-1,-1,-3,0,1,-1,-1,-1,-2,-1,-1,-1",,,,"* 이란 육지쪽 촬영된거 같음(위경도 30.166894, 50.487203 촬영됨)",
684,,"------------- MAINTENANCE mission inserted : mission start time - 2026-05-11T07:10:00.000, maintenance - bluebon-calibration-tm-------------",,,,,,,,,,,,,,,,,,,,,,,,,,,,,,,,
683,,Benazir_Bhutto_International_Airport(pakistan),airport,2026-05-11T06:26:44.009(1778480804009),-4,-8.7308,0,desc(↓),33.5554,72.8323,33.4261,73.6106,72.15,Clear(0.0),-,OK(13),"0,4,8,8,0,0,0,0",,,,,,,,,,,,,,,,,
682,,lake_tahoe(usa),cal/val,2026-05-10T19:26:04.634(1778441164634),-4,1.2335,0,desc(↓),39,-120,39.0179,-120.1133,67.78,Clear(18.3),waterbody,OK(20),"2,4,8,8,16,16,16,4",,,,,,,,,,,,,,,,*타겟의 북쪽이 촬영됨,
681,,Tokyo(Japan),normal,2026-05-10T02:11:01.255(1778379061255),-4,18.4661,0,desc(↓),35.6586,139.7454,35.9756,138.0159,71.01,Clear(0.0),waterbody,OK(20),"2,4,8,8,16,16,16,4",,,,,,,,,,,,,,,,,
680,,Sierra_Gorda(Chile),SatRev,2026-05-09T15:27:16.811(1778340436811),-4,2.3375,0,desc(↓),-22.8926,-69.3613,-22.8601,-69.5522,46.48,Clear(0.7),-,OK(24),"2,4,8,8,16,16,16,4",,,,,,,,,,,,,,,,,
679,2026-05-06,haifa(israel),issue,2026-05-09T08:56:01.404(1778316961404),-4,-12.3241,0,desc(↓),32.8112,35.0233,32.618,36.1193,72.12,Clear(0.0),waterbody,OK(24),"2,4,8,8,16,16,16,4",2026-05-17,O,,O,,,,,,,,"FEE: -5,-4,-3,-3,-3,-3,-2,-3,-2,-2,-2,-2,-2,-1,-1,1,1,-1
CEM: -4,-3,-3,-2,-2,-3,-3,-1,-1,-3,-2,-2,-2,-2,-2,-3,-2,-3,-3,-2,-2,-1,-2,-2,-1,-1,-1,-1,-1,0,0,-1,-1",,,,*타겟 벗어남,
678,,Strait_of_Hormuz_or_UAE_border,SatRev,2026-05-09T07:23:28.466(1778311408466),-4,-18.4971,0,desc(↓),26.7477,56.6192,26.462,58.2008,75.76,Clear(0.0),waterbody,OK(24),"2,4,8,8,16,16,16,4",2026-05-17,O,,O,,,,,,,,"FEE: -3,-2,-2,-2,-1,-1,-1,-1,-1,0,0,0,0,0,0,0,0,1
CEM: -1,-1,0,-1,-1,-1,-1,1,-1,-1,-1,0,-2,1,-1,-1,0,-1,-1,0,0,-1,0,1,-1,1,1,1,1,1,2,1,1",,,,*타겟 벗어남,
677,,Copenhagen(Denmark),normal,2026-05-08T10:51:33.201(1778237493201),-4,-5.7322,0,desc(↓),55.6794,12.5947,55.5627,13.3421,51.38,Clear(3.9),waterbody,OK(33),"2,4,8,8,16,16,16,4",2026-05-16,O,,O,,,,,,,,"FEE: -4,-3,-3,-3,-3,-2,-2,-2,-2,-1,-1,-1,-1,-1,0,1,0
CEM: -3,-1,-1,-1,-2,-1,-1,-2,-1,-4,0,-2,-1,-2,-2,-2,-2,-1,-1,0,-1,-1,-1,-1,-2,-1,1,1,-1,-1,1,-1",,,,*타겟 벗어남,
676,,Al-Udeid_Air_Base(Qatar),issue,2026-05-08T07:51:15.946(1778226675946),-4,3.4641,0,desc(↓),25.1166,51.315,25.1664,51.0361,77.75,Clear(0.0),-,OK(33),"2,4,8,8,16,16,16,4",2026-05-15,O,,O,,,,,,,,"FEE: -4,-3,-3,-3,-2,-2,-3,-2,-2,-2,-1,-1,0,0,1,1,0
CEM: -4,-2,-4,-2,-3,-4,-2,-2,-3,-1,-3,-2,-3,-1,-2,-2,-2,-2,-1,-1,-1,-1,-1,-1,-1,0,-1,1,1,0,0,1",,,,*타겟 벗어남,
675,,Nampo_port(north_korea),normal,2026-05-08T03:05:10.090(1778209510090),-4,3.7537,0,desc(↓),38.7187,125.385,38.7748,125.034,67.4,Clear(0.0),waterbody,OK(33),"2,4,8,8,16,16,16,4",2026-05-17,O,,O,,,,,,,,"FEE: -3,-2,-1,-1,-1,-1,-1,0,-1,0,0,0,0,0,0,0,1
CEM: -1,1,-1,-1,-1,-1,-1,0,1,-1,0,0,1,-1,-2,-1,-1,-1,1,0,1,0,1,0,1,1,1,-1,1,1,1,1",,,,*타겟 벗어남,
674,,rogers_dry_lake(usa),cal/val,2026-05-07T19:15:18.072(1778181318072),-4,4.5318,0,desc(↓),34.96,-117.86,35.0362,-118.2619,70.61,Clear(0.7),waterbody,OK(29),"2,4,8,8,16,16,16,4",,,,,,,,,,,,,,,,,
673,2026-05-04,dunhuang(asia),cal/val,2026-05-07T05:06:26.473(1778130386473),-4,-6.5806,0,desc(↓),40.13,94.34,40.0254,94.9783,65.63,Clear(0.0),waterbody,OK(17),"2,4,8,8,16,16,16,4",2026-05-16,O,,O,,,,,,,,"FEE: -4,-3,-3,-3,-2,-2,-2,-2,-2,-1,-1,-1,0,0,0,0,0,0
CEM: -2,-2,-1,-4,-2,-1,-2,-2,-1,-1,-3,-1,-1,-1,-1,-2,-1,-1,-3,-2,-2,-1,-1,-1,0,-1,-1,1,0,-1,0,0,0",,,,* 위치 못찾겠음,
672,,barreal_blanco(south_america),cal/val,2026-05-06T15:17:49.051(1778080669051),-4,-8.2008,0,desc(↓),-31.86,-69.45,-31.9866,-68.7235,38.13,Clear(0.0),-,OK(17),"2,4,8,8,16,16,16,4",,,,,,,,,,,,,,,,,
671,,Ras_Al_Hadd(Oman),SatRev,2026-05-06T07:12:40.001(1778051560001),-4,-5.6333,0,desc(↓),22.5201,59.7927,22.4336,60.2426,77.91,Clear(0.0),waterbody,OK(17),"2,4,8,8,16,16,16,4",2026-05-14,O,,O,,,,,,,,"FEE: -3,-3,-2,-2,-1,-1,-2,-1,-1,-1,0,0,0,2,2,0,0
CEM: -2,-1,0,0,-1,-1,-3,-1,-1,-1,0,1,-1,0,-1,0,-1,-1,-1,-1,-1,-1,-1,0,1,1,-1,0,1,3,1,1",,,,*타겟 벗어남,
670,,belmopan(belize),normal,2026-05-05T17:06:27.686(1778000787686),-4,2.5906,0,desc(↓),17.2514,-88.7669,17.2854,-88.9651,79.16,Clear(1.3),waterbody,OK(17),"2,4,8,8,16,16,16,4",2026-05-13,O,,O,,,,,,,,"FEE: -4,-4,-3,-3,-2,-2,-2,-2,-2,-1,-1,-1,-1,-1,-1,0,0
CEM: -1,-2,-2,-2,-2,-4,-2,-2,-1,-1,0,-2,-1,-2,-3,-2,-1,-2,-1,-1,-1,-2,-3,-1,0,1,-1,-1,-1,-1,1,1",,,,*타겟 벗어남,
669,,Brasília(Brazil),normal,2026-05-05T14:06:45.531(1777990005531),-4,6.9233,0,desc(↓),-15.7927,-47.8869,-15.6852,-48.4218,54.46,Clear(0.0),waterbody,OK(17),"2,4,8,8,16,16,16,4",2026-05-09,O,,O,,,,,,,,"FEE: -1,0,0,1,2,2,2,1,1,1,1,2,2,2,2,2,3,3
CEM: 2,1,1,1,2,1,2,1,1,3,0,2,1,1,2,2,1,2,1,3,2,1,3,2,3,3,3,2,5,3,2,3,3",,,,* 타겟의 북쪽이 촬영됨,
668,2026-05-01,Ali_Al_Salem_Air_Base(Kuwait),issue,2026-05-04T08:05:40.663(1777881940663),-4,-6.3607,0,desc(↓),29.3477,47.5214,29.252,48.0616,73.67,Clear(0.0),waterbody,OK(30),"2,4,8,8,16,16,16,4",,,,,,,,,,,,,,,,,
667,,thar_desert(asia),cal/val,2026-05-04T06:31:54.071(1777876314071),-4,7.3274,0,desc(↓),27.63,71.86,27.7367,71.2511,75.5,Clear(0.0),waterbody,OK(30),"2,4,8,8,16,16,16,4",2026-05-09,O,,O,,,,,,,,"FEE: -5,-4,-4,-4,-4,-3,-3,-3,-3,-3,-3,-3,-2,-1,0,-1,-1
CEM: -4,-4,-2,-4,-2,-5,-4,-2,-6,-3,-2,-2,-3,-3,-2,-3,-1,-1,-3,-1,-1,-1,-3,-1,-2,-1,-3,-1,-1,-2,-1,0",,,,,
666,,Sutong_Yangtze_River_Bri,normal,2026-05-04T03:22:24.404(1777864944404),-4,18.2155,0,desc(↓),31.7816,121.0038,32.0812,119.3728,72.73,Partially cloudy(37.0),waterbody,OK(30),"2,4,8,8,16,16,16,4",2026-05-09,O,,O,,,,,,,,"FEE: -4,-3,-3,-2,-2,-1,-2,-1,-1,-1,-1,-1,0,0,0,0,0,0
CEM: -1,-1,-2,-1,-1,-2,-2,-1,-1,-1,-2,-1,-1,-1,0,-1,-2,-2,-1,-1,-2,-1,-1,-1,-1,-1,-1,-1,0,-1,0,-1,1",,,,"*타겟이 구름자에 가림, 포인팅은 잘됨",
665,,mauritania_1(africa),cal/val,2026-05-03T11:44:02.480(1777808642480),-4,-14.8867,0,desc(↓),19.4,-9.3,19.177,-8.1115,77.56,Clear(0.0),-,OK(27),"2,4,8,8,16,16,16,4",2026-05-09,O,,O,,,,,,,,"FEE: -4,-4,-3,-2,-3,-2,-2,-2,-1,-1,-1,-1,-1,-1,-1,-1,0,0
CEM: -3,-2,-2,-3,-3,-1,-2,-2,-2,-1,-3,-1,-1,-1,-2,-2,-1,-1,-2,-2,-1,-1,-1,-2,-2,-1,-1,-1,0,0,-1,-1,-1",,,,,
664,,Hortobágy_National_Park(hungary),normal,2026-05-03T10:02:26.140(1777802546140),-4,-14.9582,0,desc(↓),47.6,21.1,47.3389,22.771,57.54,Clear(0.0),waterbody,OK(27),"2,4,8,8,16,16,16,4",2026-05-10,O,,O,,,,,,,,"FEE: -2,-1,0,0,1,1,0,1,1,1,2,1,1,1,1,1,2
CEM: -1,-2,1,1,1,0,0,1,1,0,0,-1,0,0,-1,-1,0,1,1,1,0,1,1,0,3,3,2,3,2,3,1,3",,,,,
663,,cancún(mexico),normal,2026-05-02T16:53:29.293(1777740809293),-4,-19.2991,0,desc(↓),21.1157,-86.8265,20.8299,-85.2392,76.75,Clear(0.0),waterbody,OK(22),"2,4,8,8,16,16,16,4",2026-05-10,O,,O,,,,,,,,"FEE: 0,1,2,2,3,3,3,3,3,3,2,3,4,4,4,4,4
CEM: 3,2,3,1,2,3,2,3,1,1,4,2,2,2,2,3,3,2,3,3,1,2,4,3,3,3,3,3,3,4,3,3",,,,* 타겟의 북쪽이 촬영됨,
662,2026-04-29,Beirut(Lebanon),issue,2026-05-02T08:59:10.322(1777712350322),-4,0.0876,0,desc(↓),33.8891,35.5011,33.8837,35.4948,69.86,Partially cloudy(37.8),waterbody,OK(27),"2,4,8,8,16,16,16,4",2026-05-08,O,,O,,,,,,,,"FEE: -5,-4,-3,-3,-3,-2,-3,-2,-3,-2,-1,-1,-1,-1,-2,-1,-1
CEM: -3,-4,-2,-1,-1,-3,-3,-2,-1,-1,-2,-4,-2,-2,-1,-3,-3,-2,-4,-1,-1,-1,-2,-2,-1,-1,0,-1,-1,-1,1,-1",,,,"*타겟이 구름자에 가림, 포인팅은 잘됨",
661,,Khasab_Power_Plant(Oman),SatRev,2026-05-02T07:27:05.389(1777706825389),-4,-10.9244,0,desc(↓),26.0885,56.2324,25.9246,57.1386,75.05,Clear(0.0),-,OK(27),"2,4,8,8,16,16,16,4",2026-05-08,O,,O,,,,,,,,"FEE: -3,-2,-2,-1,-1,-1,0,-1,0,0,0,0,0,0,1,1,1,1
CEM: 0,-2,-1,0,1,-1,-1,-1,-1,-1,-1,0,1,-1,1,-1,0,-1,-1,-1,0,0,1,-1,1,1,0,1,1,2,1,1,1",,,,,
660,,Top_Of_The_World(USA),SatRev,2026-05-01T18:51:37.087(1777661497087),-4,18.5472,0,desc(↓),33.3861,-110.9702,33.7039,-112.6565,70.7,Clear(10.0),waterbody,OK(24),"2,4,8,8,16,16,16,4",2026-05-07,O,,O,,,,,,,,"FEE: -2,-1,0,0,0,0,1,1,0,0,1,1,1,1,1,2,2
CEM: 1,-1,0,1,0,-1,-1,1,1,1,-1,0,1,-1,0,0,1,1,1,1,1,1,1,1,3,1,1,3,1,2,3,1",,,,* Blue 값이 0으로 나와서 rgb 합성 실패,
659,,Bushehr_Nuclear_Power_plant(Iran),issue,2026-05-01T07:53:39.451(1777622019451),-4,-0.861,0,desc(↓),28.8294,50.8872,28.8114,50.9607,73.49,Clear(0.0),waterbody,OK(24),"2,4,8,8,16,16,16,4",2026-05-06,O,,O,O,,,,,,,"FEE: -4,-2,-1,-1,-1,-1,0,-1,-1,0,0,1,1,0,0,0,0,0
CEM: 0,-2,-1,-1,0,0,-1,0,1,-1,0,-1,-2,0,-1,1,1,1,-1,-2,1,-1,-1,1,-1,2,1,2,1,1,1,1,2",,,,,
658,,rogers_dry_lake(usa),cal/val,2026-04-30T19:18:32.752(1777576712752),-4,13.7625,0,desc(↓),34.96,-117.86,35.1867,-119.1156,68.89,Clear(3.3),waterbody,OK(29),"2,4,8,8,16,16,16,4",2026-05-05,O,,O,O,,,,,,,"FEE: 2,2,3,4,4,4,3,3,4,4,4,4,5,5,5,5,5
CEM: 3,3,3,4,3,3,3,4,3,4,5,4,3,5,4,4,4,3,6,5,5,5,3,4,6,6,5,5,6,5,7,6",,,,,
657,2026-04-27,eiffel_tower(france),landmark,2026-04-30T11:23:59.803(1777548239803),-4,-4.2308,0,desc(↓),48.8585,2.2944,48.7795,2.7697,55.64,Clear(0.0),waterbody,OK(29),"2,4,8,8,16,16,16,4",2026-05-17,O,,O,,,,,,,,"FEE: -3,-2,-1,-1,-1,0,-1,-1,-1,0,0,0,0,0,0,0,2
CEM: 0,-1,-1,0,0,0,1,-2,-1,0,1,-1,0,0,1,1,1,0,1,0,0,1,1,0,1,2,1,2,1,3,1,0",,,,,
656,,baish(mangrove),normal,2026-04-30T08:23:54.341(1777537434341),-4,8.8845,0,desc(↓),17.3233,42.3294,17.4556,41.6424,79.16,Clear(3.2),waterbody,OK(29),"2,4,8,8,16,16,16,4",2026-05-04,O,,O,O,,,,,,,"FEE: -3,-2,-2,-1,-1,-1,-1,-1,0,0,0,0,0,0,0,0,0
CEM: -1,-1,-1,-1,-1,-1,-1,-1,-1,-1,0,0,-1,-1,1,0,0,0,-1,-1,1,1,-1,1,0,1,1,0,1,1,1,0",,,,,
655,,Duqm_Port(Oman),SatRev,2026-04-29T07:16:31.009(1777446991009),-4,-13.177,0,desc(↓),19.6664,57.7205,19.4699,58.7686,77.01,Clear(0.0),waterbody,OK(24),"2,4,8,8,16,16,16,4",2026-05-04,O,,O,O,,,,,,,"FEE: -5,-4,-4,-4,-4,-4,-3,-3,-3,-3,-3,-3,-2,-2,-2,-2,-1
CEM: -3,-3,-4,-2,-2,-3,-4,-2,-3,-5,-3,-3,-3,-4,-4,-4,-3,-2,-4,-3,-4,-4,-1,-1,-2,-1,-1,-2,-1,-1,-1,0",,,,,
654,,15_Chong_Chom,thailand,2026-04-29T04:09:31.923(1777435771923),-4,-13.8733,0,desc(↓),14.4364,103.6992,14.2297,104.7736,77.18,Clear(2.2),-,OK(24),"2,4,8,8,16,16,16,4",2026-05-11,O,,O,,,,,,,,"FEE: -5,-4,-4,-3,-3,-2,-2,-1,-1,-1,-2,-1,0,-1,0,0,-1
CEM: -3,-3,-3,-4,-4,-4,-3,-3,-3,-3,-2,-1,-4,-1,-2,-3,-1,-1,-3,-1,-3,-1,0,-2,-3,-2,-3,-1,-4,-4,-1,-1",,,,,
653,,Top_Of_The_World(USA),SatRev,2026-04-28T18:39:28.250(1777401568250),-4,-13.6063,0,desc(↓),33.3861,-110.9702,33.1831,-109.7476,68.72,Clear(11.0),waterbody,OK(17),"2,4,8,8,16,16,16,4",2026-05-03,O,,O,O,,,,,,,"FEE: -4,-3,-2,-2,-2,-1,-2,0,0,-1,-1,1,1,0,0,0,0
CEM: -1,-1,-1,-1,-1,-1,-2,-3,-1,-1,-3,-2,-1,1,-1,-2,-1,-1,-1,-1,-1,1,0,1,-1,-1,2,0,2,0,1,2",,,,,
652,,las_coloradas(mexico),normal,2026-04-28T17:08:17.535(1777396097535),-4,10.6744,0,desc(↓),21.6063,-87.9913,21.7716,-88.8414,77.82,Clear(0.0),waterbody,OK(17),"2,4,8,8,16,16,16,4",2026-05-02,O,,O,O,,,,,,,"FEE: -1,-1,-1,0,1,1,1,0,0,0,1,1,2,2,1,2,3,4
CEM: -1,1,2,1,1,0,1,1,0,1,1,1,3,1,1,1,1,1,2,1,1,1,1,3,2,3,1,3,2,3,3,3,3",,,,,
651,2026-04-24,libya_3(africa),cal/val,2026-04-27T09:44:18.677(1777283058677),-4,9.0963,0.2085,desc(↓),23.15,23.1,23.2943,22.3708,76.62,Clear(0.0),-,OK(24),"2,4,8,8,16,16,16,4",2026-04-30,O,,O,O,,,,,,,"FEE: -5,-4,-4,-3,-2,-3,-3,-2,-2,-2,0,0,-2,-1,-1,0,-1
CEM: -2,-3,-2,-2,-2,-2,-3,-3,-1,-3,-1,-2,-1,-4,-2,0,-1,-4,-1,-1,-1,1,-2,1,-1,-2,-1,-1,-1,0,0,-1",,,,,
650,,Ahmad_al_Jaber_Air_Base(,issue,2026-04-27T08:08:36.872(1777277316872),-4,6.8672,0.178,desc(↓),28.9366,47.795,29.0447,47.2194,72.58,Clear(0.0),waterbody,OK(24),"2,4,8,8,16,16,16,4",2026-05-01,O,,O,O,,,,,,,"FEE: -3,-2,-2,-1,-1,-1,-1,-1,0,0,0,0,0,0,0,0,1
CEM: -1,-1,-1,-1,0,-1,-1,-1,-1,1,-1,-1,0,-1,0,0,1,1,2,-1,1,1,1,1,1,1,1,1,1,1,1,3",,,,,
649,,"------------- MAINTENANCE mission inserted : mission start time - 2026-04-26T14:00:00.000, maintenance - bluebon-calibration-tm-------------",,,,,,,,,,,,,,,,,,,,,,,,,,,,,,,,
648,,Alföld(hungary),normal,2026-04-26T10:05:22.348(1777197922348),-4,-15.0974,0.133,desc(↓),46.9,20.1,46.639,21.7677,56.02,Clear(0.0),waterbody,OK(37),"0,4,8,8,0,0,0,0",2026-04-29,O,,O,,,,,,,O,"FEE: 6,6,7,7,7,8,8,7,7,7,8,8,8,8,8,8,9
CEM: 7,6,9,7,8,9,8,8,6,9,9,8,8,7,9,8,7,8,7,8,8,8,8,10,9,9,10,8,10",,,,* 낮 촬영이라 까맣게 나오면 안되는데 RGB 전부 검은색으로 나옴,
647,,mt_everest(nepal),mountain,2026-04-26T05:27:45.586(1777181265586),-4,-3.7712,0.1396,desc(↓),27.9881,86.9255,27.9315,87.2355,72.5,Clear(4.8),waterbody,OK(37),"2,4,8,8,16,16,16,4",,,,,,,,,,,,,,,,,
646,,tiksi_airport(russia),airport,2026-04-26T03:41:56.159(1777174916159),-4,-14.3064,0.0597,desc(↓),71.7,128.9,71.2586,132.1353,31.72,Clear(6.9),waterbody,OK(37),"2,4,8,8,16,16,16,4",,,,,,,,,,,,,,,,,
645,,pueblo_range(usa),cal/val,2026-04-25T18:25:41.851(1777141541851),-4,7.4418,0.1998,desc(↓),38.283,-104.607,38.4071,-105.3032,64.18,Clear(20.0),waterbody,OK(27),"2,4,8,8,16,16,16,4",,,,,,,,,,,,,,,,,
644,2026-04-22,Strait_of_Hormuz_or_UAE_border,SatRev,2026-04-25T07:29:27.499(1777102167499),-4,0.1712,0,desc(↓),26.7477,56.6192,26.7509,56.6077,73.29,Overcast(100.0),waterbody,OK(22),"2,4,8,8,16,16,16,4",2026-04-28,O,,O,,,,,,,O,"FEE: -5,-4,-4,-4,-3,-3,-3,-4,-2,-2,-3,-2,-2,-2,-1,-1,-1,-1
CEM: -4,-5,-2,-4,-4,-2,-3,-3,-3,-3,-2,-3,-3,-2,-3,-3,-3,-3,-4,-2,-2,-4,-2,-2,-1,-1,0,-1,-3,-1,-2,-1,-1",,,,* 구름이 많아서 포인팅 성공 여부 확인 불가,
643,,Takhli_Airport(thailand),airport,2026-04-25T04:24:08.589(1777091048589),-4,-11.6887,0,desc(↓),15.277,100.296,15.1095,101.2014,77.09,Clear(15.8),waterbody,OK(22),"2,4,8,8,16,16,16,4",,,,,,,,,,,,,,,,,
642,,Dark_Sea(near_Auckland),normal,2026-04-24T11:49:23.551(1777031363551),-4,5.4422,0,asc(↑),-37.4416,173.0191,-37.3475,173.5393,-64.19,Clear(8.5),waterbody,OK(22),"2,4,8,8,16,16,16,4",2026-04-29,O,,O,,,,,,,,"FEE: -2,-1,-1,0,0,0,1,0,0,0,0,1,1,1,1,1,1,1
CEM: -1,1,1,1,-1,1,-1,1,-1,0,1,0,-1,0,1,0,0,1,-1,0,1,1,2,3,0,1,1,1,1,3,3,1,1",,,,,
641,,fordow_fuel_enrichment_plant(iran),issue,2026-04-24T07:54:33.245(1777017273245),-4,-8.1338,0,desc(↓),34.8844,50.9979,34.759,51.7333,66.27,Partially cloudy(83.8),-,OK(22),"2,4,8,8,16,16,16,4",2026-04-26,O,,O,O,,,,,,,"FEE: -4,-3,-3,-2,-2,-2,-2,-2,-1,-1,-1,-1,-1,0,0,0,0
CEM: -3,-1,-2,-1,-2,-1,-1,-1,-2,-2,-2,-3,-1,-2,-1,-1,-1,-1,-2,-1,-1,-1,-1,-1,1,-2,0,-1,-1,1,0,1",,,,,
640,,Nampo_port(north_korea),normal,2026-04-24T03:10:51.571(1777000251571),-4,18.9661,0,desc(↓),38.7187,125.385,39.0526,123.5274,63.5,Clear(5.0),waterbody,OK(22),"2,4,8,8,16,16,16,4",2026-04-25,O,,O,O,,,,,,,"FEE: -4,-3,-3,-2,-1,-2,-1,-2,-1,-1,-1,-1,0,2,2,0,0,0
CEM: -1,-1,-1,-3,-1,-1,0,-1,-1,0,-2,0,-1,-2,-1,-1,-1,-2,-2,-1,0,1,-1,0,0,0,-1,-1,1,1,0,1,0",,,,,
639,,lake_tahoe(usa),cal/val,2026-04-23T19:19:59.374(1776971999374),-4,-12.3178,0,desc(↓),39,-120,38.8055,-118.8114,62.4,Clear(9.0),waterbody,OK(22),"2,4,8,8,16,16,16,4",2026-04-29,O,,O,O,,,,,,,"FEE: 1,2,2,3,3,4,2,3,3,4,4,4,4,5,5,5,5
CEM: 3,4,4,3,3,3,4,5,4,3,3,3,3,3,3,3,3,5,3,3,4,3,5,5,4,7,4,5,6,4,7,4",,,,,
638,2026-04-20,baish(mangrove),normal,2026-04-23T08:26:14.757(1776932774757),-4,16.7129,0,desc(↓),17.3233,42.3294,17.5843,41.0048,78.66,Clear(0.0),waterbody,OK(13),"2,4,8,8,16,16,16,4",2026-04-29,O,,O,O,,,,,,,"FEE: -5,-4,-4,-4,-3,-2,-3,-2,-1,-2,-2,-2,-1,-2,-2,-1,0
CEM: -4,-3,-4,-1,-3,-3,-3,-4,-3,-3,-3,0,-1,-3,-3,-3,-2,-2,-3,-4,-2,-1,-1,-2,-1,-2,-2,-2,0,-1,-1,-1",,,,,
637,,dunhuang(asia),cal/val,2026-04-23T05:11:53.879(1776921113879),-4,8.4471,0,desc(↓),40.13,94.34,40.2721,93.526,61.68,Clear(5.3),waterbody,OK(13),"2,4,8,8,16,16,16,4",2026-04-27,O,,O,O,,,,,,,"FEE: -4,-3,-3,-2,-2,-2,-2,-2,-2,-1,0,0,0,0,0,2,2
CEM: -1,-1,-3,-1,-1,-3,-1,-1,-1,-1,-2,-1,-1,-2,-1,-1,-2,-1,-1,-1,-2,1,-2,0,-1,0,1,0,0,1,1,1",,,,,
636,,Sierra_Gorda(Chile),SatRev,2026-04-22T15:20:51.816(1776871251816),-4,-14.5587,0,desc(↓),-22.8926,-69.3613,-23.1262,-68.1636,50.27,Clear(4.4),-,OK(22),"2,4,8,8,16,16,16,4",2026-04-26,O,,O,O,,,,,,,"FEE: -1,-1,0,0,1,1,0,0,1,1,1,1,1,1,1,2,2
CEM: 2,0,0,1,1,2,1,1,1,0,0,1,0,-1,3,1,-1,0,1,1,3,1,2,2,3,2,2,1,1,3,3,1",,,,,
635,,Duqm_Port(Oman),SatRev,2026-04-22T07:18:43.166(1776842323166),-4,-5.6437,0,desc(↓),19.6664,57.7205,19.5847,58.1639,76.11,Clear(0.0),waterbody,OK(22),"2,4,8,8,16,16,16,4",2026-04-23,O,,O,O,,,,,,,"FEE: -3,-2,-2,-2,-1,-1,-1,-1,-1,-1,0,0,0,0,0,0,0
CEM: -3,-1,-1,-1,-1,-3,-3,-1,-3,-1,-1,-1,0,-1,-1,0,-1,-1,-1,1,0,0,2,0,1,-1,1,0,1,2,0,0",,,,,
634,,Top_Of_The_World(USA),SatRev,2026-04-21T18:41:36.806(1776796896806),-4,-7.1517,0,desc(↓),33.3861,-110.9702,33.2698,-110.3377,66.72,Clear(11.7),waterbody,OK(30),"2,4,8,8,16,16,16,4",2026-04-24,O,,O,O,,,,,,,"FEE: -1,-1,0,0,1,1,0,0,1,1,1,1,1,2,2,2,4
CEM: 1,1,1,1,2,1,1,1,1,1,1,1,2,0,2,1,1,2,1,2,2,2,1,3,2,1,1,3,3,3,3,2",,,,,
633,2026-04-17,libya_4(africa),cal/val,2026-04-20T09:44:52.563(1776678292563),-4,4.5244,0,desc(↓),28.55,23.39,28.6148,23.0124,70.59,Clear(0.0),-,OK(31),"2,4,8,8,16,16,16,4",2026-04-23,O,,O,O,,,,,,,"FEE: -4,-4,-3,-3,-3,-2,-2,-2,-2,-2,-1,-1,-1,-1,0,0,0,0
CEM: -1,-1,-3,-2,-4,-3,-2,-4,-2,-1,-1,-1,-3,-2,-3,-2,-2,-1,-3,-2,-1,-4,-2,-1,-1,-1,1,1,0,-1,-1,0,1",,,,,
632,,Bab_al_Mandab_Strait,SatRev,2026-04-20T08:14:52.797(1776672892797),-4,2.8236,0,desc(↓),12.6031,43.3426,12.6415,43.1305,77.59,Clear(5.0),waterbody,OK(31),"2,4,8,8,16,16,16,4",2026-04-21,O,,O,O,,,,,,,"FEE: -2,-2,-1,-1,0,-1,0,0,0,0,0,0,1,1,0,1,1
CEM: -1,-1,0,0,-1,1,-1,-1,1,-1,0,-1,-2,0,1,0,-1,-2,0,0,0,1,-1,1,1,1,2,2,3,1,1,2",,,,,
631,,fgisjkullaaerial_test_range(europe),cal/val,2026-04-19T10:03:42.172(1776593022172),-4,-17.8838,0,desc(↓),60.242,24.383,59.8601,27.1074,40.89,Partially cloudy(37.0),waterbody,OK(39),"2,4,8,8,16,16,16,4",2026-04-24,O,,O,O,,,,,,,"FEE: -3,-2,-1,-1,-1,0,-1,-1,0,0,2,2,1,1,0,1,1
CEM: -1,1,-1,-1,-1,1,0,-1,1,0,1,0,-1,0,0,1,0,1,-1,0,0,-1,1,1,0,0,2,1,3,3,1,3",,,,,
630,,mt_everest(nepal),mountain,2026-04-19T05:29:35.504(1776576575504),-4,2.5066,0,desc(↓),27.9881,86.9255,28.0244,86.7233,70.55,Clear(0.1),waterbody,OK(39),"2,4,8,8,16,16,16,4",2026-04-25,O,,O,O,,,,,,,"FEE: -4,-3,-3,-2,-2,-2,-1,-2,-1,-1,0,0,0,0,0,1,0,0
CEM: -1,-1,0,-3,-2,-2,-2,-2,-2,-3,-2,-1,-1,-1,-2,0,-1,-1,0,1,0,-1,0,-2,0,1,0,-1,0,1,1,1,0",,,,* Pitch 0 설정,
629,2026-04-15,Beirut(Lebanon),issue,2026-04-18T09:03:29.551(1776503009551),-4,13.1709,0.2309,desc(↓),33.8891,35.5011,34.1097,34.3161,65.73,Clear(0.8),waterbody,OK(30),"2,4,8,8,16,16,16,4",2026-04-19,O,,O,O,,,,,,,"FEE: -4,-4,-3,-3,-3,-3,-2,-3,-2,-2,-2,-2,-2,-1,-1,-1,-1,0
CEM: -3,-4,-2,-3,-2,-1,-2,-1,-4,-3,-1,-2,-1,-1,-2,-1,-2,-1,-1,-3,-1,-1,-1,-2,-2,-1,-1,0,-1,0,-1,-1,-1",,,,,
628,,Shahid_Bahonar_Port(Iran),issue,2026-04-18T07:31:08.099(1776497468099),-4,0.3136,0.0852,desc(↓),27.1457,56.208,27.1458,56.1836,70.79,Clear(1.1),waterbody,OK(30),"2,4,8,8,16,16,16,4",2026-04-19,O,,O,O,,,,,,,"FEE: -3,-2,-2,-1,0,0,0,0,0,0,0,0,0,0,0,1,1
CEM: -1,0,-1,-1,1,-1,-1,0,0,-1,1,-1,-1,0,0,0,0,0,-1,1,0,0,-1,2,1,1,2,2,1,1,1,0",,,,,
627,,Marseille(France),normal,2026-04-17T11:02:25.067(1776423745067),-4,-11.1017,0.1704,desc(↓),43.3132,5.3645,43.1291,6.5061,56.35,Clear(9.3),waterbody,OK(13),"2,4,8,8,16,16,16,4",2026-04-21,O,,O,O,,,,,,O,"FEE: -4,-4,-3,-3,-2,-2,-3,-2,-2,-1,0,0,-1,-1,0,0,0
CEM: -3,-3,-1,-3,-2,-2,-2,-2,-4,-1,-2,-2,-1,-1,-2,-2,-1,-2,-1,-1,-1,-1,-1,0,0,0,0,0,-1,-1,1,0",,,,* 구름 약간,
626,,isfahan_nuclear_tech_enter(iran),issue,2026-04-17T07:56:46.248(1776412606248),-4,12.3297,0.0886,desc(↓),32.5785,51.8258,32.7718,50.7372,66.48,Clear(0.0),-,OK(13),"2,4,8,8,16,16,16,4",2026-04-19,O,,O,O,,,,,,,"FEE: -4,-3,-2,-2,-1,-1,-2,-1,1,1,-1,0,0,0,0,0,0
CEM: -1,-1,-1,-2,-1,-1,-1,0,-1,-1,-2,-1,-1,-1,-1,-1,-1,-1,-1,0,-1,0,0,1,-1,1,1,0,0,1,1,0",,,,,
625,,Uluru(Australia),mountain,2026-04-17T01:55:19.715(1776390919715),-4,-10.5274,-0.091,desc(↓),-25.45,131.9,-25.6115,132.7771,49.56,Clear(0.0),waterbody,OK(13),"2,4,8,8,16,16,16,4",,,,,,,,,,,,,,,,,
624,,Dark_Sea(near_Sapporo),normal,2026-04-16T12:39:10.548(1776343150548),-4,-14.0209,-0.1685,asc(↑),42.5728,150.0416,42.3411,148.6008,-34.09,Clear(8.1),waterbody,OK(22),"2,4,8,8,16,16,16,4",,,,,,,,,,,,,,,,,
623,2026-04-13,mali(africa),cal/val,2026-04-16T11:35:46.330(1776339346330),-4,16.6849,0.1174,desc(↓),19.12,-4.85,19.3798,-6.1876,76.26,Clear(0.0),-,OK(22),"2,4,8,8,16,16,16,4",,,,,,,,,,,,,,,,,
622,,dunhuang(asia),cal/val,2026-04-16T05:13:28.760(1776316408760),-4,12.906,0.0939,desc(↓),40.13,94.34,40.3458,93.0769,59.32,Clear(5.0),waterbody,OK(22),"2,4,8,8,16,16,16,4",,,,,,,,,,,,,,,,,
621,,Sierra_Gorda(Chile),SatRev,2026-04-15T15:22:23.732(1776266543732),-4,-9.3561,-0.1756,desc(↓),-22.8926,-69.3613,-23.0402,-68.6034,52.4,Clear(0.0),-,OK(27),"2,4,8,8,16,16,16,4",2026-04-21,O,,O,O,,,,,,,"FEE: -2,-1,-1,0,1,0,0,0,0,0,0,0,1,1,1,1,2
CEM: 0,-1,0,0,1,0,0,1,0,1,-1,1,0,1,1,0,1,1,0,1,1,0,2,2,2,1,1,2,3,2,2,2",,,,,
620,,15_Chong_Chom,thailand,2026-04-15T04:13:12.819(1776226392819),-4,-0.5195,0.0709,desc(↓),14.4364,103.6992,14.4275,103.7396,76.46,Clear(4.7),-,OK(27),"2,4,8,8,16,16,16,4",2026-04-21,O,,O,O,,,,,,,"FEE: -4,-4,-3,-3,-2,-2,-3,-2,-2,-2,-2,-2,-1,-1,-1,0,0
CEM: -2,-3,-1,-2,-2,-1,-3,-3,-4,-2,-1,-2,-4,-3,-1,-2,-3,-1,-1,-1,-1,-3,-1,-1,0,-1,-1,-1,0,1,0,0",,,,,
619,,Top_Of_The_World(USA),SatRev,2026-04-14T18:43:04.699(1776192184699),-4,-2.3655,0.1917,desc(↓),33.3861,-110.9702,33.3513,-110.7588,64.43,Clear(3.0),waterbody,OK(22),"2,4,8,8,16,16,16,4",2026-04-19,O,,O,O,,,,,,,"FEE: -4,-3,-2,-2,-2,-1,-2,-2,-1,-1,-1,0,0,0,0,0,2
CEM: -3,-1,0,-1,-2,-1,-2,-1,-2,-1,-1,-1,-1,-4,-1,-2,-1,-1,0,-1,-1,0,1,1,1,0,1,1,1,1,1,1",,,,* 타겟 바로 아래에 구름 그림자,
618,,nasa's_stennis_space_center(mississippi),cal/val,2026-04-14T17:09:44.368(1776186584368),-4,-18.2658,0.2091,desc(↓),30.385,-89.628,30.1075,-88.0059,66.29,Clear(12.0),waterbody,OK(22),"2,4,8,8,16,16,16,4",,,,,,,,,,,,,,,,,
617,2026-04-10,namibia_desert_2(africa),cal/val,2026-04-13T09:58:20.961(1776074300961),-4,-14.3793,-0.1017,desc(↓),-17.33,12.05,-17.5523,13.1934,57.86,Clear(0.0),waterbody,OK(27),"2,4,8,8,16,16,16,4",,,,,,,,,,,,,,,,,
616,,Ali_Al_Salem_Air_Base(Kuwait),issue,2026-04-13T08:11:47.482(1776067907482),-4,13.3781,0.2414,desc(↓),29.3477,47.5214,29.5679,46.3743,67.82,Clear(0.0),waterbody,OK(27),"2,4,8,8,16,16,16,4",2026-04-14,O,,O,O,,,,,,,"FEE: -2,-2,-1,-1,0,0,0,0,0,0,0,0,0,0,0,1,1,1
CEM: -1,0,1,0,-1,-1,-1,-1,0,-1,1,-1,1,-1,-1,0,1,1,-1,0,0,1,1,0,1,1,1,1,2,1,1,1,3",,,,* 보이긴 하는데 구름 그림자가 조금 있음,
615,,Maralago_club(USA),normal,2026-04-12T16:30:39.939(1776011439939),-4,-13.8978,0.0938,desc(↓),26.6771,-80.0372,26.4633,-78.8665,68.59,Clear(19.7),waterbody,OK(32),"2,4,8,8,16,16,16,4",2026-04-14,O,,O,O,,,,,,,"FEE: -3,-2,-2,-1,-1,0,-1,-1,0,0,0,0,0,0,0,1,1
CEM: 0,-1,0,0,1,0,1,0,-1,-1,-1,0,1,1,0,0,-1,-1,1,1,1,-1,1,1,-1,1,1,1,1,2,3,0",,,,* 타겟 바로 옆에 구름,
614,,Kraków(Poland),SatRev,2026-04-12T10:07:43.400(1775988463400),-4,-17.0323,0.2164,desc(↓),50.0619,19.937,49.7628,21.959,48.12,Partially cloudy(27.7),waterbody,OK(32),"2,4,8,8,16,16,16,4",2026-04-14,O,,O,,,,,,,O,"FEE: -3,-3,-2,-2,-2,-1,-1,-1,-1,-1,0,0,0,0,0,0,2,2
CEM: -1,-1,-1,-1,-1,1,-1,-2,-2,-1,-1,-1,-1,0,-1,-1,1,-1,-1,-1,-1,-1,1,1,0,1,-1,1,-1,1,1,0,1",,,,* 영상 전체가 구름,
613,,Jeddah(Saudi_Arabia),normal,2026-04-12T08:40:55.302(1775983255302),-4,16.2197,0.1131,desc(↓),21.5309,39.1582,21.784,37.8391,73.52,Clear(13.0),waterbody,OK(32),"2,4,8,8,16,16,16,4",2026-04-14,O,,O,O,,,,,,,"FEE: -2,-1,-1,0,0,0,0,0,0,0,1,1,2,2,1,2,2
CEM: -1,0,1,-1,0,0,0,0,0,1,2,1,1,1,1,1,1,1,1,1,1,1,1,3,0,3,2,1,2,3,2,3",,,,,
612,2026-04-08,Yemen_border(Oman),SatRev,2026-04-11T07:34:53.865(1775892893865),-4,-14.6256,0.1383,desc(↓),17.814,52.5659,17.5992,53.7241,73.46,Clear(0.0),waterbody,OK(43),"2,4,8,8,16,16,16,4",2026-04-13,O,,O,O,,,,,,,"FEE: -3,-3,-2,-2,-1,-1,-1,-1,-1,-1,0,0,0,1,1,0,0
CEM: -2,-1,0,-1,-2,-1,-1,-1,-1,-1,-1,-1,-1,-1,-1,-1,0,-1,-1,-1,-1,-1,-1,0,-1,0,1,-1,0,1,0,1",,,,,
611,,andong,korea-dam,2026-04-11T02:47:18.800(1775875638800),-4,0.0649,0.1468,desc(↓),36.5848,128.7739,36.5838,128.7708,60.36,Clear(2.2),waterbody,OK(43),"2,4,8,8,16,16,16,4",2026-04-14,O,,O,O,,,,,,,"FEE: -2,-2,-1,-1,-1,0,0,0,0,0,0,0,0,0,1,1,1
CEM: -1,-2,1,0,1,-1,0,0,0,1,1,1,-1,0,1,1,1,0,1,1,1,1,2,1,0,2,1,2,2,1,1,3",,,,,
610,,egypt_1(africa),cal/val,2026-04-10T09:33:31.802(1775813611802),-4,9.6529,0.091,desc(↓),27.41,26.38,27.5561,25.5734,68.19,Clear(0.0),-,OK(38),"2,4,8,8,16,16,16,4",2026-04-14,O,,O,O,,,,,,,"FEE: -4,-3,-3,-2,-2,-1,0,0,-2,-1,-1,-1,-1,-1,-1,0,0
CEM: -3,-1,-1,-1,-1,1,-3,-4,-2,-2,-2,-1,-3,-1,-1,-1,-1,-2,-1,-1,0,-1,0,-1,-1,0,0,1,1,0,0,0",,,,,
609,,Bushehr_Nuclear_Power_plant(Iran),issue,2026-04-10T07:58:55.651(1775807935651),-4,16.2862,0.1986,desc(↓),28.8294,50.8872,29.0966,49.4808,67.25,Clear(0.0),waterbody,OK(38),"2,4,8,8,16,16,16,4",2026-04-13,O,,O,O,,,,,,,"FEE: -2,-1,0,0,0,0,1,0,0,0,1,1,1,1,2,4,4,2
CEM: 1,1,1,0,0,0,1,0,2,1,0,0,0,0,-1,1,2,0,1,2,1,3,3,1,3,1,1,3,1,2,2,3,1",,,,,
608,2026-04-06,dunhuang(asia),cal/val,2026-04-09T05:14:33.144772(1775711673),-4,16.0235,0.2174,desc,40.13,94.34,40.4142,92.7553,56.78,Clear(4.1),waterbody,OK(13),"2,4,8,8,16,16,16,4",2026-04-10,O,,O,O,,,,,,,"FEE: -4,-4,-4,-3,-2,-3,-3,-2,-2,-2,-2,-1,-1,-1,-1,-1,-1
CEM: -3,-1,-1,-4,-2,-1,-2,-3,-1,-1,-2,-2,-3,-4,-3,-2,-1,-1,-2,-1,-1,-1,-2,-2,-1,0,1,0,-1,-1,-1,1",,,,,
607,,forbidden_city(china),landmark,2026-04-09T03:40:28.550765(1775706028),-4,2.3664,0.2353,desc,39.9162,116.3948,39.9591,116.1725,56.68,Clear(0.0),waterbody,OK(13),"2,4,8,8,16,16,16,4",2026-04-10,O,,O,,,,,,,O,"FEE: -3,-2,-2,-2,-1,0,-1,-1,0,0,0,0,0,0,2,2,0,1
CEM: -2,-1,-1,0,-1,1,-1,-1,-1,0,1,0,1,0,-1,-1,0,-1,0,-1,-1,-1,1,2,-1,-1,0,0,1,1,1,1,1",,,,* 구름때문에 saturation 돼서 이미지 확인 불가(raw data 용량도 다른 영상의 1/3),
606,,Sierra_Gorda(Chile),SatRev,2026-04-08T15:23:25.786890(1775661805),-4,-5.4666,-0.0883,desc,-22.8926,-69.3613,-22.9728,-68.9209,54.52,Clear(0.0),-,OK(13),"2,4,8,8,16,16,16,4",,,,,,,,,,,,,,,,,
605,,Duqm_Port(Oman),SatRev,2026-04-08T07:21:14.171538(1775632874),-4,3.9137,0.1423,desc,19.6664,57.7205,19.7267,57.4166,72.69,Clear(0.0),waterbody,OK(13),"2,4,8,8,16,16,16,4",2026-04-08,O,,O,O,,,,,,,"FEE: -2,-1,-1,0,0,0,1,1,0,0,0,0,1,1,1,2,2
CEM: -1,-1,1,-1,-1,1,1,2,0,1,-1,3,0,1,1,1,1,1,1,1,0,1,1,0,3,3,1,1,3,1,1,2",,,,,
604,2026-04-02,Top_Of_The_World(USA),SatRev,2026-04-07T18:44:12.018(1775587452018),-4,1.4643,0.071,desc(↓),33.3861,-110.9702,33.4019,-111.0977,61.95,Clear(16.3),waterbody,OK(27),"2,4,8,8,16,16,16,4",2026-04-08,O,,O,,,,,,,,"FEE: -1,0,1,1,1,2,0,0,1,1,1,1,1,2,2,2,3
CEM: 0,1,1,1,0,1,1,-1,-1,1,2,1,1,1,3,3,-1,2,1,1,2,3,1,2,2,4,2,3,3,3,3,5",,,,* 타겟의 남쪽이 촬영됨,
603,,isfahan_nuclear_tech_enter(iran),issue,2026-04-07T07:45:04.787(1775547904787),-4,-18.1804,0.1272,desc(↓),32.5785,51.8258,32.2938,53.4744,61.82,Clear(0.0),-,OK(27),"2,4,8,8,16,16,16,4",2026-04-08,O,,O,,,,,,,,"FEE: -1,-1,0,0,0,1,0,0,0,1,1,1,1,1,2,2,2
CEM: 1,1,0,1,-1,0,1,1,1,2,1,1,1,0,2,-1,1,1,2,1,1,2,3,1,2,3,3,2,4,5,1,1",,,,,
602,,Ali_Al_Salem_Air_Base(Kuwait),issue,2026-04-06T08:12:44.629(1775463164629),-4,16.5919,0.1771,desc(↓),29.3477,47.5214,29.6197,46.0777,65.33,Clear(6.6),waterbody,OK(27),"2,4,8,8,16,16,16,4",2026-04-07,O,,O,,,,,,,,"FEE: -1,-1,0,0,1,1,1,0,1,1,1,1,1,2,2,2,2,2
CEM: 1,1,2,0,1,0,0,1,2,1,1,2,1,1,3,2,0,2,1,1,1,1,1,2,3,0,3,3,3,3,5,5,3",,,,,
601,,Kraków(Poland),SatRev,2026-04-05T10:08:32.742(1775383712742),-4,-14.9261,0.2194,desc(↓),50.0619,19.937,49.7998,21.6988,45.5,Clear(1.8),waterbody,OK(31),"2,4,8,8,16,16,16,4",2026-04-07,O,,O,O,,,,,,O,"FEE: -4,-3,-2,-2,-2,-1,-1,-1,1,0,-1,-1,0,0,0,0,0
CEM: -1,-2,-3,-1,-2,-1,-1,0,-1,-2,0,-1,-1,-2,-1,-1,0,-1,-1,-3,-1,0,1,0,-1,0,-1,0,-1,1,0,1",,,,"*타겟이 구름자에 가림, 영상 서쪽에 촬영됨",
600,,Ras_Al_Hadd(Oman),SatRev,2026-04-05T07:07:24.917(1775372844917),-4,-17.2546,0.1922,desc(↓),22.5201,59.7927,22.2644,61.2197,68.73,Clear(0.0),waterbody,OK(31),"2,4,8,8,16,16,16,4",2026-04-08,O,,O,,,,,,,,"FEE: -4,-3,-2,-2,-2,-1,-2,-2,-1,-1,-1,-1,0,0,0,0,0
CEM: -3,-1,-2,-2,-2,-2,-2,0,-1,-3,-3,-2,0,-2,-2,-1,-1,-1,-1,-1,-1,-1,0,1,0,-1,-1,1,1,1,1,1",,,,,
599,,1_chong_bok,thailand,2026-04-05T04:01:09.273(1775361669273),-4,-17.8109,0.1369,desc(↓),14.3429,105.2034,14.0799,106.6088,72.93,Clear(3.2),-,OK(31),"2,4,8,8,16,16,16,4",2026-04-08,O,,O,O,,,,,,,"FEE: -3,-2,-2,-1,-1,0,-1,-1,0,0,0,0,0,2,2,0,0
CEM: -1,-1,-2,-2,-1,-1,0,0,0,-1,1,0,-1,-1,1,-1,-1,1,-1,1,0,-1,1,2,0,1,1,1,1,2,1,1",,,,,
598,,telaviv(israel),issue,2026-04-04T09:05:53.511(1775293553511),-4,16.9644,0.1244,desc(↓),32.0587,34.7736,32.3376,33.2509,62.25,Clear(17.4),waterbody,OK(36),"2,4,8,8,16,16,16,4",2026-04-08,O,,O,O,,,,,,,"FEE: -4,-3,-2,-2,-2,-1,-1,-2,-1,-1,-1,0,0,0,0,0,1,0
CEM: -1,-1,0,-1,-2,-1,0,-2,-1,-1,-1,0,0,-1,-1,-1,-1,-1,-1,-2,0,-1,-1,-1,1,0,-1,1,1,1,0,1,1",,,,,
597,,Yemen_border(Oman),SatRev,2026-04-04T07:35:33.167(1775288133167),-4,-11.8598,0.065,desc(↓),17.814,52.5659,17.6355,53.4979,71.55,Clear(0.0),waterbody,OK(36),"2,4,8,8,16,16,16,4",2026-04-08,O,,O,O,,,,,,,"FEE: -1,-1,0,0,1,1,0,0,0,0,1,3,3,2,2,2,2
CEM: 1,0,2,1,1,-1,1,1,1,-1,0,3,1,1,2,1,2,3,1,2,2,2,1,3,1,1,3,2,3,2,3,3",,,,,
596,,tehran(iran),issue,2026-04-03T07:57:40.809(1775203060809),-4,4.2766,0.1531,desc(↓),35.7176,51.3305,35.7845,50.9454,58.26,Clear(6.5),waterbody,OK(33),"2,4,8,8,16,16,16,4",2026-04-08,O,,O,O,,,,,,,"FEE: -2,-1,-1,0,0,-1,0,0,0,0,0,0,1,1,1,1,1
CEM: -1,1,1,0,0,-1,-1,-1,0,1,0,1,1,1,0,-1,-1,1,0,0,1,1,1,0,2,2,1,1,1,1,1,3",,,,,
595,,Uluru(Australia),mountain,2026-04-03T01:56:57.167(1775181417167),-4,-4.2368,-0.1074,desc(↓),-25.45,131.9,-25.5127,132.2486,53.82,Clear(0.0),waterbody,OK(33),"2,4,8,8,16,16,16,4",2026-04-08,O,,O,,,,,,,,"FEE: -3,-2,-2,-1,-1,-1,-1,-1,0,0,0,2,2,0,0,0,1
CEM: 0,0,-1,-1,1,-1,-1,-1,-1,1,0,-1,0,0,-1,0,1,0,-1,0,0,0,-1,1,1,0,0,-1,1,1,1,3",,,,* 4월 3일부터 7일까지 전체 스케줄 (SatRev 요청),
594,2026-03-30,murmansk(russia),normal,2026-04-02T09:49:58.386(1775123398386),-4,-17.4317,0.06,desc(↓),68.9707,33.0748,68.4912,36.6537,26.03,Clear(9.9),waterbody,OK(13),"2,4,8,8,16,16,16,4",2026-04-08,O,,O,O,,,,,,,"FEE: 0,0,1,1,1,2,2,1,2,2,2,2,3,3,3,3,3,3
CEM: 1,1,3,3,2,1,1,2,1,1,1,1,3,2,2,0,3,3,2,2,3,2,3,1,2,4,3,3,4,3,3,4,4",,,,,
593,,forbidden_city(china),landmark,2026-04-02T03:40:49.517(1775101249517),-4,3.8945,0.1391,desc(↓),39.9162,116.3948,39.9776,116.0226,54,Clear(0.2),waterbody,OK(13),"2,4,8,8,16,16,16,4",2026-04-08,O,,O,O,,,,,,,"FEE: -3,-2,-1,-1,-1,0,0,0,0,0,0,0,0,0,0,0,1,1
CEM: -1,-1,-1,0,0,-1,0,-1,-1,1,-1,1,0,0,-1,-1,0,0,1,-1,1,0,2,-1,1,1,1,2,1,1,1,2,1",,,,,
592,,Sierra_Gorda(Chile),SatRev,2026-04-01T15:23:41.671(1775057021671),-4,-3.8504,-0.1258,desc(↓),-22.8926,-69.3613,-22.9508,-69.0522,56.54,Clear(0.6),-,OK(20),"2,4,8,8,16,16,16,4",2026-04-08,O,,O,O,,,,,,,"FEE: -1,0,0,1,1,1,2,1,3,3,1,2,4,5,3,3,2,3
CEM: 1,1,1,0,1,1,1,1,2,2,1,1,1,1,2,1,1,1,3,1,2,3,2,3,3,2,2,3,3,3,4,3,5",,,,,
591,,14_Prasat_Ta_Muan_Thom,thailand,2026-04-01T04:14:26.522(1775016866522),-4,-0.2273,0.1173,desc(↓),14.3497,103.2663,14.3486,103.2854,73,Clear(5.0),-,OK(20),"2,4,8,8,16,16,16,4",2026-04-08,O,,O,O,,,,,,,"FEE: -3,-3,-2,-2,-1,-1,-1,-1,-1,-1,0,0,0,0,0,0,0,2
CEM: -1,-2,-1,-1,-1,-1,0,-1,-1,-1,-1,-3,-1,-1,-1,0,0,-1,-1,-1,-1,-1,0,0,1,1,1,1,1,1,0,1,1",,,,,
590,,Top_Of_The_World(USA),SatRev,2026-03-31T18:44:10.141(1774982650141),-4,2.1217,0.1286,desc(↓),33.3861,-110.9702,33.4165,-111.1548,59.25,Partially cloudy(44.0),waterbody,OK(27),"2,4,8,8,16,16,16,4",2026-04-08,O,,O,,,,,,,O,"FEE: -3,-2,-1,0,0,0,-1,0,0,0,0,0,0,1,1,2,1
CEM: 1,1,1,0,-1,1,0,1,1,-1,0,1,0,0,0,0,1,1,1,1,1,1,1,1,3,1,0,2,1,2,3,2",,,,,
589,,kangerlussuaq(greenland),normal,2026-03-31T15:26:48.185(1774970808185),-4,-8.3106,0.1401,desc(↓),67.0127,-50.7116,66.7973,-49.1661,27.31,Clear(5.0),waterbody,OK(23),"2,4,8,8,16,16,16,4",2026-04-08,O,,O,O,,,,,,,"FEE: 1,2,3,3,4,3,2,3,3,3,3,4,4,4,4,5,5
CEM: 3,3,2,3,2,3,3,5,3,3,4,3,3,3,3,3,5,3,3,3,3,3,5,6,4,4,3,6,3,4,4,5",,,,,
588,2026-03-27,Bab_al_Mandab_Strait,SatRev,2026-03-30T08:16:58.176(1774858618176),-4,12.018,0.1532,desc(↓),12.6031,43.3426,12.7895,42.4217,74.01,Clear(5.0),waterbody,OK(30),"2,4,8,8,16,16,16,4",2026-04-01,O,,O,O,,,,,,,"FEE: -4,-3,-2,-1,-2,-1,-1,-1,-1,-1,-1,-1,0,0,0,0,0
CEM: 0,-1,-2,-1,-3,0,-1,-2,-1,0,-1,0,-1,-2,-1,0,-2,-1,-2,-1,1,0,-1,1,1,0,1,1,1,1,2,0",,,,,
587,,dunhuang(asia),cal/val,2026-03-30T05:01:24.443(1774846884443),-4,-14.9663,0.2492,desc(↓),40.13,94.34,39.8931,95.8288,52.2,Clear(4.7),waterbody,OK(30),"2,4,8,8,16,16,16,4",2026-04-01,O,,O,O,,,,,,,"FEE: -2,-1,-1,-1,0,0,0,0,0,0,0,0,0,1,1,1,1,1
CEM: 1,1,0,1,-1,1,-1,1,0,-1,0,1,1,0,2,1,0,0,0,-1,1,0,1,1,2,1,2,2,2,0,1,2,2",,,,,
586,,Jeddah(Saudi_Arabia),normal,2026-03-29T08:41:23.258(1774773683258),-4,18.9431,0.094,desc(↓),21.5309,39.1582,21.831,37.5937,68.65,Clear(5.0),waterbody,OK(10),"2,4,8,8,16,16,16,4",2026-04-01,O,,O,O,,,,,,,"FEE: -4,-3,-3,-2,-2,-1,-2,-1,0,-1,-1,-1,0,2,2,0,2
CEM: -3,0,-3,-1,-1,-1,-1,-1,-1,-2,-2,-1,0,-1,-2,-1,-1,-2,0,-1,0,-1,1,0,0,-1,1,1,-1,0,1,0",,,,,
585,,Ras_Al_Hadd(Oman),SatRev,2026-03-29T07:07:03.627(1774768023627),-4,-17.4512,0.1802,desc(↓),22.5201,59.7927,22.26,61.2394,66.21,Clear(0.0),waterbody,OK(10),"2,4,8,8,16,16,16,4",2026-03-30,O,,O,,,,,,,O,"FEE: -1,0,0,1,1,2,1,2,2,1,1,1,1,2,2,2,2,3
CEM: 1,1,3,-1,0,1,1,1,1,0,0,1,1,3,1,2,1,1,2,1,1,2,2,2,1,2,3,3,3,2,3,3,2",,,,"*타겟이 구름자에 가림, 포인팅은 잘됨",
584,2026-03-25,Polkowice(Poland),SatRev,2026-03-28T10:34:31.160(1774694071160),-4,3.4229,0.2508,desc(↓),51.5025,16.1029,51.5724,15.7048,41.27,Overcast(100.0),-,OK(13),"2,4,8,8,16,16,16,4",2026-04-08,O,,O,O,,,,,,O,"FEE: -3,-1,-1,-1,0,0,-1,0,0,0,0,0,0,0,1,1,1
CEM: -1,1,1,-1,0,-1,1,-1,0,-1,0,0,-1,-1,1,-1,-1,1,1,1,1,1,1,0,1,1,1,1,1,1,3,3",,,,* 구름이 많아서 포인팅 성공 여부 확인 불가,
583,,Sohar_Port(Oman),SatRev,2026-03-28T07:33:10.724(1774683190724),-4,18.0752,0.1068,desc(↓),24.4985,56.6099,24.787,55.0891,65.9,Clear(0.0),waterbody,OK(13),"2,4,8,8,16,16,16,4",2026-04-01,O,,O,O,,,,,,,"FEE: -3,-1,-1,-1,-1,0,-1,-1,0,0,2,2,1,1,1,1,3
CEM: -1,-1,0,1,-1,-1,1,-2,2,-1,-1,-1,0,0,0,1,-1,0,-1,1,2,1,-1,1,1,2,2,2,1,2,2,1",,,,,
582,,Gyeonggi_Provincial_Office(Korea),Gyeonggi_Provincial_Office(Korea),2026-03-28T02:47:18.588(1774666038588),-4,-17.3295,0.0951,desc(↓),37.289,127.0534,37.0069,128.7217,53.83,Clear(0.0),waterbody,OK(17),"2,4,8,8,16,16,16,4",2026-03-30,O,,O,O,,,,,,,"FEE: -2,-2,-1,0,0,0,1,0,1,0,0,0,1,1,1,1,2,2
CEM: 0,-1,0,0,1,1,1,1,-1,1,1,1,1,0,1,2,0,1,1,2,0,1,1,1,1,2,3,1,1,1,3,3,3",,,,,
581,,Ahmad_al_Jaber_Air_Base(Kuwait),issue,2026-03-27T07:58:54.592(1774598334592),-4,-16.975,0.2131,desc(↓),28.9366,47.795,28.6804,49.2793,60.61,Clear(0.0),waterbody,OK(20),"2,4,8,8,16,16,16,4",2026-04-01,O,,O,O,,,,,,,"FEE: 0,0,1,2,1,2,1,1,3,3,1,2,2,2,3,2,2,3
CEM: -1,1,1,1,1,1,1,1,1,-1,3,1,3,1,1,3,3,2,3,2,2,1,3,2,1,4,3,3,2,3,1,3,4",,,,,
580,,barentsburg(svalbard),normal,2026-03-26T12:54:35.853(1774529675853),-4,10.6405,0.1032,desc(↓),78.0667,14.2333,78.6263,11.2441,12.99,Clear(5.0),waterbody,OK(27),"2,4,8,8,16,16,16,4",2026-03-27,O,,O,,,,,,,O,"FEE: 1,2,2,3,3,3,3,3,3,3,4,5,5,4,5,5,5
CEM: 3,3,3,3,2,3,3,5,2,3,3,3,3,3,3,4,3,3,4,4,4,4,4,5,4,5,6,6,5,4,6,6",,,,* 구름이 많아서 포인팅 성공 여부 확인 불가,
579,2026-03-23,Astana(Kazakhstan),normal,2026-03-26T06:45:32.000(1774507532000),-4,-10.665,0.1845,desc(↓),51.1264,71.4443,50.9338,72.7186,40.57,Clear(5.0),-,OK(27),"2,4,8,8,16,16,16,4",2026-03-26,O,,O,O,,,,,,,"FEE: -1,0,1,0,1,1,0,1,1,1,1,2,2,2,2,2,2
CEM: 0,1,1,1,0,3,1,1,1,1,3,1,0,2,1,1,1,1,0,1,2,1,3,1,2,2,3,3,3,2,3,2",,,,* 타겟이 영상 서쪽에 촬영됨,
578,,Duqm_Port(Oman),SatRev,2026-03-25T07:20:30.966(1774423230966),-4,3.3434,0.1862,desc(↓),19.6664,57.7205,19.7216,57.461,67.75,Clear(8.0),waterbody,OK(27),"2,4,8,8,16,16,16,4",2026-03-26,O,,O,,,,,,,,"FEE: -4,-3,-2,-2,-1,-1,-1,-1,-1,-1,-1,0,2,2,0,0,0
CEM: -1,-1,-2,-1,-2,-1,-1,-1,0,-1,-2,-2,-1,-1,0,-1,1,-2,-1,-1,-1,-1,-1,1,0,0,0,1,1,1,1,1",,,,*green이 saturation(모든 픽셀이 4095),
577,,3_sao_thong_chai,thailand,2026-03-25T04:13:24.679(1774412004679),-4,15.4587,0.1722,desc(↓),14.4031,104.7236,14.6461,103.5165,71.71,Clear(8.3),-,OK(37),"2,4,8,8,16,16,16,4",,,,,O,,,,,,,,,,,,
576,,corona_satellite_calibration_targets(usa),cal/val,2026-03-24T18:43:21.006(1774377801006),-4,-6.854,0.0905,desc(↓),32.8068,-111.7575,32.6951,-111.1506,56.72,Clear(1.0),waterbody,OK(27),"2,4,8,8,16,16,16,4",2026-03-26,O,,O,O,,,,,,,"FEE: 0,1,2,2,1,2,1,4,4,2,2,2,3,3,3,4,3
CEM: 3,1,1,3,3,3,3,3,3,2,3,3,3,2,2,2,1,2,3,3,3,1,5,3,4,3,2,4,4,4,4,4",,,,* 타겟이 영상 서쪽에 촬영,
575,,longyearbyen(svalbard),normal,2026-03-24T12:14:05.577(1774354445577),-4,-8.4823,0.0739,desc(↓),78.2232,15.6469,77.8288,18.1963,12.75,Clear(5.2),waterbody,OK(23),"2,4,8,8,16,16,16,4",2026-03-26,O,,O,,,,,,,O,"FEE: 3,4,5,5,5,5,6,4,5,6,6,6,6,6,6,6,7,7
CEM: 4,3,5,5,6,4,6,5,4,4,6,5,4,6,4,6,6,6,6,6,6,6,6,6,7,7,6,6,6,7,6,7,8",,,,* 구름이 많아서 포인팅 성공 여부 확인 불가,
574,2026-03-20,libya_4(africa),cal/val,2026-03-23T09:45:48.052(1774259148052),-4,10.1871,0.0807,desc(↓),28.55,23.39,28.7054,22.5241,60.33,Clear(9.1),-,OK(31),"2,4,8,8,16,16,16,4",2026-03-24,O,,O,O,,,,,,,"FEE: -3,-2,-2,-2,-1,0,-1,-1,0,0,0,0,1,1,0,0,1
CEM: -2,-2,0,-1,0,-2,0,0,-1,-1,0,1,1,1,-1,1,1,-1,1,1,1,0,1,2,1,1,1,1,1,0,1,1",,,,,
573,,Bab_al_Mandab_Strait,SatRev,2026-03-23T08:15:46.379(1774253746379),-4,9.1156,0.1564,desc(↓),12.6031,43.3426,12.7451,42.6484,71.7,Clear(5.0),waterbody,OK(31),"2,4,8,8,16,16,16,4",2026-03-23,O,,O,O,,,,,,,"FEE: -1,0,0,1,2,1,2,0,1,1,1,2,2,2,2,3,2,2
CEM: 1,0,1,2,1,1,2,1,1,1,1,1,0,1,2,2,2,1,-1,2,1,3,3,3,1,3,3,2,3,3,2,3,3",,,,,
572,,san_mateo_bridge(san_mateo_bridge),cal/val,2026-03-22T19:35:24.327(1774208124327),-4,10.4499,0.0899,desc(↓),37.6,-122.209,37.7684,-123.1947,52.12,Clear(6.0),waterbody,OK(43),"2,4,8,8,16,16,16,4",,,,,,,,,,,,,,,,,
571,,big_spring(usa),cal/val,2026-03-22T18:02:40.001(1774202560001),-4,-4.6864,0.1834,desc(↓),32.22,-101.512,32.1488,-101.0981,56.48,Clear(1.0),waterbody,OK(43),"2,4,8,8,16,16,16,4",2026-03-24,O,,O,O,,,,,,,"FEE: 1,2,2,2,3,4,2,3,4,4,4,4,4,4,4,4,5
CEM: 3,2,2,3,3,3,3,3,3,3,3,3,3,3,3,3,4,4,4,5,3,4,5,5,4,3,5,3,4,5,3,5",,,,,
570,2026-03-18,egypt_1(africa),cal/val,2026-03-20T09:31:49(1773999109),-4,7.0201,0.1382,desc,27.41,26.38,27.5182,25.7945,59.99,Clear(0.0),-,OK(30),"2,4,8,8,16,16,16,4",2026-03-23,O,,O,,,,,,,,"FEE: -3,-2,-2,-1,-1,-1,0,-1,-1,0,2,2,0,0,0,1,1
CEM: 1,-2,-2,-1,1,1,0,1,0,-1,-1,-1,0,0,-1,1,0,-1,0,1,1,-1,-1,1,1,1,1,1,1,3,1,2",,,,,
569,,isfahan_nuclear_tech_enter(iran),issue,2026-03-20T07:56:12(1773993372),-4,13.5888,0.0807,desc,32.5785,51.8258,32.7944,50.6134,55.71,Clear(5.0),-,OK(37),"2,4,8,8,16,16,16,4",2026-03-23,O,,O,O,,,,,,O,"FEE: -1,1,0,1,1,2,1,1,1,2,2,2,2,2,2,3,3
CEM: 1,1,1,1,0,0,1,1,1,1,2,1,3,2,1,2,0,1,3,2,2,1,1,1,1,3,3,3,3,5,3,5",,,,* 구름 그림자에 가림,
568,,lake_tahoe(usa),cal/val,2026-03-19T19:20:47(1773948047),-4,-6.9353,0.181,desc,39,-120,38.8885,-119.3323,49.24,Clear(3.7),waterbody,OK(37),"2,4,8,8,16,16,16,4",,,,,,,,,,,,,,,,,
567,,kerr_county(usa_texas),issue,2026-03-19T17:48:56(1773942536),-4,-13.2478,0.0993,desc,30.0705,-99.2553,29.863,-98.0996,56.82,Clear(3.0),waterbody,OK(33),"2,4,8,8,16,16,16,4",,,,,,,,,,,,,,,,,
566,2026-03-16,mali(africa),cal/val,2026-03-19T11:34:44.064(1773920084064),-4,16.7047,0.1679,desc(↓),19.12,-4.85,19.3858,-6.1971,66.6,Clear(5.0),-,OK(13),"2,4,8,8,16,16,16,4",2026-03-23,O,,O,O,,,,,,,"FEE: 1,1,2,2,2,2,1,2,4,4,3,3,3,3,4,3,4
CEM: 2,2,2,3,2,1,1,2,3,3,4,2,2,4,1,3,1,3,3,3,3,3,2,4,3,3,3,3,5,3,5,5",,,,,
565,,dunhuang(asia),cal/val,2026-03-19T05:12:18.870(1773897138870),-4,12.6128,0.1318,desc(↓),40.13,94.34,40.3446,93.0999,48.4,Clear(5.0),waterbody,OK(13),"2,4,8,8,16,16,16,4",,,,,O,,,,,,,,,,,,
564,,Duqm_Port(Oman),SatRev,2026-03-18T07:18:37.871(1773818317871),-4,-1.6927,0.0501,desc(↓),19.6664,57.7205,19.6364,57.8542,64.92,Clear(0.0),waterbody,OK(20),"2,4,8,8,16,16,16,4",2026-03-23,O,,O,O,,,,,,,"FEE: -3,-2,-2,-2,-1,-1,-1,-1,-1,-1,0,1,1,0,0,0,0
CEM: -1,-1,-1,0,-1,-1,-2,-1,-1,-1,-1,-2,-1,-1,-1,-1,-1,-1,0,-1,-1,-1,-1,1,1,0,1,1,1,0,0,1",,,,,
563,,6_bak_dai,thailand,2026-03-18T04:11:35.608(1773807095608),-4,-6.2316,0.0293,desc(↓),14.3526,103.3738,14.2566,103.8515,68.15,Clear(5.0),-,OK(23),"2,4,8,8,16,16,16,4",2026-03-26,O,,O,O,,,,,,,"FEE: -2,-1,-1,-1,0,0,0,0,0,0,0,0,0,1,1,1,1,1
CEM: 0,-1,1,-1,0,0,-1,0,0,0,1,-1,1,0,0,0,0,0,1,1,-1,0,1,1,1,0,3,1,3,1,2,3,3",,,,,
562,,corona_satellite_calibration_targets(usa),cal/val,2026-03-17T18:41:24.523(1773772884523),-4,-11.3456,0.0788,desc(↓),32.8068,-111.7575,32.6245,-110.7434,53.77,Clear(2.0),waterbody,OK(23),"2,4,8,8,16,16,16,4",,,,,,,,,,,,,,,,,
561,,barentsburg(svalbard),normal,2026-03-17T12:12:11.847(1773749531847),-4,-11.2985,-0.0236,desc(↓),78.0667,14.2333,77.5487,17.6228,10.28,Clear(8.4),waterbody,OK(20),"2,4,8,8,16,16,16,4",2026-03-20,O,,O,,,,,,,O,,,,,,
560,2026-03-13,Kyiv(ukraine),SatRev,2026-03-16T09:37:51.739(1773653871739),-4,6.4746,0.2174,desc(↓),50.58,30.22,50.7053,29.4698,37.36,Clear(0.0),-,OK(24),"2,4,8,8,16,16,16,4",2026-03-17,O,,O,O,,,,,,,"FEE: -2,-1,0,0,0,1,0,0,0,0,1,1,1,3,3,4,4
CEM: 0,0,1,1,1,1,1,1,1,0,-1,1,1,2,1,1,0,-1,0,3,0,1,0,1,2,2,2,3,2,2,1,3",,,,,
559,,Bab_al_Mandab_Strait,SatRev,2026-03-16T08:13:41.000(1773648821000),-4,3.3104,0.0734,desc(↓),12.6031,43.3426,12.6517,43.0925,69.09,Partially cloudy(88.9),waterbody,OK(24),"2,4,8,8,16,16,16,4",2026-03-17,O,,O,O,,,,,,,"FEE: 0,1,1,2,2,3,1,2,2,2,3,3,3,3,3,4,4
CEM: 3,3,3,2,2,3,3,2,3,1,3,1,3,3,3,1,1,2,3,3,3,1,3,5,3,3,4,4,5,4,4,5",,,,,
558,,big_spring(usa),cal/val,2026-03-15T18:00:31.233(1773597631233),-4,-9.8083,0.1287,desc(↓),32.22,-101.512,32.0656,-100.6419,53.52,Clear(20.0),waterbody,OK(30),"2,4,8,8,16,16,16,4",2026-03-17,O,,O,O,,,,,,,"FEE: 0,1,1,2,2,3,1,2,2,2,3,3,3,3,3,4,4
CEM: 1,3,2,1,3,3,1,3,2,1,1,3,1,2,1,2,2,3,3,3,3,3,5,4,3,3,4,4,5,4,3,3",,,,,
557,,Jeddah(Saudi_Arabia),normal,2026-03-15T08:37:52.529(1773563872529),-4,10.4481,0.1839,desc(↓),21.5309,39.1582,21.6959,38.3199,62.91,Clear(0.0),waterbody,OK(30),"2,4,8,8,16,16,16,4",2026-03-17,O,,O,O,,,,,,O,"FEE: 1,1,2,2,3,3,3,2,2,3,3,3,3,4,4,4,4,4
CEM: 1,2,3,2,1,2,3,3,3,3,2,4,4,3,2,3,3,3,4,3,3,5,3,3,3,3,2,3,3,6,6,6,3",,,,,
556,2026-03-11,Strait_of_Hormuz_or_UAE_border,SatRev,2026-03-14T07:28:51.495(1773473331495),-4,3.1745,0.1637,desc(↓),26.7477,56.6192,26.7976,56.3586,58.01,Clear(0.0),waterbody,OK(30),"2,4,8,8,16,16,16,4",2026-03-15,O,,O,,,,,,,,"FEE: -3,-2,-1,-1,-1,0,-1,0,0,0,0,0,0,0,0,0,1,1
CEM: -1,0,-1,0,1,1,-1,-1,0,1,-1,-1,-1,-1,0,1,1,1,0,0,-1,0,-1,1,3,0,1,1,1,1,2,1,1",,,,,
555,,shadnagar(asia),cal/val,2026-03-14T05:57:10.494(1773467830494),-4,4.7523,0.1358,desc(↓),17.034,78.183,17.1075,77.8164,65.59,Clear(0.0),waterbody,OK(30),"2,4,8,8,16,16,16,4",2026-03-15,O,,O,O,,,,,,,"FEE: -1,0,1,1,2,2,3,1,2,2,2,2,2,3,3,3,3,3
CEM: 1,1,1,1,2,2,3,2,1,3,2,3,2,2,1,3,2,2,3,3,3,2,2,3,2,3,3,2,2,3,4,5,4",,,,,
554,,yemen_desert(yemen_desert),cal/val,2026-03-13T07:57:59.739(1773388679739),-4,-0.2266,0.0304,desc(↓),16.87,47.55,16.8614,47.568,65.14,Clear(5.0),waterbody,OK(13),"2,4,8,8,16,16,16,4",2026-03-20,O,,O,O,,,,,,,"FEE: -1,-1,0,1,1,1,0,1,0,0,1,1,2,4,4,2,2
CEM: 1,1,1,0,1,1,0,1,1,1,1,1,2,0,1,2,1,1,1,2,1,1,2,2,1,3,1,2,3,3,4,2",,,,,
553,,Navy,issue,2026-03-13T03:10:30.392(1773371430392),-4,-2.7484,0.2335,desc(↓),35.102,122.1431,35.0632,122.3966,50.15,Clear(0.0),waterbody,OK(13),"2,4,8,8,16,16,16,4",2026-03-13,O,,O,O,,,,,,,"FEE: -2,-1,0,0,0,1,1,0,0,0,0,1,1,1,2,2,3,3
CEM: 1,0,1,1,0,0,1,1,1,2,1,2,0,0,0,1,0,1,2,1,0,2,1,3,2,2,1,2,2,3,1,2,3",,,,,
552,,lake_tahoe(usa),cal/val,2026-03-12T19:18:21.315(1773343101315),-4,-12.2556,0.115,desc(↓),39,-120,38.7982,-118.8091,46.29,Clear(3.0),waterbody,OK(13),"2,4,8,8,16,16,16,4",,,,,O,,,,,,,,,,,,
551,,kerr_county(usa_texas),normal,2026-03-12T17:46:30.360(1773337590360),-4,-18.8864,0.075,desc(↓),30.0705,-99.2553,29.7715,-97.5709,53.84,Clear(3.0),waterbody,OK(17),"2,4,8,8,16,16,16,4",,,,,,,,,,,,,,,,,
550,2026-03-09,namibia_desert_2(africa),cal/val,2026-03-12T10:07:33.955(1773310053955),-4,17.259,-0.1262,desc(↓),-17.33,12.05,-17.069,10.6492,67.05,Clear(4.1),waterbody,OK(30),"2,4,8,8,16,16,16,4",2026-03-13,O,,O,O,,,,,,,"FEE: 0,0,2,2,2,2,1,2,2,2,2,2,3,5,5,3,3
CEM: 4,2,1,1,2,2,1,1,1,3,3,2,3,2,3,1,2,2,3,2,3,3,3,3,2,4,3,5,3,5,3,5",,,,*타겟했던 좌표가 영상에 포함되지 않음. 실제 촬영된건 타켓의 북쪽,
549,,HongKong_International_Airport(HongKong),airport,2026-03-12T03:40:14.800(1773286814800),-4,13.4949,0.1725,desc(↓),22.311,113.921,22.5251,112.8215,61.18,Clear(3.2),waterbody,OK(30),"2,4,8,8,16,16,16,4",2026-03-13,O,,O,O,,,,,,,"FEE: -2,-1,-1,0,0,0,0,0,0,0,0,0,3,3,1,1,1
CEM: 0,-1,1,0,0,1,-1,0,1,1,1,0,0,1,0,-1,0,2,2,1,2,1,1,1,1,1,1,2,1,3,1,1",,,,* 타겟이 영상 남쪽에 찍힘,
548,,Duqm_Port(Oman),SatRev,2026-03-11T07:16:00.821(1773213360821),-4,-8.8956,0.0645,desc(↓),19.6664,57.7205,19.5302,58.4271,61.98,Clear(5.0),waterbody,OK(27),"2,4,8,8,16,16,16,4",2026-03-18,,,,O,,,,,,,"FEE: -2,-1,0,0,1,1,0,0,0,0,2,2,1,2,1,1,3
CEM: -1,1,1,1,0,1,1,1,-1,1,0,-1,0,1,1,1,0,2,0,-1,1,2,1,1,2,1,2,3,3,1,2,1",,,,,
547,,3_sao_thong_chai,thailand,2026-03-11T04:08:52.844(1773202132844),-4,3.0761,0.1416,desc(↓),14.4031,104.7236,14.4526,104.4907,66.2,Clear(1.9),-,OK(20),"2,4,8,8,16,16,16,4",2026-03-13,O,,O,O,,,,,,O,"FEE: -1,0,1,0,1,1,0,1,1,1,1,1,2,2,2,2,2
CEM: 1,0,3,1,2,2,0,2,2,1,2,2,2,1,1,2,1,2,1,2,1,1,3,3,3,1,3,2,3,3,3,3",,,,"*타겟이 구름 그림자에 가림, 포인팅은 잘됨",
546,,belmopan(belize),normal,2026-03-10T17:08:26.894(1773162506894),-4,15.2646,0.0469,desc(↓),17.2514,-88.7669,17.4835,-89.9813,64.63,Clear(1.6),waterbody,OK(17),"2,4,8,8,16,16,16,4",,,,,,,,,,,,,,,,,
545,,Yemen_border(Oman),SatRev,2026-03-10T07:42:53.973(1773128573973),-4,13.7095,0.0463,desc(↓),17.814,52.5659,18.0205,51.4788,63.99,Clear(0.0),waterbody,OK(27),"2,4,8,8,16,16,16,4",2026-03-11,O,,O,O,,,,,,,"FEE: 1,2,2,3,3,4,2,3,3,3,3,4,4,4,5,5,5
CEM: 3,2,4,3,3,3,3,4,5,3,4,2,3,4,3,5,4,3,3,4,5,4,4,4,5,3,4,7,5,5,6,5",,,,,
544,2026-03-06,Kyiv(ukraine),SatRev,2026-03-09T09:35:00.830(1773048900830),-4,1.2199,0.191,desc(↓),50.58,30.22,50.6034,30.0835,34.49,Clear(0.9),-,OK(24),"2,4,8,8,16,16,16,4",2026-03-09,O,,O,O,,,,,,,"FEE: 3,3,4,4,4,5,4,4,4,4,5,5,7,7,5,6,6
CEM: 3,4,5,4,4,5,3,4,5,4,4,6,3,3,3,3,3,4,4,4,4,5,6,6,6,5,6,5,6,6,5,8",,,,,
543,,Bab_al_Mandab_Strait,SatRev,2026-03-09T08:10:49.871(1773043849871),-4,-4.9784,0.0683,desc(↓),12.6031,43.3426,12.5292,43.7227,66.3,Partially cloudy(30.1),waterbody,OK(24),"2,4,8,8,16,16,16,4",2026-03-10,O,,O,O,,,,,,,"FEE: 1,1,2,2,3,4,4,4,3,4,4,4,4,4,4,4,4
CEM: 1,3,4,2,3,5,2,3,3,3,3,5,3,4,3,4,2,3,3,4,3,5,3,5,4,4,4,4,4,5,6,6",,,,,
542,,san_mateo_bridge(san_mateo_bridge),cal/val,2026-03-08T19:30:19.604(1772998219604),-4,-1.1813,0.2003,desc(↓),37.6,-122.209,37.5827,-122.0944,46.23,Clear(0.3),waterbody,OK(27),"2,4,8,8,16,16,16,4",,,,,,,,,,,,,,,,,
541,,sioux_falls_range(usa),cal/val,2026-03-08T17:54:29.361(1772992469361),-4,3.1184,0.2497,desc(↓),43.556,-96.458,43.6144,-96.7713,40.84,Clear(7.0),waterbody,OK(27),"2,4,8,8,16,16,16,4",2026-03-11,O,,O,O,,,,,,,"FEE: 3,3,4,4,5,5,4,4,4,5,5,5,5,6,5,6,6
CEM: 4,4,5,5,3,3,4,5,5,5,4,6,4,6,4,5,6,6,5,5,3,7,5,6,6,5,6,6,7,6,8,8",,,,,
540,,pueblo_range(usa),cal/val,2026-03-07T18:22:17.607(1772907737607),-4,3.5277,0.1062,desc(↓),38.283,-104.607,38.3355,-104.9384,45.3,Clear(5.0),waterbody,OK(37),"2,4,8,8,16,16,16,4",2026-03-11,O,,O,O,,,,,,,"FEE: 1,2,3,4,3,4,4,3,3,4,4,4,4,5,5,5,5,5
CEM: 3,3,3,3,3,4,3,2,3,2,3,3,5,4,3,3,4,3,3,5,5,3,5,5,6,3,5,5,6,5,4,6,6",,,,,
539,,Sohar_Port(Oman),SatRev,2026-03-07T07:26:15.478(1772868375478),-4,0.4109,0.1058,desc(↓),24.4985,56.6099,24.5024,56.5782,57.06,Clear(0.0),waterbody,OK(20),"2,4,8,8,16,16,16,4",2026-03-09,O,,O,O,,,,,,,"FEE: -1,-1,-1,0,0,0,1,0,0,1,1,1,1,1,1,2,2,2
CEM: 1,1,0,0,0,1,1,0,1,2,1,0,-1,1,1,1,1,1,-1,1,3,1,1,2,1,3,2,3,2,1,3,3,3",,,,,
538,2026-03-04,Khasab_Power_Plant(Oman),SatRev,2026-03-07T07:25:52.533(1772868352533),-4,-8.0836,0.1418,desc(↓),26.0885,56.2324,25.966,56.9065,55.45,Clear(0.0),-,OK(13),"2,4,8,8,16,16,16,4",,,,,,,,,,,,"FEE: -1,-1,-1,0,0,0,1,0,0,1,1,1,1,1,1,2,2,2
CEM: 1,1,0,0,0,1,1,0,1,2,1,0,-1,1,1,1,1,1,-1,1,3,1,1,2,1,3,2,3,2,1,3,3,3",,,,,
537,,9_non_mak_mun,thailand,2026-03-07T04:20:31.929(1772857231929),-4,15.6207,0.1175,desc(↓),13.7827,102.707,14.0255,101.483,65.86,Clear(1.4),-,OK(13),"2,4,8,8,16,16,16,4",2026-03-10,O,,O,O,,,,,,O,"FEE: -1,1,1,2,1,2,1,1,2,2,2,4,4,2,3,4,4
CEM: 2,2,2,3,2,2,3,1,2,1,2,3,1,1,1,1,2,3,3,1,2,3,4,3,2,3,3,4,3,3,3,3",,,,"*구름으로 인해 타켓 안보임, 포인팅은 잘됨",
536,,"------------- MAINTENANCE mission inserted : mission start time - 2026-03-07T03:30:00.000, maintenance - bluebon-calibration-tm-------------",,,,,,,,,,,,,,,,,,,,,,,,,,,,,,,,
535,,busan(korea),landmark,2026-03-07T02:40:46.567(1772851246567),-4,-7.7715,0.1471,desc(↓),35.1032,129.047,34.9791,129.7588,47.63,Clear(0.0),waterbody,OK(33),"0,4,8,8,0,0,0,0",2026-03-09,O,,O,O,,,,,,O,"FEE: 3,4,4,5,5,5,6,4,5,5,5,5,5,6,6,6,6
CEM: 5,3,3,4,5,6,6,6,5,6,6,4,4,4,6,6,5,6,6,6,6,6,6,7,8,8,7,6,9",,,,*타겟이 잘찍히긴 했는데 구름으로 가려짐,
534,,tehran(iran),issue,2026-03-06T07:49:44.365(1772783384365),-4,-13.7419,0.0929,desc(↓),35.7176,51.3305,35.4952,52.6112,46.61,Clear(0.0),waterbody,OK(33),"2,4,8,8,16,16,16,4",2026-03-08,O,,O,O,,,,,,,"FEE: 2,3,4,4,5,5,3,4,4,4,5,5,5,5,6,6,6
CEM: 4,4,4,3,3,4,4,3,5,4,5,5,3,4,4,4,6,6,5,3,4,5,5,5,4,5,6,6,6,7,6,7",,,,*타겟이 영상의 남서쪽에 찍힘,
533,,edwards_AFB_edge_target(usa),cal/val,2026-03-05T19:15:54.546(1772738154546),-4,13.6803,0.2564,desc(↓),34.8407,-117.7626,35.0753,-119.0178,47.89,Clear(0.0),-,OK(23),"2,4,8,8,16,16,16,4",2026-03-11,O,,O,,,,,,,,"FEE: 6,6,6,7,7,8,8,7,7,7,8,8,8,8,8,9,9,11
CEM: 7,6,7,8,8,6,8,6,6,8,7,8,8,8,8,6,6,7,7,8,7,8,8,7,8,8,7,8,8,9,8,11,9",,,,*타겟이 북서쪽으로 벗어남,
532,2026-03-02,Lisse(Netherlands),normal,2026-03-05T11:20:06.412(1772709606412),-4,1.7801,0.2199,desc(↓),52.2852,4.5654,52.3222,4.3571,31.34,Clear(0.0),waterbody,OK(30),"2,4,8,8,16,16,16,4",2026-03-11,O,,O,O,,,,,,,"FEE: 0,1,2,2,2,2,3,2,2,2,2,3,3,3,3,3,4,5
CEM: 1,1,2,2,3,2,3,3,3,0,1,3,3,2,3,3,3,2,1,3,2,3,3,4,3,2,3,4,4,4,4,4,4",,,,,
531,,libya_2(africa),cal/val,2026-03-05T09:53:03.701(1772704383701),-4,6.3271,0.2032,desc(↓),25.05,20.48,25.152,19.9635,56.08,Clear(7.7),-,OK(30),"2,4,8,8,16,16,16,4",,,,,,,,,,,,,,,,,
530,,Ras_Al_Hadd(Oman),SatRev,2026-03-04T07:11:36.199(1772608296199),-4,-1.4019,0.1396,desc(↓),22.5201,59.7927,22.4999,59.9075,57.47,Clear(0.0),waterbody,OK(23),"2,4,8,8,16,16,16,4",2026-03-05,O,,O,O,,,,,,,"FEE: -4,-3,-2,-2,-1,-1,0,0,-1,0,0,0,0,0,0,0,0
CEM: 0,-1,-1,-1,-1,-1,-1,-1,-1,-1,-1,-1,-1,-1,1,0,-1,-1,0,-1,0,1,1,-1,2,0,0,1,1,1,-1,1",,,,,
529,,12_samraong_leu,thailand,2026-03-04T04:05:59.288(1772597159288),-4,-0.9724,0.0225,desc(↓),11.5714,104.6815,11.5534,104.7554,65.46,Clear(4.5),-,OK(27),"2,4,8,8,16,16,16,4",2026-03-06,O,,O,O,,,,,,O,"FEE: -3,-2,-2,-1,0,-1,0,0,0,0,2,2,2,2,0,1,2
CEM: -1,0,0,-1,1,-1,1,0,1,1,0,-1,0,1,0,1,1,1,1,-1,-1,2,1,2,1,3,-1,0,1,2,1,2",,,,*타겟이 구름 그림자에 가림,
528,,cancún(mexico),normal,2026-03-03T17:03:40.939(1772557420939),-4,17.7114,0.1319,desc(↓),21.1157,-86.8265,21.3981,-88.2834,59.1,Clear(16.4),waterbody,OK(23),"2,4,8,8,16,16,16,4",2026-03-06,O,,O,,,,,,,,"FEE: 2,3,4,4,4,5,4,4,4,4,4,6,6,5,5,7,7
CEM: 4,3,3,3,3,3,4,5,6,4,5,5,5,3,5,4,4,4,5,4,4,3,5,5,4,6,4,6,6,6,7,6",,,,*타겟이 영상의 남쪽에 찍힘,
527,2026-02-27,Köln(Germany),normal,2026-03-02T11:05:12.028(1772449512028),-4,-5.0343,0.186,desc(↓),50.9414,6.9582,50.8497,7.5563,31.34,Clear(0.7),waterbody,OK(13),"2,4,8,8,16,16,16,4",2026-03-06,O,,O,O,,,,,,,"FEE: 2,3,4,4,4,5,3,5,5,4,4,4,5,5,5,6,5
CEM: 3,3,5,3,3,4,6,6,5,3,4,3,4,3,4,3,5,4,6,5,4,6,6,6,5,6,6,5,6,6,5,6",,,,*타겟이 영상의 남쪽에 찍힘,
526,,arabia_1_site(asia),cal/val,2026-03-02T08:05:07.201(1772438707201),-4,9.6696,0.1171,desc(↓),18.88,46.76,19.0278,45.9961,60.07,Clear(0.6),-,OK(13),"2,4,8,8,16,16,16,4",2026-03-03,O,,O,O,,,,,,,"FEE: 2,3,4,4,5,4,3,4,4,4,4,5,5,5,5,6,6
CEM: 3,2,3,3,5,3,5,3,4,4,3,4,4,5,4,4,4,5,4,5,5,6,5,6,6,7,5,4,6,6,6,6",,,,,
525,,mauritania_1(africa),cal/val,2026-03-01T11:39:52.145(1772365192145),-4,-19.5779,0.1398,desc(↓),19.4,-9.3,19.1035,-7.688,58.13,Clear(0.5),-,OK(30),"2,4,8,8,16,16,16,4",,,,,,,,,,,,,,,,,
524,,mt_everest(nepal),mountain,2026-03-01T05:20:36.290(1772342436290),-4,-17.8507,0.2024,desc(↓),27.9881,86.9255,27.722,88.4544,51.22,Clear(0.2),waterbody,OK(43),"2,4,8,8,16,16,16,4",,,,,,,,,,,,,,,,,
523,,big_island(usa_hawaii),mountain,2026-02-28T21:31:31.470(1772314291470),-4,-0.3773,0.1408,desc(↓),19.4857,-155.5838,19.4821,-155.5522,58.68,Clear(4.3),waterbody,OK(33),"2,4,8,8,16,16,16,4",,,,,,,,,,,,,,,,,
522,,white_sands(usa),cal/val,2026-02-28T18:19:31.856(1772302771856),-4,-10.5196,0.0984,desc(↓),32.92,-106.35,32.7513,-105.4069,47.03,Clear(8.0),waterbody,OK(27),"2,4,8,8,16,16,16,4",,,,,,,,,,,,,,,,,
521,2026-02-25,Khasab_Power_Plant(Oman),SatRev,2026-02-28T07:21:33.727(1772263293727),-4,-19.2289,0.1185,desc(↓),26.0885,56.2324,25.7907,57.8918,52.4,Clear(0.0),-,OK(13),"2,4,8,8,16,16,16,4",2026-03-02,O,,O,,,,,,,,"FEE: 1,1,2,2,2,3,2,2,2,2,2,3,3,3,4,4,4
CEM: 1,1,3,2,3,2,2,3,1,2,2,3,2,3,3,2,4,3,5,4,4,3,4,4,4,3,3,3,3,5,5,5",,,,,
520,,14_Prasat_Ta_Muan_Thom,thailand,2026-02-28T04:16:02.110(1772252162110),-4,8.5996,0.1703,desc(↓),14.3497,103.2663,14.485,102.6054,62.7,Clear(5.0),-,OK(13),"2,4,8,8,16,16,16,4",2026-03-02,O,,,,,,,,,O,"FEE: 1,2,2,3,4,3,2,3,3,3,3,3,4,4,4,5,5
CEM: 4,4,3,4,5,3,3,2,4,4,3,3,4,3,3,3,4,2,3,4,4,3,4,3,5,6,5,6,7,5,4,6",,,,*구름으로 중앙 식별 불가,
519,,Matterhorn(Switzerland),mountain,2026-02-27T10:51:03.107(1772189463107),-4,-16.9293,0.1735,desc(↓),45.9791,7.6801,45.6912,9.5388,34.59,Clear(0.0),-,OK(23),"2,4,8,8,16,16,16,4",2026-03-06,O,,O,O,,,,,,,"FEE: -1,0,1,1,2,2,1,2,2,1,1,2,2,2,2,3,3
CEM: 2,1,0,2,2,1,3,2,1,3,2,1,1,1,3,3,2,2,1,1,1,3,1,1,1,2,3,3,3,3,4,3",,,,*타겟했던 좌표가 영상에 포함되지 않음.,
518,,isfahan_nuclear_tech_enter(iran),issue,2026-02-27T07:46:04.317(1772178364317),-4,-11.7846,0.1213,desc(↓),32.5785,51.8258,32.3927,52.8781,46.75,Clear(0.0),-,OK(23),"2,4,8,8,16,16,16,4",2026-03-18,O,,O,O,,,,,,,"FEE: 0,0,0,1,1,2,1,2,1,1,1,2,2,2,2,3,3
CEM: 1,3,1,2,2,1,1,1,1,1,1,2,1,1,2,2,2,1,1,1,1,4,2,3,3,3,3,4,2,3,3,3",,,,,
517,,edwards_AFB_edge_target(usa),cal/val,2026-02-26T19:11:24.303(1772133084303),-4,2.6002,0.203,desc(↓),34.8407,-117.7626,34.8845,-117.9934,44.93,Clear(11.0),-,OK(23),"2,4,8,8,16,16,16,4",2026-03-10,O,,O,O,,,,,,,"FEE: 3,3,4,4,4,5,4,4,4,4,4,5,5,5,5,6,6
CEM: 3,5,3,3,3,4,4,4,5,5,5,5,3,4,6,4,4,5,3,5,5,6,6,5,5,6,6,4,6,5,6,6",,,,* 타겟이 완전 영상 남쪽에 찍힘,
516,2026-02-23,libya_2(africa),cal/val,2026-02-26T09:48:33.247(1772099313247),-4,-6.235,0.1712,desc(↓),25.05,20.48,24.9582,20.9956,53.05,Clear(5.0),-,OK(22),"2,4,8,8,16,16,16,4",2026-02-27,O,,O,O,,,,,,,"FEE: 1,2,3,3,4,4,3,3,3,5,6,4,4,4,4,5,5
CEM: 4,1,3,3,2,2,3,4,3,3,3,4,2,3,4,4,2,3,4,3,4,4,5,4,4,6,5,5,4,6,4,6",,,,,
515,,dunhuang(asia),cal/val,2026-02-26T05:01:50.281(1772082110281),-4,-11.1253,0.1649,desc(↓),40.13,94.34,39.9482,95.4386,39.6,Clear(5.0),waterbody,OK(22),"2,4,8,8,16,16,16,4",2026-03-03,O,,O,O,,,,,,,"FEE: 2,3,3,3,4,4,3,4,4,4,4,4,4,5,6,5,5
CEM: 3,3,4,4,2,3,3,5,3,3,3,4,3,4,4,5,3,5,5,3,3,6,3,5,4,7,6,6,5,6,6,5",,,,,
514,,Ras_Al_Hadd(Oman),SatRev,2026-02-25T07:06:56.215(1772003216215),-4,-14.4097,0.1755,desc(↓),22.5201,59.7927,22.3058,60.9807,54.43,Clear(0.0),waterbody,OK(20),"2,4,8,8,16,16,16,4",2026-03-10,O,,O,O,,,,,,,"FEE: -1,0,0,1,1,2,1,1,1,1,1,2,2,2,3,2,3
CEM: 0,0,2,0,2,1,2,1,2,3,1,2,3,2,0,1,1,1,1,2,2,1,3,3,3,2,1,3,3,3,4,5",,,,,
513,,12_samraong_leu,thailand,2026-02-25T04:01:18.244(1771992078244),-4,-14.8265,0.1571,desc(↓),11.5714,104.6815,11.3559,105.8359,62.5,Clear(4.6),-,OK(23),"2,4,8,8,16,16,16,4",2026-03-03,O,,O,,,,,,,O,"FEE: 0,1,1,2,2,2,1,2,2,2,2,2,3,3,3,3,4
CEM: 1,1,3,1,2,2,1,1,3,1,3,2,1,3,1,3,3,3,3,2,3,1,3,2,3,4,3,5,4,4,3,3",,,,*구름으로 중앙 식별 불가,
512,,belmopan(belize),normal,2026-02-24T17:00:00.255(1771952400255),-4,-9.1212,0.1867,desc(↓),17.2514,-88.7669,17.1221,-88.0489,58.58,Clear(0.0),waterbody,OK(17),"2,4,8,8,16,16,16,4",2026-03-01,O,,O,O,,,,,,O,"FEE: 3,4,4,5,5,5,4,4,5,5,5,6,8,8,6,8,8
CEM: 4,3,4,4,5,6,5,4,3,6,6,4,6,5,5,5,5,6,5,6,5,6,6,5,5,7,6,6,8,6,6,6",,,,*구름으로 타겟 식별 불가,
511,2026-02-20,egypt_1(africa),cal/val,2026-02-23T09:32:07.794(1771839127794),-4,10.4756,0.1089,desc(↓),27.41,26.38,27.5724,25.4954,50.46,Clear(0.0),-,OK(22),"2,4,8,8,16,16,16,4",,,,,,,,,,,,,,,,,
510,,isfahan_nuclear_tech_enter(iran),issue,2026-02-23T07:56:28.742(1771833388742),-4,16.5929,0.1717,desc(↓),32.5785,51.8258,32.8561,50.326,46.02,Clear(0.0),-,OK(22),"2,4,8,8,16,16,16,4",,,,,,,,,,,,,,,,,
509,,sioux_falls_range(usa),cal/val,2026-02-22T17:45:23.930(1771782323930),-4,-16.5371,0.118,desc(↓),43.556,-96.458,43.2749,-94.7079,35.06,Clear(2.0),waterbody,OK(13),"2,4,8,8,16,16,16,4",,,,,,,,,,,,,,,,,
508,,"------------- MAINTENANCE mission inserted : mission start time - 2026-02-22T04:00:00.000, maintenance - bluebon-calibration-tm-------------",,,,,,,,,,,,,,,,,,,,,,,,,,,,,,,,
507,,Tokyo(Japan),normal,2026-02-22T02:04:47.097(1771725887097),-4,10.2203,0.0995,desc(↓),35.6586,139.7454,35.8221,138.8031,42.63,Clear(0.0),waterbody,OK(17),"0,4,8,8,0,0,0,0",2026-02-23,O,,O,O,,,,,,O,"FEE: -3,-2,-2,-1,-1,0,-1,-1,-1,0,0,0,0,0,0,0
CEM: 0,-1,-1,-1,0,-2,-1,1,1,1,1,-1,0,-1,-1,-1,-1,-1,-1,1,0,1,0,1,2,0,1,1",,,,*구름으로 타겟 식별 불가,
506,,pueblo_range(usa),cal/val,2026-02-21T18:12:54.964(1771697574964),-4,-18.407,0.1774,desc(↓),38.283,-104.607,37.9862,-102.793,39.44,Clear(6.0),waterbody,OK(13),"2,4,8,8,16,16,16,4",,,,,,,,,,,,,,,,,
505,,shanghai(china),normal,2026-02-21T14:35:31.741(1771684531741),-4,-2.2091,-0.1102,asc(↑),31.2304,121.4647,31.1924,121.2715,-60.2,Clear(0.0),waterbody,OK(10),"16,16,16,16,16,16,16,16",2026-02-25,O,,O,,,,,,,,"FEE: 2,3,4,4,4,4,3,4,4,5,5,5,8,8,6,7,7
CEM: 3,4,3,3,4,3,3,6,5,4,6,4,4,3,3,3,3,5,4,6,6,4,4,6,6,6,8,4,5,6,6,6",,,,"* 야간촬영
*Time Offset -4 복구",
504,2026-02-18,Seeb(Oman),SatRev,2026-02-21T07:16:53.743(1771658213743),0,-6.8836,0.0947,desc(↓),23.7096,58.0905,23.6031,58.6527,52.33,Clear(0.0),waterbody,OK(13),"2,4,8,8,16,16,16,4",2026-02-24,O,,O,,,,,,,,"FEE: -5,-4,-3,-4,-3,-3,-3,-3,-3,-3,-2,-2,-1,-1,-1,-1,-1
CEM: -1,-4,-1,-3,-1,-5,-1,-3,-3,-1,-2,-3,-1,-4,-4,-1,-2,-1,-1,-3,-1,-2,-1,-2,-1,-1,-2,-2,-1,-2,-1,1",,,,,
503,,6_bak_dai,thailand,2026-02-21T04:10:49.722(1771647049722),0,-5.717,0.0691,desc(↓),14.3526,103.3738,14.2668,103.814,59.74,Clear(5.0),-,OK(13),"2,4,8,8,16,16,16,4",2026-02-24,O,,O,,,,,,,,"FEE: -2,-1,-1,0,0,1,0,0,0,0,1,1,1,1,1,2,2
CEM: 1,0,1,0,0,1,0,-1,1,1,1,1,1,1,1,2,3,1,1,1,2,2,2,1,2,1,1,2,4,3,3,3",,,,,
502,,tuzgltest_site(asia),cal/val,2026-02-20T09:13:11.052(1771578791052),0,10.271,0.117,desc(↓),38.83,33.33,38.9995,32.3428,39.11,Clear(0.0),waterbody,OK(13),"2,4,8,8,16,16,16,4",2026-02-21,O,,O,O,,,,,,,"FEE: 6,7,7,8,8,9,7,8,8,8,8,9,9,9,9,10,10
CEM: 8,8,6,6,8,7,7,8,9,7,8,8,8,8,9,8,9,7,8,8,8,8,8,8,8,8,9,9,8,10,10,11",,,,,
501,,Gyeonggi_Provincial_Office(Korea),normal,2026-02-20T02:56:32.979(1771556192979),0,9.402,0.2029,desc(↓),37.289,127.0534,37.4477,126.1723,40.41,Clear(0.0),waterbody,OK(30),"2,4,8,8,16,16,16,4",2026-02-26,O,,O,O,,,,,,,"FEE: -1,-1,0,0,0,1,0,0,0,0,1,1,1,1,2,4,4
CEM: 0,-1,1,0,1,0,1,1,1,0,2,1,-1,-1,0,1,2,1,1,1,1,1,2,1,1,2,1,3,1,2,2,3",,,,,
500,,salton_sea(usa),cal/val,2026-02-19T19:06:17.845(1771527977845),0,13.5805,0.2035,desc(↓),33.225,-115.824,33.4523,-117.05,44.09,Clear(15.3),waterbody,OK(30),"2,4,8,8,16,16,16,4",2026-02-25,O,,O,O,,,,,,,"FEE: 7,7,8,8,8,9,8,8,8,8,9,9,10,10,10,10,10
CEM: 8,10,6,7,8,8,8,8,8,8,9,9,8,9,9,8,9,8,8,10,8,9,8,11,8,10,10,11,11,9,11,11",,,,,
499,,kangerlussuaq(greenland),normal,2026-02-19T15:48:36.827(1771516116827),0,18.6632,0.1385,desc(↓),67.0127,-50.7116,67.5871,-54.2644,11.84,Clear(4.5),waterbody,OK(20),"2,4,8,8,16,16,16,4",2026-02-26,O,,O,,,,,,,,,,,,*영상 남쪽 정합이 제대로 안돼서 영상 새로 다운받고 재처리해도 안됨,
498,2026-02-16,libya_4(africa),cal/val,2026-02-19T09:41:57.837(1771494117837),0,2.6251,0.2075,desc(↓),28.55,23.39,28.5947,23.1718,47.83,Clear(0.0),-,OK(30),"2,4,8,8,16,16,16,4",,,,,,,,,,,,,,,,,
497,,thar_desert(asia),cal/val,2026-02-19T06:33:36.789(1771482816789),0,19.5446,0.0674,desc(↓),27.63,71.86,27.948,70.1503,49.07,Clear(0.0),waterbody,OK(30),"2,4,8,8,16,16,16,4",,,,,,,,,,,,,,,,,
496,,sioux_falls_range(usa),cal/val,2026-02-18T17:55:22.022(1771437322022),0,6.6439,0.2217,desc(↓),43.556,-96.458,43.6746,-97.1358,34.08,Clear(16.0),waterbody,OK(7),"2,4,8,8,16,16,16,4",,,,,,,,,,,,,,,,,
495,,mauritania_1(africa),cal/val,2026-02-18T11:44:44.626(1771415084626),0,-4.1434,0.0633,desc(↓),19.4,-9.3,19.3345,-8.9726,55.03,Clear(0.0),-,OK(20),"2,4,8,8,16,16,16,4",2026-02-21,O,,O,O,,,,,,,"FEE: 3,4,5,5,6,6,6,5,5,6,6,6,6,6,7,8,8,7
CEM: 6,6,4,6,6,6,6,5,6,5,6,5,5,7,5,6,7,6,5,7,6,6,6,7,8,7,7,7,8,7,8,7,9",,,,,
494,,big_island(usa_hawaii),mountain,2026-02-17T21:36:16.749(1771364176749),0,15.2765,0.1865,desc(↓),19.4857,-155.5838,19.7277,-156.8045,55.46,Clear(4.8),waterbody,OK(27),"2,4,8,8,16,16,16,4",2026-02-21,O,,O,O,,,,,,,"FEE: -1,0,0,1,1,1,0,0,0,1,3,3,2,2,2,2,2
CEM: 1,0,-1,0,1,1,0,1,1,1,2,1,2,1,1,1,2,0,2,1,0,3,3,3,3,2,3,3,2,3,3,3",,,,,
493,,cancún(mexico),normal,2026-02-17T16:53:10.444(1771347190444),0,-12.0312,0.062,desc(↓),21.1157,-86.8265,20.9305,-85.8529,53.08,Clear(16.5),waterbody,OK(17),"2,4,8,8,16,16,16,4",2026-02-20,O,,O,O,,,,,,,"FEE: 2,2,3,3,4,3,4,3,3,4,4,4,5,5,5,5,5,6
CEM: 2,2,3,4,3,5,3,3,3,3,4,4,3,5,3,4,5,3,4,3,6,4,5,6,3,4,4,4,5,5,5,6,6",,,,,
492,2026-02-13,gobabeb(africa),cal/val,2026-02-16T09:39:39.116(1771234779116),0,-16.2926,-0.1768,desc(↓),-23.55,15.033,-23.8176,16.4104,64.97,Clear(0.0),waterbody,OK(30),"2,4,8,8,16,16,16,4",2026-02-18,O,,O,O,1,-20.434959,-3.115041,-66.968503,82.001503,,"FEE: -4,-3,-2,-2,-2,-2,-2,0,0,-1,-1,0,0,0,2,1,0
CEM: -2,-1,-3,0,-2,0,-1,-1,-3,-1,-1,-3,-2,-1,-2,-3,-1,-1,-1,-1,-1,-1,-1,-1,-1,0,-1,1,1,1,1,1",,,,,
491,,isfahan_nuclear_tech_enter(iran),issue,2026-02-16T07:50:33.360(1771228233360),0,1.4967,0.2033,desc(↓),32.5785,51.8258,32.6047,51.6982,43.17,Clear(0.0),-,OK(30),"2,4,8,8,16,16,16,4",2026-02-20,O,,O,O,,,,,,,"FEE: -6,-6,-5,-4,-4,-4,-4,-4,-4,-3,-4,-3,-3,-2,-2,-3,0
CEM: -3,-4,-5,-3,-4,-4,-4,-4,-4,-4,-5,-4,-4,-4,-4,-5,-3,-4,-4,-3,-1,-4,-2,-2,-4,-3,-4,-1,-2,-1,-2,-1",,,,,
490,,libya_2(africa),cal/val,2026-02-15T09:52:47.321(1771149167321),0,7.4239,0.1218,desc(↓),25.05,20.48,25.1634,19.8704,49.66,Clear(0.0),-,OK(23),"2,4,8,8,16,16,16,4",2026-02-16,O,,O,O,,,,,,,"FEE: 1,2,2,3,4,4,3,3,3,3,4,4,6,6,7,7,5
CEM: 2,4,3,3,3,3,2,4,3,5,5,4,2,4,3,3,3,3,5,5,5,4,5,3,6,4,6,6,5,5,4,6",,,,,
489,,Tokyo(Japan),normal,2026-02-15T01:58:42.397(1771120722397),0,-5.062,0.2075,desc(↓),35.6586,139.7454,35.581,140.2129,39.82,Clear(0.0),waterbody,OK(37),"2,4,8,8,16,16,16,4",2026-02-16,O,,O,O,,,,,,,"FEE: -5,-4,-3,-3,-3,-3,-2,-3,-2,-2,-2,-1,-1,-1,-1,-1,-1,0
CEM: -2,-1,-4,-4,-3,-3,-3,-1,-2,-3,-2,-2,-4,-2,-3,-2,-3,-3,-1,-1,-1,-3,-1,-1,-2,-1,-1,-1,-1,-1,-1,-2,0",,,,,
488,,barreal_blanco(south_america),cal/val,2026-02-14T15:16:35.268(1771082195268),0,-3.0096,-0.2251,desc(↓),-31.86,-69.45,-31.913,-69.1858,61.06,Clear(0.1),-,OK(27),"2,4,8,8,16,16,16,4",,,,,,,,,,,,,,,,* old mission file uploaded,
487,,shanghai(china),normal,2026-02-14T14:29:24.076(1771079364076),0,13.9019,-0.231,asc(↑),31.2304,121.4647,31.4626,122.6913,-60.81,Clear(0.8),waterbody,OK(20),"16,16,16,16,16,16,16,16",,,,,,,,,,,,,,,,* old mission file uploaded,
486,2026-02-11,Ras_Al_Hadd(Oman),SatRev,2026-02-14T07:10:57.090(1771053057090),0,-1.3939,0.1352,desc(↓),22.5201,59.7927,22.4996,59.9069,51.19,Clear(0.0),waterbody,OK(13),"2,4,8,8,16,16,16,4",2026-02-16,O,,O,O,,,,,,,"FEE: -2,-1,0,0,1,0,0,0,1,1,1,1,1,1,2,2,2
CEM: 1,0,1,0,1,2,-1,1,0,2,1,1,1,1,1,0,1,1,1,1,2,1,1,0,1,0,1,1,3,3,3,1",,,,,
485,,12_samraong_leu,thailand,2026-02-14T04:05:17.425(1771041917425),0,-1.1048,0.0305,desc(↓),11.5714,104.6815,11.552,104.7657,59.88,Clear(5.2),-,OK(13),"2,4,8,8,16,16,16,4",2026-02-15,O,,O,O,,,,,,,"FEE: 1,1,2,3,3,3,4,2,3,3,3,3,3,4,4,4,5,4
CEM: 3,3,1,3,3,3,3,3,2,3,3,3,4,3,3,3,2,2,2,2,3,3,6,3,4,4,4,3,6,4,3,6,4",,,,,
484,,Tokyo(Japan),normal,2026-02-13T13:22:10.419(1770988930419),0,-10.8818,-0.0966,asc(↑),35.6586,139.7454,35.4814,138.7381,-59.35,Clear(0.0),waterbody,OK(13),"16,16,16,16,16,16,16,16",2026-02-14,O,,O,,,,,,,,"FEE: 4,5,6,6,6,7,7,6,6,7,7,7,7,7,8,8,8,8
CEM: 5,5,6,6,6,6,5,7,6,6,6,6,6,6,6,8,6,6,8,6,8,8,8,6,8,8,8,8,8,7,8,7,8",,,,* 야간촬영,
483,,Kamphaeng_Saen_Airport(thailand),airport,2026-02-13T04:30:31.643(1770957031643),0,13.9831,0.0845,desc(↓),14.102,99.917,14.316,98.8241,58.3,Clear(14.5),waterbody,OK(13),"2,4,8,8,16,16,16,4",2026-02-17,O,,O,O,,,,,,,"FEE: 2,2,3,3,3,4,4,3,3,4,4,4,4,6,6,5,6,6
CEM: 3,4,3,3,3,3,3,3,3,4,4,5,4,3,4,3,4,4,3,6,3,4,3,4,4,3,4,5,4,6,5,4,7",,,,,
482,2026-02-09,libya_3(africa),cal/val,2026-02-12T09:36:59.850(1770889019850),0,-4.5092,0.0528,desc(↓),23.15,23.1,23.0764,23.4655,49.96,Clear(0.0),-,OK(13),"2,4,8,8,16,16,16,4",2026-02-19,O,,O,O,,,,,,,"FEE: 2,2,3,3,4,4,3,3,4,4,4,4,4,4,4,5,5
CEM: 4,3,3,3,3,2,4,5,3,3,3,4,3,5,4,3,4,4,4,4,3,7,4,3,5,4,5,5,6,6,4,5",,,,,
481,,Navy,issue,2026-02-12T03:16:40.247(1770866200247),0,15.9863,0.2335,desc(↓),35.102,122.1431,35.3783,120.6545,39.82,Clear(0.0),waterbody,OK(13),"2,4,8,8,16,16,16,4",2026-02-13,O,,O,,,,,,,,"FEE: 1,1,2,2,3,3,2,2,2,3,3,3,3,4,6,5,5
CEM: 3,3,3,2,3,4,3,2,3,4,3,3,3,2,4,3,3,3,4,3,4,5,4,6,3,5,5,3,6,6,5,6",,,,* 일단 바다가 찍히긴 함,
480,,gyeongbokgung(korea),landmark,2026-02-11T14:14:33.152(1770819273152),0,-17.6561,-0.1679,asc(↑),37.5793,126.9769,37.2958,125.2616,-58.77,Clear(0.0),waterbody,OK(13),"16,4,8,8,16,16,16,16",2026-02-12,O,,O,,,,,,,,"FEE: 7,7,7,8,8,8,9,10,8,8,8,9,9,9,9,12,12
CEM: 9,8,9,8,8,7,6,8,8,8,9,8,8,7,8,8,8,9,8,8,8,9,9,11,10,8,9,10,10,8,11,9",,,,* 야간촬영,
479,,mauritania_2(africa),cal/val,2026-02-11T11:37:51.849(1770809871849),0,-19.7282,0.0575,desc(↓),20.85,-8.78,20.5436,-7.1397,51.05,Clear(0.0),-,OK(10),"2,4,8,8,16,16,16,4",2026-02-12,O,,O,O,,,,,,,"FEE: 6,7,8,8,8,9,7,7,8,8,8,9,9,9,9,10,10
CEM: 8,7,8,8,9,8,8,7,8,7,8,8,8,8,7,9,9,8,9,8,8,8,8,10,8,11,10,9,9,10,11,10",,,,,
478,,Kensas(US),normal,2026-02-10T18:16:02.397(1770747362397),0,19.4202,0.1388,desc(↓),38.5202,-101.5706,38.8636,-103.4872,36.3,Clear(13.0),-,OK(17),"2,4,8,8,16,16,16,4",2026-02-17,O,,O,O,,,,,,,"FEE: 8,8,9,9,10,10,10,9,9,10,10,10,10,11,11,11,11,11
CEM: 9,11,8,9,8,10,8,7,11,11,9,11,9,11,9,10,10,9,8,9,10,8,11,9,10,11,11,11,12,10,12,12,13",,,,,
477,,"------------- MAINTENANCE mission inserted : mission start time - 2026-02-10T17:30:00.000, maintenance - bluebon-calibration-tm-------------",,,,,,,,,,,,,,,,,,,,,,,,,,,,,,,,
476,,managua(nicaragua),normal,2026-02-10T16:48:48.885(1770742128885),0,-2.3381,0.0742,desc(↓),12.1364,-86.2514,12.1019,-86.0727,58.44,Clear(0.0),waterbody,OK(7),"0,4,8,8,0,0,0,0",2026-03-02,O,,,O,,,,,,,"FEE: 6,6,7,7,7,8,7,7,7,7,8,8,8,8,8,8
CEM: 8,9,8,6,7,8,8,7,8,8,8,8,7,8,8,8,8,8,7,8,9,8,9,10,9,11,9,9",,,,,
475,2026-02-06,arabia_2_site(asia),cal/val,2026-02-09T07:46:52.041(1770623212041),0,5.3138,0.1027,desc(↓),20.13,50.96,20.2092,50.5406,51.9,Clear(0.0),-,OK(24),"2,4,8,8,16,16,16,4",2026-02-10,O,,O,O,,,,,,,"FEE: 9,9,10,10,11,11,10,11,11,11,11,11,12,12,12,13,13
CEM: 10,11,11,13,11,10,11,10,10,11,11,11,10,11,11,11,11,10,13,12,10,11,12,11,14,12,12,11,12,13,13,13",,,,* red가 너무 지배적,
474,,Gyeonggi_Provincial_Office(Korea),normal,2026-02-09T02:59:28.200(1770605968200),0,17.4467,0.2635,desc(↓),37.289,127.0534,37.5998,125.3742,36.88,Clear(6.8),waterbody,OK(33),"2,4,8,8,16,16,16,4",2026-02-13,O,,O,O,,,,,,,"FEE: 8,8,9,10,9,10,11,11,10,10,10,11,11,11,11,11,12
CEM: 10,10,9,9,9,9,11,11,11,10,10,10,9,9,10,11,13,11,10,11,10,10,10,12,11,10,10,11,12,12,12,11",,,,* 주변에 구름이 있긴한데 타겟은 보임,
473,,ivanpah_playa(usa),cal/val,2026-02-08T19:08:33.462(1770577713462),0,19.3833,0.2143,desc(↓),35.57,-115.4,35.9111,-117.2424,38.4,Clear(1.3),waterbody,OK(33),"2,4,8,8,16,16,16,4",2026-02-11,O,,O,O,,,,,,,"FEE: 9,10,10,11,12,12,12,11,12,12,12,12,12,12,13,13,13,13
CEM: 11,10,11,10,11,11,13,10,12,11,11,12,11,11,11,13,11,10,12,11,13,12,12,12,12,11,13,12,13,13,13,13,13",,,,,
472,,Sary_Shagan(Kazakhstan),normal,2026-02-08T06:31:41.928(1770532301928),0,-6.3047,0.2476,desc(↓),46.1193,73.6107,46.0157,74.2934,27.96,Clear(5.0),waterbody,OK(33),"2,4,8,8,16,16,16,4",,,,,,,,,,,,,,,,,
471,,big_spring(usa),cal/val,2026-02-07T18:01:10.978(1770487270978),0,-4.4399,0.1145,desc(↓),32.22,-101.512,32.1473,-101.1198,40.59,Clear(6.0),waterbody,OK(33),"2,4,8,8,16,16,16,4",,,,,,,,,,,,,,,,,
470,,chesapeake_bay_bridge_and_tunnel(usa),cal/val,2026-02-07T16:25:36.585(1770481536585),0,2.2233,0.1204,desc(↓),37.034,-76.079,37.0659,-76.2832,36.35,Clear(18.0),waterbody,OK(27),"2,4,8,8,16,16,16,4",,,,,,,,,,,,,,,,,
469,2026-02-04,Astana(Kazakhstan),normal,2026-02-07T06:56:13.508(1770447373508),0,13.8701,0.1406,desc(↓),51.1264,71.4443,51.4005,69.7786,23.22,Clear(5.0),-,OK(22),"2,4,8,8,16,16,16,4",2026-02-11,O,,O,O,,,,,,,"FEE: 9,9,9,10,11,11,11,10,12,12,11,11,11,11,12,12,12,12
CEM: 11,10,11,10,11,11,10,11,8,11,11,11,11,11,13,11,11,11,11,11,11,11,11,10,11,9,13,13,12,12,13,13,11",,,,,
468,,melbourne(australia),normal,2026-02-07T01:02:33.757(1770426153757),0,17.467,-0.2507,desc(↓),-37.8195,144.914,-37.5379,143.1678,59.76,Clear(0.0),waterbody,OK(22),"2,4,8,8,16,16,16,4",2026-02-09,O,,O,O,,,,,,,"FEE: 4,5,6,6,7,7,6,6,6,6,6,7,7,7,7,8,8
CEM: 6,6,5,8,6,5,6,6,6,5,7,6,6,4,6,6,6,6,8,8,7,6,7,7,5,7,8,6,8,8,8,9",,,,,
467,,Zharkol_Lakes(Kazakhstan),normal,2026-02-06T07:21:30.902(1770362490902),0,-11.398,0.1702,desc(↓),53.6446,62.7163,53.4293,64.1631,20.19,Clear(5.0),-,OK(22),"2,4,8,8,16,16,16,4",2026-02-09,O,,O,O,,,,,,,"FEE: 6,7,7,7,7,8,7,7,7,7,8,8,8,9,9,9,9
CEM: 7,6,8,7,8,7,6,8,7,7,7,8,8,9,8,10,8,8,9,7,8,8,8,8,8,8,9,8,10,8,10,8",,,,,
466,,bangkok(thailand),normal,2026-02-06T04:23:26.795(1770351806795),0,0.6724,0.0738,desc(↓),13.7539,100.5066,13.7631,100.4563,56.1,Clear(0.0),waterbody,OK(22),"2,4,8,8,16,16,16,4",2026-02-11,O,,O,O,,,,,,,"FEE: 5,6,7,7,7,8,7,7,7,9,9,7,8,8,8,9,9
CEM: 6,8,7,6,6,7,8,7,7,6,7,7,6,7,8,8,7,7,6,8,7,8,6,8,8,8,8,8,10,9,8,10",,,,* 주변에 구름이 있긴한데 타겟은 보임, 
465,,Grand_Canyon(usa),landmark,2026-02-05T18:51:49.088(1770317509088),0,6.7845,0.1753,desc(↓),36.2746,-112.3653,36.3854,-112.9876,36.57,Clear(2.7),-,OK(43),"2,4,8,8,16,16,16,4",2026-02-10,O,,O,O,,,,,,,"FEE: 7,8,8,9,10,10,9,9,11,11,10,10,10,10,10,11,11
CEM: 8,11,9,8,9,8,9,9,8,9,11,8,11,9,9,8,9,9,10,9,10,9,10,11,10,11,11,11,11,11,11,10",,,,,
464,2026-02-02,"------------- MAINTENANCE mission inserted : mission start time - 2026-02-05T09:00:00.000, maintenance - bluebon-calibration-------------",,,,,,,,,,,,,,,,,,,,,,,,,,,,,,,"* 'MAINTENANCE' 미션 전까지 업링크 지상국 예약 스케줄이 안남 (다음으로 미션 미루고, 파일은 늦더라도 업로드할 예정)",
463,,tehran(iran),issue,2026-02-05T07:52:05.700(1770277925700),0,-5.0031,0.2115,desc(↓),35.7176,51.3305,35.6414,51.7919,36.69,Clear(7.2),waterbody,OK(27),"0,4,8,8,0,0,0,0",2026-02-08,O,,O,O,,,,,,,"FEE: 8,9,10,10,11,11,11,10,10,10,11,11,11,11,11,12,12
CEM: 10,10,10,11,11,11,11,11,11,11,11,11,10,11,10,12,11,11,11,11,11,11,11,13,13,12,13,13,13",,,,* 본체 GNSS 연동 시작 - MPS Time Offset 제거 (0초로 설정),
462,,Charyn_Canyon(Kazakhstan),normal,2026-02-05T06:15:42.385(1770272142385),0,13.6427,0.2436,desc(↓),43.3501,79.0539,43.6,77.6419,29.97,Clear(8.8),-,OK(27),"0,4,8,8,0,0,0,4",2026-02-10,O,,O,,,,,,,,"FEE: 7,8,9,9,9,10,10,9,9,9,10,10,10,10,10,10,10
CEM: 8,9,10,9,9,10,10,9,10,9,9,9,10,9,10,10,8,9,10,10,10,10,9,11,9",,,,,
461,,rogers_dry_lake(usa),cal/val,2026-02-04T19:17:56.184(1770232676184),0,19.8524,0.1717,desc(↓),34.96,-117.86,35.306,-119.7388,37.77,Clear(1.3),waterbody,OK(13),"2,4,8,8,16,16,16,4",2026-02-05,O,,O,O,,,,,,,"FEE: 7,8,9,9,10,10,8,9,9,10,10,10,10,10,11,11,11
CEM: 9,10,8,9,10,8,9,9,10,8,10,9,9,8,8,8,8,9,8,11,10,11,8,11,11,12,11,12,11,12,11,13",,,,,
460,,qasim_port(pakistan),normal,2026-02-04T06:46:24.240(1770187584240),0,12.4095,0.1162,desc(↓),24.8004,67.3714,24.994,66.3413,46.64,Clear(0.0),waterbody,OK(13),"2,4,8,8,16,16,16,4",2026-02-05,O,,O,O,,,,,,,"FEE: 8,8,9,10,10,10,9,9,9,10,10,11,11,11,11,12,11
CEM: 9,8,10,10,8,10,11,9,10,11,9,9,10,11,10,8,11,11,11,11,11,11,11,11,11,11,11,11,10,11,11,11",,,,,
459,,barreal_blanco(south_america),cal/val,2026-02-03T15:18:31.116(1770131911116),0,3.3189,-0.17,desc(↓),-31.86,-69.45,-31.8078,-69.7494,63.85,Clear(0.0),-,OK(13),"2,4,8,8,16,16,16,4",2026-02-05,O,,O,O,,,,,,,"FEE: 9,10,10,11,11,12,11,11,12,12,12,12,13,13,13,13,13
CEM: 11,11,11,11,10,11,11,11,11,11,11,11,10,11,12,11,11,11,11,12,12,12,12,12,12,12,12,13,14,12,13,13",,,,,
458,,shanghai(china),normal,2026-02-03T14:31:19.712(1770129079712),0,7.643,-0.1967,asc(↑),31.2304,121.4647,31.3547,122.1289,-63.51,Clear(2.6),waterbody,OK(7),"16,0,0,0,0,0,0,16",2026-02-04,O,,O,,,,,,,,"FEE: 9,10,10,10,11,11,12,11,11,11,11,11,12,12,12,12,12
CEM: 9,12,11,11,11,8,13,11,10,11,10,11,11,11,11,11,11,11,10,10,12",,,,* 야간촬영,
457,2026-01-30,suez_canal,landmark,2026-02-02T09:10:40.118(1770023440118),-4,12.8467,0.169,desc(↓),30.5422,32.3397,30.7513,31.2149,40.97,Clear(0.0),waterbody,OK(13),"2,4,8,8,16,16,16,4",,,,,,,,,,,,,,,,* old mission file uploaded,
456,,Maenggoldo(KOREA),normal,2026-02-02T02:52:38.601(1770000758601),-4,-5.0216,0.1711,desc(↓),34.2278,125.8832,34.149,126.3384,37.14,Clear(4.1),waterbody,OK(17),"2,4,8,8,16,16,16,4",,,,,,,,,,,,,,,,* old mission file uploaded,
455,,Kyiv(ukraine),SatRev,2026-02-01T09:31:11.386(1769938271386),-4,-3.9914,0.1811,desc(↓),50.58,30.22,50.5071,30.6912,21.76,Clear(0.0),-,OK(13),"2,4,8,8,16,16,16,4",,,,,,,,,,,,,,,,* old mission file uploaded,
454,,Navy,issue,2026-02-01T03:18:03.196(1769915883196),-4,20.1589,0.0927,desc(↓),35.102,122.1431,35.4486,120.2275,36.61,Clear(0.2),waterbody,OK(17),"2,4,8,8,16,16,16,4",,,,,,,,,,,,,,,,* old mission file uploaded,
453,,Wellington(New_Zealand),normal,2026-01-31T22:55:23.147(1769900123147),-4,6.8289,-0.1906,desc(↓),-41.3229,174.8074,-41.2083,174.1075,57.87,Clear(0.0),waterbody,OK(23),"2,4,8,8,16,16,16,4",,,,,,,,,,,,,,,,* old mission file uploaded,
452,2026-01-28,Can_Gio_mangrove(vietnam),normal,2026-01-31T03:50:24.312(1769831424312),-4,-16.6274,0.0496,desc(↓),10.5282,106.8935,10.2766,108.1912,56.45,Clear(5.4),waterbody,OK(22),"2,4,8,8,16,16,16,4",2026-02-04,O,,O,O,,10.5867339,-0.0585339,106.8585218,0.03497824,,"FEE: 5,6,7,7,7,7,8,8,7,7,7,7,8,8,8,8,8
CEM: 5,6,7,8,6,8,7,6,6,6,7,6,7,7,7,6,7,6,8,8,7,6,8,8,7,9,9,7,9,9,10,9",,,,,
451,,GBR_4(Australia),normal,2026-01-31T00:49:41.575(1769820581575),-4,-1.5758,-0.1496,desc(↓),-19.6211,149.255,-19.6477,149.3784,69.38,Clear(0.0),waterbody,OK(20),"2,4,8,8,16,16,16,4",2026-01-31,O,,O,,,-19.72812782,0.10702782,149.28178,-0.02678003,,"FEE: 5,5,5,6,6,7,7,6,6,6,6,7,7,7,7,7,7,7
CEM: 5,6,6,6,6,6,6,6,6,6,6,7,6,6,6,6,7,8,6,6,6,6,6,6,7,7,8,7,8,8,9,7,8",,,,,
450,,managua(nicaragua),normal,2026-01-30T16:49:54.399(1769791794399),-4,2.4134,0.1298,desc(↓),12.1364,-86.2514,12.1762,-86.4328,55.88,Clear(3.5),waterbody,OK(23),"2,4,8,8,16,16,16,4",2026-02-08,O,,O,,,,,,,,"FEE: 7,8,8,9,9,9,10,8,9,11,11,10,10,10,10,11,11,11
CEM: 8,9,10,9,9,10,8,9,10,8,8,8,10,8,10,9,9,8,8,10,10,10,11,9,9,11,11,10,11,9,12,11,11",,,,*촬영되긴했는데 완전 왼쪽에 딱 붙어있음,
449,,13_Prasat_Ta_Khwai,thailand,2026-01-30T04:15:00.196(1769746500196),-4,9.9326,0.1429,desc(↓),14.3528,103.3737,14.5068,102.607,54.23,Clear(2.7),-,OK(27),"0,4,8,8,0,0,0,4",2026-01-31,O,,O,O,,14.38328024,-0.03048024,103.3076893,0.06601074,,"FEE: 7,7,8,8,8,9,8,8,8,8,9,9,9,11,11,10
CEM: 9,8,7,8,10,8,8,7,8,8,8,9,10,8,8,10,9,10,8,9,9,8,11,9",,,,,
448,,corona_satellite_calibration_targets(usa),cal/val,2026-01-29T18:44:27.508(1769712267508),-4,1.555,0.1882,desc(↓),32.8068,-111.7575,32.8329,-111.8912,37.7,Clear(18.7),waterbody,OK(37),"2,4,8,8,16,16,16,4",,,,,,,,,,,,,,,,"* 바뀐 Tilt 코드(Euler 2-1-3)로 변경 후 미션 생성
* Err(km) 에서 Pitch로 변경",
447,2026-01-26,Matterhorn(Switzerland),mountain,2026-01-29T10:49:36.133(1769683776133),-4,-17.7849,1.76,desc(↓),45.9791,7.6801,45.6786,9.6421,25.05,Clear(0.0),-,OK(39),"2,4,8,8,16,16,16,4",2026-01-30,O,,O,O,,,,,,,"FEE: 6,7,8,8,9,8,8,9,9,8,8,9,9,9,10,12,10
CEM: 8,7,8,8,8,9,8,8,8,8,8,7,8,9,8,8,10,9,8,10,8,9,9,11,10,8,9,10,11,11,10,10",,,,,
446,,pyongyang(north_korea),normal,2026-01-29T02:59:54.674(1769655594674),-4,2.9113,1.63,desc(↓),39.0439,125.7581,39.0929,125.4837,31.81,Clear(0.0),waterbody,OK(39),"2,4,8,8,16,16,16,4",2026-02-04,O,,O,O,,,,,,,"FEE: 6,7,7,7,8,8,8,7,7,8,8,8,9,9,9,9,9,10
CEM: 6,7,7,7,8,8,10,7,8,10,11,8,7,8,7,8,8,7,8,8,9,8,8,8,9,9,9,9,8,10,8,10,10",,,,,
445,,houston(usa),normal,2026-01-28T17:36:38.482(1769621798482),-4,1.4261,1.14,desc(↓),29.7604,-95.3698,29.7809,-95.4893,40.2,Clear(10.0),waterbody,OK(30),"2,4,8,8,16,16,16,4",2026-02-02,O,,O,O,,,,,,,"FEE: 7,7,8,8,9,9,10,8,8,9,9,9,9,9,10,10,10,10
CEM: 9,9,8,8,7,9,10,8,8,8,9,7,10,10,9,9,8,9,8,9,8,10,11,8,9,10,10,11,10,9,12,11,11",,,,,
444,,karachi_port(pakistan),normal,2026-01-28T06:37:58.700(1769582278700),-4,-15.6625,0.78,desc(↓),24.8609,67.0063,24.6188,68.3256,43.99,Clear(0.0),waterbody,OK(30),"2,4,8,8,16,16,16,4",2026-02-04,O,,O,O,,,,,,,"FEE: 5,6,6,7,7,7,6,6,7,7,7,7,7,7,7,10,10
CEM: 7,6,6,6,5,6,8,6,7,6,6,8,6,8,8,8,6,8,8,9,8,8,8,7,8,9,8,8,8,8,8,8",,,,,
443,,Maralago_club(USA),normal,2026-01-27T16:28:52.278(1769531332278),-4,-11.0726,1.93,desc(↓),26.6771,-80.0372,26.5147,-79.1008,42.39,Clear(19.0),waterbody,OK(20),"2,4,8,8,16,16,16,4",2026-01-27,O,,O,,,,,,,,"FEE: 6,7,7,8,7,8,7,7,8,8,8,8,9,9,9,9,9
CEM: 6,7,8,7,7,9,9,7,7,8,8,7,7,8,8,8,8,8,8,8,7,8,9,8,7,9,9,9,8,9,8,9",,,,,
442,2026-01-23,Khasab_Power_Plant(Oman),SatRev,2026-01-26T07:28:41.329(1769412521329),-4,4.3316,0.48,desc(↓),26.0885,56.2324,26.1486,55.875,43,Partially cloudy(38.4), ,OK(13),"2,4,8,8,16,16,16,4",2026-01-26,O,,O,,,,,,,,"FEE: 7,7,8,9,9,10,8,10,11,9,9,10,10,12,12,10,10
CEM: 8,9,8,10,8,8,9,8,10,8,10,10,9,10,11,9,10,10,8,10,9,10,10,8,11,10,10,11,9,10,11,11",,,,*타겟했던 좌표가 영상에 포함되지 않음.,
441,,chungju,korea-dam,2026-01-26T02:43:00.841(1769395380841),-4,-12.7733,0.95,desc(↓),37.0061,127.9919,36.798,129.2034,32.64,Clear(5.0),waterbody,OK(17),"2,4,8,8,16,16,16,4",2026-01-27,O,,O,,,,,,,O,"FEE: 5,6,7,7,7,7,6,6,7,7,7,7,7,7,8,8,8
CEM: 7,7,6,8,7,6,6,7,7,7,6,7,8,6,8,7,7,7,8,8,6,6,10,8,8,8,7,8,9,8,9,10",,,,* 구름으로 인해 중앙 식별 불가,
440,,king_fahd_causeway(asia),cal/val,2026-01-25T07:54:17.785(1769327657785),-4,10.1072,1.25,desc(↓),26.182,50.338,26.3407,49.4953,42.84,Clear(0.0),waterbody,OK(23),"2,4,8,8,16,16,16,4",2026-01-27,O,,O,,,,,,,,"FEE: 8,9,10,10,11,11,10,10,11,11,11,11,11,11,12,12,12
CEM: 11,10,10,11,11,11,11,10,10,11,10,10,11,9,11,11,11,11,10,11,11,11,12,12,11,13,13,11,11,11,13,13",,,,,
439,,Nantong(China),normal,2026-01-25T03:09:52.058(1769310592058),-4,-1.0055,1.98,desc(↓),32.2565,121.5168,32.2459,121.6093,37.03,Clear(4.9),waterbody,OK(27),"2,4,8,8,16,16,16,4",2026-01-26,O,,O,,,,,,,O,"FEE: 6,7,7,7,8,8,7,7,8,8,8,8,9,9,9,9,9
CEM: 6,8,7,8,6,8,8,8,7,7,8,10,8,8,7,8,7,8,8,8,8,9,8,8,10,10,8,9,8,10,11,9",,,,* 구름으로 인해 중앙 식별 불가,
438,2026-01-21,namibia_desert_2(africa),cal/val,2026-01-24T10:06:11.555(1769249171555),-4,18.1071,1.11,desc(↓),-17.33,12.05,-17.0538,10.5669,71.5,Clear(6.5),waterbody,OK(13),"2,4,8,8,16,16,16,4",2026-01-26,O,,O,,,,,,,O,"FEE: 8,9,9,10,10,10,11,10,10,10,10,11,11,11,11,12,12,12
CEM: 11,9,9,9,10,9,10,10,8,11,10,11,9,11,10,12,11,9,10,9,11,10,10,11,11,12,10,11,13,11,13,11,13",,,,* 구름으로 인해 중앙 식별 불가,
437,,lhasa(china),normal,2026-01-24T05:10:59.661(1769231459661),-4,3.1109,1.26,desc(↓),29.6502,91.1311,29.6978,90.8696,39.29,Clear(0.0),waterbody,OK(13),"2,4,8,8,16,16,16,4",2026-01-26,O,,O,,,,,,,,"FEE: 7,7,8,9,8,9,10,8,9,11,11,9,10,10,10,10,10,10
CEM: 8,8,8,8,8,7,8,8,8,9,10,8,9,9,11,8,9,8,9,9,8,10,10,10,9,9,11,8,10,10,10,10,11",,,,*타겟했던 좌표가 영상에 포함되지 않음.,
436,,Etna_mountain(Italy),SatRev,2026-01-23T10:17:14.170(1769163434170),-4,-8.3651,2.09,desc(↓),37.7475,15.0007,37.6196,15.7926,31.44,Clear(0.0),waterbody,OK(23),"2,4,8,8,16,16,16,4",2026-01-24,O,,O,,,,,,,,"FEE: 7,7,8,8,9,9,8,8,9,9,9,9,10,10,10,10,10
CEM: 8,8,10,8,8,9,8,8,9,8,8,8,9,10,8,8,8,8,11,8,9,9,10,10,10,11,10,10,11,9,11,11",,,,*타겟했던 좌표가 영상에 포함되지 않음.,
435,,2_si_wichian,thailand,2026-01-23T04:06:07.124(1769141167124),-4,2.7493,1.14,desc(↓),14.3901,104.9656,14.4346,104.7568,52.5,Clear(4.6),-,OK(27),"0,4,8,8,0,0,0,4",2026-01-24,O,,O,,,,,,,,"FEE: 7,7,8,8,9,9,8,8,9,9,9,9,9,9,11,10
CEM: 8,8,8,8,9,8,8,9,9,8,8,10,9,8,9,8,8,9,8,10,10,10,11,10",,,,*타겟했던 좌표가 영상에 포함되지 않음.,
434,2026-01-19,arabia_2_site(asia),cal/val,2026-01-22T07:38:42.597(1769067522597),-4,-17.2305,0.62,desc(↓),20.13,50.96,19.865,52.3725,46.79,Clear(0.0),-,OK(22),"2,4,8,8,16,16,16,4",2026-01-22,O,,O,,,,,,,,"FEE: 5,6,6,7,7,7,7,6,7,7,7,8,8,7,8,8,8,8
CEM: 6,6,8,7,6,6,5,6,6,7,8,7,8,5,8,6,7,6,6,8,7,7,8,8,8,8,8,8,8,8,8,8,8",,,,,
433,,kaesong(north_korea),normal,2026-01-22T02:51:03.084(1769050263084),-4,-8.5362,1.01,desc(↓),37.9785,126.5591,37.8371,127.373,30.94,Clear(0.0),waterbody,OK(23),"2,4,8,8,16,16,16,4",2026-01-22,O,,O,,,,,,,,"FEE: 6,6,7,7,7,7,7,7,7,7,7,8,8,8,8,8,8
CEM: 7,7,6,7,8,7,8,8,8,6,7,7,6,8,8,8,7,7,9,8,8,8,8,8,8,7,8,10,8,9,10,8",,,,"*타겟했던 좌표가 영상에 포함되지 않음.
* 남쪽으로 약 90km, 서쪽으로 약 10km 오차가 발생",
432,,Kyiv(ukraine),SatRev,2026-01-21T09:30:18.439(1768987818439),-4,-5.0034,1.48,desc(↓),50.58,30.22,50.4881,30.8109,19.01,Partially cloudy(74.5),-,OK(23),"2,4,8,8,16,16,16,4",,,,,,,,,,,,,,,,,
431,,thar_desert(asia),cal/val,2026-01-21T06:27:43.242(1768976863242),-4,6.317,1.92,desc(↓),27.63,71.86,27.7342,71.3318,40.59,Clear(0.0),waterbody,OK(23),"2,4,8,8,16,16,16,4",,,,,,,,,,,,,,,,,
430,,Uluru(Australia),mountain,2026-01-21T01:58:44.303(1768960724303),-4,8.6728,1.16,desc(↓),-25.45,131.9,-25.3162,131.1678,69.71,Clear(0.0),waterbody,OK(27),"2,4,8,8,16,16,16,4",,,,,,,,,,,,,,,,,
429,2026-01-16,Kraków(Poland),SatRev,2026-01-19T10:21:06.151(1768818066151),-4,15.8257,2.07,desc(↓),50.0619,19.937,50.3828,18.0621,19.34,Clear(0.0),waterbody,OK(33),"2,4,8,8,16,16,16,4",2026-01-23,O,,O,O,,,,,,,"FEE: 8,8,9,9,10,10,9,9,10,10,11,11,10,10,11,11,11
CEM: 9,8,11,9,9,8,10,8,11,8,9,10,9,11,10,9,9,10,11,11,10,10,11,9,11,11,11,13,11,11,12,12",,,,*타겟했던 좌표가 영상에 포함되지 않음.,
428,,9_non_mak_mun,thailand,2026-01-19T04:13:31.952(1768796011952),-4,-0.9107,0.73,desc(↓),13.7827,102.707,13.7694,102.778,52.2,Clear(5.0),-,OK(33),"0,4,8,8,0,0,0,4",2026-01-21,O,,O,O,,,,,,O,"FEE: 6,7,7,8,8,8,7,7,7,8,8,8,8,8,9,9
CEM: 8,7,8,8,8,8,7,8,7,8,8,8,8,8,8,8,8,7,8,8,8,9,8,9",,,,"* 고적운으로 인해 영상 일부만 확인 가능
* 포인팅 남서쪽으로 벗어남, 타겟 구름 그림자로 식별 불가",
427,,nasa_stennis,landmark,2026-01-18T17:09:01.871(1768756141871),-4,-11.7229,1.89,desc(↓),30.385,-89.628,30.2087,-88.5978,37.18,Clear(7.0),waterbody,OK(33),"2,4,8,8,16,16,16,4",2026-01-21,O,,O,,1.2,30.306558,0.078442,-89.633174,0.005174,,"FEE: 6,7,7,8,8,9,7,7,8,9,8,9,10,9,9,11,11
CEM: 6,7,8,8,9,8,7,9,8,8,8,8,7,8,8,8,8,9,8,8,9,8,10,9,9,8,9,8,8,9,11,11",,,,"* 중심에서 살짝 벗어남, 타겟은 관측됨",
426,,jeju_hyeopjae_beach(korea),normal,2026-01-18T02:59:18.174(1768705158174),-4,19.147,1.02,desc(↓),33.3936,126.2398,33.7191,124.4627,34.95,Clear(0.0),waterbody,OK(37),"2,4,8,8,16,16,16,4",2026-01-19,O,,O,,-1,33.441894,-0.048294,126.225031,0.014769,,"FEE: 7,8,8,9,9,9,8,8,9,9,9,10,10,10,10,11,11
CEM: 8,7,9,8,8,11,8,8,9,8,9,8,10,8,8,8,9,8,9,9,11,10,10,11,10,10,12,10,11,11,11,11",,,,"* 이미지 하단 3분의 1 구름, 타겟은 보임",
425,,lunar_lake_playa(usa),cal/val,2026-01-17T19:06:29.282(1768676789282),-4,4.2427,1.86,desc(↓),38.4,-115.99,38.4731,-116.3888,29.93,Clear(2.3),-,OK(30),"2,4,8,8,16,16,16,4",2026-01-29,O,,O,,0.8,38.370954,0.029046,-116.111015,0.121015,,"FEE: 7,8,8,9,9,9,8,8,9,9,9,10,11,11,10,11,11
CEM: 8,8,8,8,8,8,9,8,9,8,9,9,10,9,8,9,9,9,9,11,9,9,9,11,8,10,10,11,10,11,11,10",,,,"* 살짝 왼쪽으로 치우쳤으나, 타겟 살짝 관측됨",
424,2026-01-14,libya_4(africa),cal/val,2026-01-17T09:43:09.845(1768642989845),-4,9.2819,0.66,desc(↓),28.55,23.39,28.6914,22.5982,39.1,Clear(0.0),-,OK(13),"2,4,8,8,16,16,16,4",2026-01-19,O,,O,O,-,-,-,-,-,,"FEE: 7,7,7,8,8,9,8,8,8,8,9,9,10,10,11,12,10
CEM: 9,8,8,8,8,8,8,8,9,8,8,8,8,8,8,8,8,9,8,9,8,9,11,10,11,10,10,10,12,10,10,10",,,,* 이미지가 사막지역이라 중앙 식별 불가,
423,,baish(mangrove),normal,2026-01-17T08:11:54.471(1768637514471),-4,-16.1801,1.04,desc(↓),17.3233,42.3294,17.0803,43.6298,48.4,Clear(0.0),waterbody,OK(13),"2,4,8,8,16,16,16,4",2026-01-19,O,,O,,-2,17.449226,-0.125926,42.31234,0.01706,,"FEE: 5,5,6,7,7,7,7,6,7,7,7,7,7,7,8,8,9,9
CEM: 6,6,7,5,5,6,6,8,6,8,7,7,7,6,6,7,6,6,7,7,7,7,7,7,7,7,8,9,8,9,8,8,8",,,,* 이미지에 구름이 조금 있긴함,
422,,chesapeake_bay_bridge_and_tunnel(usa),cal/val,2026-01-16T16:23:32.549(1768580612549),-4,-1.1803,2.14,desc(↓),37.034,-76.079,37.0207,-75.964,30.91,Clear(5.3),waterbody,OK(13),"2,4,8,8,16,16,16,4",2026-01-19,O,,O,,0.2,37.026476,0.007524,-76.122008,0.043008,,"FEE: 6,7,7,7,8,8,8,7,8,8,8,9,9,9,9,9,9,10
CEM: 7,6,8,8,7,6,6,6,8,8,7,8,6,8,7,10,8,8,10,8,7,8,8,8,8,9,9,8,9,9,9,12,11",,,,,
421,,osaka(japan),normal,2026-01-16T02:15:21.828(1768529721828),-4,-2.0124,1.01,desc(↓),34.686,135.4225,34.6502,135.6069,32.98,Clear(0.0),waterbody,OK(17),"2,4,8,8,16,16,16,4",2026-01-18,O,,O,O,-0.5,34.706393,-0.020393,135.39484,0.02766,,"FEE: 6,7,7,8,8,8,7,8,8,8,8,8,8,9,9,9,9
CEM: 8,8,8,8,8,8,8,9,8,8,8,6,8,8,7,6,9,7,8,8,7,8,9,8,10,8,12,10,10,9,10,10",,,,"# 3. Telemetry
[HEALTH CHECK Logs]
4-0-8 / Time : 2026-01-16T02:15:25.684
   [FAIL]--C_FEESmps - Actual : ( 508 ) -- Expected : ( off : { 0 ~ 25 }, on : { 190 ~ 507 } )",
420,,pueblo_range(usa),cal/val,2026-01-15T18:22:48.184(1768501368184),-4,9.2855,0.78,desc(↓),38.283,-104.607,38.4331,-105.4934,29.76,Clear(8.0),waterbody,OK(20),"2,4,8,8,16,16,16,4",2026-01-26,O,,O,,,38.377581,-0.094581,-104.767587,0.160587,,"FEE: 8,8,9,9,9,9,9,10,9,9,10,10,11,11,11,11,11
CEM: 9,9,9,8,8,8,9,10,9,11,10,9,10,9,8,10,9,10,10,9,10,8,11,8,11,9,9,11,11,13,13,12",,,,* 경도 차이로 타겟했던 좌표가 영상에 포함되지 않음.,
419,2026-01-12,shadnagar(asia),cal/val,2026-01-15T05:53:54.801(1768456434801),-4,1.014,0.85,desc(↓),17.034,78.183,17.049,78.1057,48.88,Clear(5.0),waterbody,OK(13),"2,4,8,8,16,16,16,4",2026-01-16,O,,O,,-,-,-,-,-,O,"FEE: 8,9,10,10,11,11,9,10,10,10,11,11,11,12,12,12,12
CEM: 11,10,11,11,10,9,11,11,10,11,11,10,10,11,9,11,8,11,10,12,10,11,11,10,12,11,11,11,13,13,13,11",,,,* 구름으로 인해 중앙 식별 불가,
418,,8_khok_sung,thailand,2026-01-15T04:20:22.187(1768450822187),-4,20.1845,0.42,desc(↓),13.8079,102.7026,14.1246,101.0829,52.27,Clear(3.7),-,OK(13),"0,4,8,8,0,0,0,4",2026-01-16,O,,O,O,-3.5,14.019221,-0.211321,102.70548,-0.00288,,"FEE: 7,8,9,10,10,10,9,9,10,10,10,10,10,11,11,11
CEM: 10,10,10,9,9,11,11,11,8,10,11,9,11,11,11,10,8,10,10,11,10,11,11,10",,,,,
417,,Grand_Canyon(usa),landmark,2026-01-14T18:48:39.820(1768416519820),-4,0.5215,1.41,desc(↓),36.2746,-112.3653,36.2824,-112.41,31.33,Clear(3.3),-,OK(20),"2,4,8,8,16,16,16,4",2026-01-16,O,,O,,1,36.22288,0.05172,-112.706237,0.340937,,"FEE: 7,7,8,9,9,9,8,8,9,9,9,9,9,10,10,10,10
CEM: 6,8,8,7,9,9,10,7,8,8,9,11,8,8,8,10,8,8,9,9,8,10,9,8,8,11,11,10,11,11,9,10",,,,"* 경도 차이로 타겟했던 좌표가 영상에 포함되지 않음.
* Tilt가 -로 찍힌 것 같음
* 단순 위도로는 약 1초 차이가 남",
416,,pescadores_islands(asia),cal/val,2026-01-14T03:08:56.358(1768360136358),-4,-8.4348,0.4,desc(↓),23.519,119.583,23.3853,120.273,42.73,Clear(0.0),waterbody,OK(30),"2,4,8,8,16,16,16,4",2026-01-15,O,,O,,-1.2,23.581691,-0.062691,119.56203,0.02097,,"FEE: 6,7,7,7,8,8,7,7,8,8,8,8,8,11,12,9,9
CEM: 7,8,8,6,8,7,6,7,8,8,8,8,8,9,8,8,8,10,9,8,8,9,7,8,8,10,10,8,9,11,9,9",,,,,
415,,rogers_dry_lake(usa),cal/val,2026-01-13T19:14:16.064(1768331656064),-4,12.7742,0.85,desc(↓),34.96,-117.86,35.1682,-119.039,32.62,Clear(1.0),waterbody,OK(33),"2,4,8,8,16,16,16,4",2026-01-15,O,,O,O,-2,35.072886,-0.112886,-117.926132,0.066132,,"FEE: 7,7,8,8,9,9,8,8,8,9,9,9,12,12,10,11,11
CEM: 6,7,8,7,8,8,8,8,9,8,9,8,8,11,10,8,8,9,8,10,10,10,8,10,10,8,11,9,9,10,11,10",,,,,
414,2026-01-09,Kraków(Poland),SatRev,2026-01-12T10:09:45.462(1768212585462),-4,-6.5046,1.18,desc(↓),50.0619,19.937,49.9409,20.697,17.82,Partially cloudy(88.5),waterbody,OK(24),"2,4,8,8,16,16,16,4",2026-01-13,O,,O,,-,-,-,-,-,O,"FEE: 7,7,8,8,8,9,9,7,8,8,8,8,9,9,9,10,10,11
CEM: 7,8,8,9,8,8,8,8,9,8,8,9,7,10,10,7,8,8,8,8,8,8,8,8,10,10,9,10,8,11,9,10,10",,,,* 구름으로 인해 중앙 식별 불가,
413,,1_chong_bok,thailand,2026-01-12T04:01:55.591(1768190515591),-4,-6.2374,0.71,desc(↓),14.3429,105.2034,14.2502,105.6852,50.6,Clear(18.6),-,OK(24),"0,4,8,8,0,0,0,4",2026-01-13,O,,O,O,1.2,14.293917,0.048983,105.131745,0.071655,,"FEE: 6,7,7,7,8,7,8,7,8,7,8,8,8,8,10,10,9
CEM: 9,7,6,6,8,7,7,8,8,7,8,8,7,8,7,7,8,8,6,8,10,9,9,9,8",,,,,
412,,Phitsanulok_Airport(thailand),thailand,2026-01-11T04:26:30.204(1768105590204),-4,4.9345,0.85,desc(↓),16.783,100.279,16.857,99.8963,48.7,Clear(5.0),waterbody,OK(20),"0,4,8,8,0,0,0,4",2026-01-13,O,,O,O,0.5,16.76976,0.01324,100.206371,0.072629,,"FEE: 7,8,9,9,9,10,8,9,9,9,9,10,10,12,12,11
CEM: 7,10,8,9,8,11,10,9,9,9,10,8,11,11,9,10,10,9,11,11,10,10,9,10",,,,,
411,,soyanggang,korea-dam,2026-01-11T02:46:39.335(1768099599335),-4,-5.9285,1.37,desc(↓),37.9444,127.8155,37.8477,128.3803,29.1,Clear(0.0),waterbody,OK(27),"2,4,8,8,16,16,16,4",2026-01-13,O,,O,O,0.3,37.920594,0.023806,127.809209,0.006291,,"FEE: 6,7,8,8,8,8,7,8,8,8,8,9,9,9,9,10,10
CEM: 9,8,8,9,8,8,8,7,8,8,9,7,7,8,8,8,9,7,8,9,8,8,8,8,11,9,9,9,10,10,8,8",,,,,
410,,sonoran_desert(north_america),cal/val,2026-01-10T18:56:30.131(1768071390131),-4,5.5447,1.36,desc(↓),32.35,-114.65,32.4381,-115.1371,34.5,Clear(0.3),waterbody,OK(23),"2,4,8,8,16,16,16,4",,,,,,,,,,,,,,,,,
409,2026-01-07,arabia_1_site(asia),cal/val,2026-01-10T07:59:50.577(1768031990577),-4,-1.0276,0.41,desc(↓),18.88,46.76,18.8599,46.8415,46.59,Clear(0.0),-,OK(22),"2,4,8,8,16,16,16,4",,,,,,,,,,,,,,,,,
408,,Navy,issue,2026-01-10T03:12:34.572(1768014754572),-4,8.4855,1.67,desc(↓),35.102,122.1431,35.2432,121.3686,31.89,Clear(0.5),waterbody,OK(22),"2,4,8,8,16,16,16,4",2026-01-12,O,,O,,-,-,-,-,-,,"FEE: 7,7,8,8,8,9,9,8,8,8,8,9,9,10,9,10,10,10
CEM: 9,8,8,9,8,7,8,7,8,9,8,8,8,8,8,10,8,8,9,10,9,8,9,9,9,9,9,10,10,11,9,10,11",,,,* 바다 지역,
407,,lake_tahoe(usa),cal/val,2026-01-09T19:20:00.505(1767986400505),-4,-2.7452,1.7,desc(↓),39,-120,38.9568,-119.7326,27.99,Clear(16.3),waterbody,OK(30),"2,4,8,8,16,16,16,4",2026-01-12,O,,O,O,1.6,38.907067,0.092933,-120.106854,0.106854,,"FEE: 6,7,7,7,8,9,8,7,7,8,8,8,9,9,9,9,10,11
CEM: 8,8,8,8,7,8,8,7,8,8,8,8,8,8,8,9,8,8,8,8,8,8,8,11,9,8,10,9,10,10,10,10,10",,,,,
406,,dunhuang(asia),cal/val,2026-01-09T05:10:46.247(1767935446247),-4,14.6078,1.58,desc(↓),40.13,94.34,40.3881,92.8862,27.11,Clear(0.0),waterbody,OK(33),"2,4,8,8,16,16,16,4",2026-01-12,O,,O,,-,-,-,-,-,,"FEE: 8,8,9,10,10,10,9,10,10,10,10,10,10,11,11,11,12
CEM: 8,8,10,11,9,10,9,9,11,10,9,11,10,8,10,9,8,11,10,9,11,11,10,11,12,11,11,11,11,11,11,11",,,,* 이미지가 사막지역이라 중앙 식별 불가,
405,,uyuni_salt_flats(south_america),cal/val,2026-01-08T15:17:50.665(1767885470665),-4,12.0322,1.71,desc(↓),-20.38,-66.95,-20.2028,-67.9356,72.07,Clear(0.4),waterbody,OK(13),"2,4,8,8,16,16,16,4",2026-01-11,O,,O,O,1,-20.434959,0.054959,-66.968503,0.018503,,"FEE: 8,9,10,10,10,11,11,10,10,11,11,11,11,12,12,12,12,12
CEM: 11,8,10,11,11,9,11,10,11,11,11,11,11,9,10,10,11,11,10,10,11,11,13,13,10,12,12,11,13,13,12,12,13",,,,,
404,2026-01-05,Structure_de_richat(Sahara),normal,2026-01-08T11:58:17.557(1767873497557),-4,12.651,0.64,desc(↓),21.1201,-11.4007,21.3135,-12.426,44.73,Clear(0.0),-,OK(13),"2,4,8,8,16,16,16,4",2026-01-09,O,,O,O,-1,21.162307,-0.042207,-11.476031,0.075331,,"FEE: 7,8,8,8,9,9,10,9,9,11,12,10,12,12,10,10,10,11
CEM: 7,8,8,8,9,9,9,11,9,9,9,8,9,8,9,9,9,9,10,9,10,8,10,11,9,8,9,11,12,10,11,10,11",,,,"# 3. Telemetry
[HEALTH CHECK Logs]
4-0-8 / Time : 2026-01-08T11:58:21.912
   [FAIL]--C_FEESmps - Actual : ( 514 ) -- Expected : ( off : { 0 ~ 25 }, on : { 190 ~ 507 } )",
403,,baotou_city(china),cal/val,2026-01-08T04:01:34.215(1767844894215),-4,-6.3422,1.53,desc(↓),40.854,109.628,40.7495,110.2592,25.98,Clear(5.0),waterbody,OK(13),"2,4,8,8,16,16,16,4",,,,,,,,,,,,,,,,,
402,,München(Germany),normal,2026-01-07T10:42:06.660(1767782526660),-4,-3.726,1.79,desc(↓),48.136,11.5788,48.0718,12,19.02,Clear(0.0),waterbody,OK(13),"2,4,8,8,16,16,16,4",2026-01-09,O,,O,O,0.4,48.1289,0.0071,11.544076,0.034724,,"FEE: 7,8,8,9,9,9,10,9,9,9,9,9,10,10,10,10,11,11
CEM: 8,8,8,9,8,8,9,8,8,8,9,9,9,10,10,11,9,9,10,10,9,9,11,10,9,11,10,11,10,10,11,11,11",,,,,
401,,taklamakan_desert(china),cal/val,2026-01-07T06:01:20.347(1767765680347),-4,0.6983,1.27,desc(↓),39.83,80.17,39.8393,80.1055,26.96,Clear(0.0),waterbody,OK(13),"2,4,8,8,16,16,16,4",2026-01-08,O,,O,O,-,-,-,-,-,,"FEE: 6,7,7,8,9,9,8,8,8,8,9,10,9,9,9,10,10
CEM: 8,6,8,8,8,7,8,8,8,10,8,8,7,9,10,8,8,9,8,8,9,9,9,8,11,9,10,9,9,10,11,10",,,,"* 이미지가 사막지역이라 중앙 식별 불가
# 3. Telemetry
[HEALTH CHECK Logs]
4-0-8 / Time : 2026-01-07T06:01:27.785
   [FAIL]--C_Smps1V2 - Actual : ( 12 ) -- Expected : ( off : { 20 ~ 200 }, on : { 20 ~ 200 } )",
400,2026-01-02,mauritania_2(africa),cal/val,2026-01-05T11:39:44.593(1767613184593),-4,-10.8055,0.46,desc(↓),20.85,-8.78,20.6824,-7.9069,44.12,Clear(0.0),-,OK(13),"2,4,8,8,16,16,16,4",2026-01-07,O,,O,,-,-,-,-,-,O,"FEE: 7,7,8,8,8,9,9,8,8,8,8,9,9,9,10,10,10,10
CEM: 8,7,10,9,7,9,8,8,8,8,7,9,8,9,9,9,10,10,9,9,10,8,8,10,11,8,10,8,11,11,11,10,12",,,,"* 이미지가 흑백
* 아무거도 찍히지 않음",
399,,kangchenjunga(nepal),mountain,2026-01-05T05:20:35.727(1767590435727),-4,2.0959,1.9,desc(↓),27.7041,88.1495,27.7416,87.9802,38.14,Clear(1.0),waterbody,OK(13),"2,4,8,8,16,16,16,4",2026-01-07,O,,O,O,2.5,27.564359,0.139741,88.048839,0.100661,,"FEE: 7,7,7,8,9,8,8,8,9,9,9,9,9,10,10,10,10
CEM: 8,8,8,10,10,9,7,9,8,8,11,9,8,8,10,8,8,8,9,8,9,9,10,10,9,9,11,10,10,8,11,11",,,,,
398,,Seeb(Oman),SatRev,2026-01-04T07:21:05.276(1767511265276),-4,10.4765,0.74,desc(↓),23.7096,58.0905,23.8696,57.2293,41.93,Clear(0.0),waterbody,OK(20),"2,4,8,8,16,16,16,4",2026-01-05,O,,O,,-0.1,23.717067,-0.007467,58.059218,0.031282,,"FEE: 8,8,9,9,9,10,9,9,9,10,10,10,10,10,11,11,11
CEM: 8,9,9,11,8,10,8,11,9,11,9,10,9,11,10,10,11,10,9,10,10,10,10,11,11,11,10,11,11,12,11,12",,,,,
397,,Khorat_Airport(thailand),airport,2026-01-04T04:14:48.548(1767500088548),-4,-5.2073,0.6,desc(↓),14.935,102.079,14.8562,102.4823,49.44,Clear(0.0),waterbody,OK(33),"0,4,8,8,0,0,0,4",,,,,,,,,,,,,,,,,
396,2025-12-31,arabia_2_site(asia),cal/val,2026-01-03T07:47:10.467(1767426430467),-4,10.0191,0.26,desc(↓),20.13,50.96,20.2778,50.1567,45.13,Clear(0.0),-,OK(30),"2,4,8,8,16,16,16,4",2026-01-07,O,,O,,-,-,-,-,-,,"FEE: 7,8,9,10,10,10,10,9,9,9,10,10,11,11,12,12,11,11
CEM: 8,9,8,10,8,8,9,9,8,10,10,10,10,10,11,8,8,10,10,10,9,11,10,11,11,11,11,10,11,11,11,11,11",,,,* 이미지가 사막지역이라 중앙 식별 불가,
395,,Navy,issue,2026-01-03T03:00:22.842(1767409222842),-4,-21.938,1.8,desc(↓),35.102,122.1431,34.7523,124.264,30.6,Clear(0.6),waterbody,OK(30),"2,4,8,8,16,16,16,4",2026-01-03,O,,O,,,,,,,,,,,,,
394,,libya_2(africa),cal/val,2026-01-02T09:45:22.989(1767347122989),-4,-9.8395,0.51,desc(↓),25.05,20.48,24.8946,21.2992,40.13,Clear(0.0),-,OK(33),"2,4,8,8,16,16,16,4",,,,,,,,,,,,,,,,,
393,,operahouse,landmark,2026-01-02T00:34:50.296(1767314090296),-4,7.4048,1.26,desc(↓),-33.8569,151.2152,-33.7365,150.5312,68.6,Clear(9.5),waterbody,OK(37),"2,4,8,8,16,16,16,4",2026-01-02,O,,O,,0,-33.862413,0.005513,151.269796,-0.054596,,"FEE: 7,7,8,8,8,8,8,8,8,9,9,9,9,9,10,10,10
CEM: 8,7,8,8,7,7,8,7,7,8,8,9,8,9,8,10,8,9,8,9,9,12,8,9,10,11,10,8,9,9,10,10",,,,* 시간 오차는 거의 0에 가까움,
392,,New_York(USA),normal,2026-01-01T16:23:32.689(1767284612689),-4,12.6292,0.88,desc(↓),40.69,-73.99,40.906,-75.2527,25.8,Clear(19.0),waterbody,OK(43),"2,4,8,8,16,16,16,4",2026-01-03,O,,O,,0.5,40.678943,0.011057,-74.092008,0.102008,,"FEE: 7,8,9,10,10,10,10,11,10,10,10,10,10,10,11,12,11
CEM: 8,10,8,9,9,9,10,9,10,9,10,10,9,10,9,9,9,9,11,8,10,11,12,11,9,11,11,11,12,11,12,11",,,,,
391,2025-12-29,mauritania_2(africa),cal/val,2026-01-01T11:45:51.092(1767267951092),-4,8.0647,0.28,desc(↓),20.85,-8.78,20.9671,-9.4273,44.33,Clear(0.0),-,OK(24),"2,4,8,8,16,16,16,4",2026-01-05,O,,O,,,,,,,,,,,,,
390,,kangchenjunga(nepal),mountain,2026-01-01T05:26:40.482(1767245200482),-4,19.4445,0.8,desc(↓),27.7041,88.1495,28.0185,86.4708,38.19,Clear(12.8),waterbody,OK(24),"2,4,8,8,16,16,16,4",2026-01-02,O,,O,,,,,,,,,,,,,
389,,Sohar_Port(Oman),SatRev,2025-12-31T07:26:55.858(1767166015858),-4,9.1753,1.76,desc(↓),24.4985,56.6099,24.6469,55.8545,40.93,Clear(0.0),waterbody,OK(23),"2,4,8,8,16,16,16,4",2025-12-31,O,,O,,1,24.452053,0.046447,56.54934,0.06056,,"FEE: 8,9,10,10,10,11,10,10,10,11,11,11,12,12,12,14,13
CEM: 10,9,11,11,8,11,10,11,12,9,11,10,11,11,10,11,11,11,10,12,11,11,10,11,12,10,11,11,11,11,12,11",,,,,
388,,U-Taphao_International_Airport(thailand),airport,2025-12-31T04:21:23.447(1767154883447),-4,6.3793,0.1,desc(↓),12.68,101.005,12.7689,100.5152,51.57,Clear(5.1),waterbody,OK(23),"0,4,8,8,0,0,0,4",2026-01-01,O,,O,,2,12.568212,0.111788,100.887903,0.117097,,"FEE: 7,7,8,8,8,9,9,8,8,8,8,9,9,9,9,9,9
CEM: 9,8,8,8,9,10,8,7,7,8,8,9,8,8,9,7,8,9,9,9,10,10,10,10,10",,,,"* 경도 차이로 타겟했던 좌표가 영상에 포함되지 않음
* 이미지 중앙 위치가 바다라 정확하지 않을 수 있음",
387,,lake_pontchartrain_cause,cal/val,2025-12-30T17:16:27.252(1767114987252),-4,5.5485,1.72,desc(↓),30.212,-90.121,30.303,-90.5979,35.51,Clear(3.5),waterbody,OK(13),"2,4,8,8,16,16,16,4",2026-01-01,O,,O,,0,30.212834,-0.000834,-90.135421,0.014421,,"FEE: 6,7,7,7,7,8,7,7,8,8,8,8,8,8,9,9,9
CEM: 10,7,8,7,8,7,8,7,6,8,8,8,8,8,8,7,8,8,9,7,8,8,8,8,8,9,9,9,9,10,9,9",,,,"* 시간 오차는 거의 0에 가까움
* 이미지 중앙 위치가 물이라 정확하지 않을 수 있음",
386,2025-12-26,mali(africa),cal/val,2025-12-29T11:27:04.444(1767007624444),-4,2.2285,1.58,desc(↓),19.12,-4.85,19.1591,-5.023,45.65,Clear(0.0),-,OK(22),"2,4,8,8,16,16,16,4",2025-12-31,O,,O,O,-,-,-,-,-,,"FEE: 7,7,8,8,8,8,9,8,8,8,8,9,9,9,9,9,9,10
CEM: 8,8,8,8,8,8,6,10,8,8,8,8,9,8,8,8,10,10,8,8,10,8,11,8,10,8,9,9,10,10,10,11,11",,,,* 이미지가 사막지역이라 중앙 식별 불가,
385,,canberra(australia),normal,2025-12-29T00:41:02.110(1766968862110),-4,4.9031,1.35,desc(↓),-35.2802,149.1289,-35.1996,148.6686,68.09,Clear(0.2),waterbody,OK(17),"2,4,8,8,16,16,16,4",2025-12-31,O,,O,O,0.2,-35.304067,0.023867,149.206272,-0.077372,,"FEE: 5,6,6,7,8,7,8,8,7,7,7,7,7,8,8,8,8
CEM: 7,7,8,7,6,7,6,7,6,7,7,7,8,7,7,8,6,8,7,8,8,8,8,8,8,7,8,9,8,10,11,11",,,,,
384,,barreal_blanco(south_ame,cal/val,2025-12-28T15:14:09.686(1766934849686),-4,-4.9857,1.08,desc(↓),-31.86,-69.45,-31.9379,-69.0057,69.28,Clear(0.0),-,OK(17),"2,4,8,8,16,16,16,4",2025-12-29,O,,O,O,1.2,-31.937916,0.077916,-69.415541,-0.034459,,"FEE: 5,5,6,6,7,7,6,6,6,6,6,7,7,7,7,8,8
CEM: 6,6,8,5,6,4,6,6,6,6,6,7,6,6,6,6,8,7,8,8,6,7,7,7,8,7,7,8,8,8,8,8",,,,,
383,,12_samraong_leu,thailand,2025-12-28T04:02:23.223(1766894543223),-4,-5.0609,0.94,desc(↓),11.5714,104.6815,11.4993,105.0696,52.16,Clear(5.8),-,OK(13),"0,4,8,8,0,0,0,4",2025-12-28,O,,O,O,-1,11.638722,-0.067322,104.577125,0.104375,,"FEE: 6,6,7,8,7,8,7,7,8,8,9,10,8,8,9,9
CEM: 8,9,8,8,7,8,7,7,8,7,8,8,8,9,8,8,8,9,8,7,8,9,9,8",,,,* 경도 차이로 타겟했던 좌표가 영상에 포함되지 않음,
382,,Brasília(Brazil),normal,2025-12-27T14:00:31.377(1766844031377),-4,2.3288,1.46,desc(↓),-15.7927,-47.8869,-15.7634,-48.0712,71.44,Clear(0.0),waterbody,OK(13),"2,4,8,8,16,16,16,4",2025-12-29,O,,O,O,0.5,-15.817462,0.024762,-47.885285,-0.001615,,"FEE: 6,7,7,7,8,9,7,8,8,8,9,9,9,9,9,9,9
CEM: 6,8,8,8,8,7,8,7,9,8,8,8,9,8,8,8,9,9,8,10,8,8,9,10,8,9,9,10,11,10,10,11",,,,,
381,2025-12-24,palm_islands(uae),landmark,2025-12-27T07:32:27.178(1766820747178),-4,5.8196,1.21,desc(↓),25.0019,54.9908,25.0922,54.5121,40.27,Clear(5.0),waterbody,OK(13),"2,4,8,8,16,16,16,4",2025-12-29,O,,O,,0,25.002333,-0.000433,54.970062,0.020738,,"FEE: 8,8,9,9,10,10,9,9,10,11,10,10,10,11,11,11,11
CEM: 9,10,10,9,10,9,9,10,11,11,9,11,10,9,10,9,10,9,10,10,9,11,11,9,10,10,11,11,9,12,11,10",,,,* 시간 오차는 거의 0에 가까움,
380,,Seoraksan(Korea),mountain,2025-12-27T02:46:00.227(1766803560227),-4,-0.0772,1.15,desc(↓),38.1194,128.4656,38.1149,128.4757,27.81,Clear(11.0),waterbody,OK(17),"2,4,8,8,16,16,16,4",2025-12-28,O,,O,,-0.2,38.127821,-0.008421,128.45786,0.00774,O,"FEE: 7,7,7,7,8,8,7,7,7,8,8,9,9,9,9,9,9
CEM: 8,6,8,8,8,7,7,8,6,7,8,8,8,10,7,8,8,9,7,8,9,8,8,8,9,8,10,10,8,8,11,9",,,,* 구름때문에 정확한 위치는 아님,
379,,Matterhorn(Switzerland),mountain,2025-12-26T11:00:30.074(1766746830074),-4,8.6149,1.04,desc(↓),45.9791,7.6801,46.1305,6.7556,20.35,Clear(0.0),-,OK(23),"2,4,8,8,16,16,16,4",2025-12-28,O,,O,O,-0.5,46.018873,-0.039773,7.594992,0.085108,,"FEE: 7,7,8,8,8,9,9,9,8,8,9,9,9,10,10,10,12
CEM: 8,8,8,7,8,10,10,9,8,8,10,9,11,8,8,7,9,9,8,10,8,9,10,8,10,9,9,10,11,11,11,11",,,,,
378,,between_qingdao_and_huangdao_district(asia),cal/val,2025-12-26T03:11:31.239(1766718691239),-4,-14.8968,2.16,desc(↓),36.152,120.221,35.9198,121.6404,29.42,Clear(5.0),waterbody,OK(27),"2,4,8,8,16,16,16,4",2025-12-27,O,,O,O,0,36.162873,-0.010873,120.175548,0.045452,,"FEE: 5,5,6,6,7,7,6,6,7,7,7,7,7,7,7,8,8
CEM: 6,6,7,6,7,6,4,7,7,6,8,6,4,6,6,8,9,7,8,7,8,7,7,7,8,9,7,8,6,8,9,8",,,,* 시간 오차는 거의 0에 가까움,
377,2025-12-22,Calais(France),normal,2025-12-25T11:24:12.191(1766661852191),-4,-3.2034,1.79,desc(↓),50.9503,1.8612,50.893,2.2471,15.4,Clear(0.0),waterbody,OK(35),"2,4,8,8,16,16,16,4",2025-12-27,O,,O,,2.4,50.811613,0.138687,1.754865,0.106335,,"FEE: 6,7,7,7,8,8,7,8,8,8,8,8,8,9,9,9,10
CEM: 6,8,8,8,8,6,8,8,6,8,7,8,8,8,8,8,8,8,8,7,7,8,8,9,9,9,10,10,10,11,11,11",,,,"# 3. Telemetry
[HEALTH CHECK Logs]
4-0-8 / Time : 2025-12-25T11:24:12.611
   [FAIL]--C_FEESmps - Actual : ( 508 ) -- Expected : ( off : { 0 ~ 25 }, on : { 190 ~ 507 } )",
376,,kangchenjunga(nepal),mountain,2025-12-25T05:13:03.763(1766639583763),-4,-18.1951,2,desc(↓),27.7041,88.1495,27.4327,89.7206,37.25,Clear(0.0),waterbody,OK(35),"2,4,8,8,16,16,16,4",2025-12-29,O,,O,O,3,27.52981,0.17429,88.123673,0.025827,,"FEE: 4,5,5,6,6,7,5,6,6,6,6,7,7,7,7,7,7
CEM: 6,5,6,6,6,5,6,6,5,6,6,7,6,6,6,6,6,6,6,8,6,6,6,6,7,8,8,8,7,8,8,8",,,,,
375,,kaliningrad(russia),normal,2025-12-24T10:13:45.652(1766571225652),-4,-5.545,1.18,desc(↓),54.7008,20.4551,54.5895,21.1766,11.72,Clear(0.0),waterbody,OK(30),"2,4,8,8,16,16,16,4",2025-12-25,O,,O,,3,54.544074,0.156726,20.362406,0.092694,,"FEE: 7,7,8,8,8,9,9,9,8,8,9,9,9,9,12,12,10,10
CEM: 8,9,8,8,8,8,8,9,7,8,8,8,8,9,8,8,8,8,8,9,8,9,8,10,8,11,11,11,10,11,11,11,10",,,,"# 3. Telemetry
[HEALTH CHECK Logs]
4-0-8 / Time : 2025-12-24T10:13:51.961
   [FAIL]--C_FEESmps - Actual : ( 509 ) -- Expected : ( off : { 0 ~ 25 }, on : { 190 ~ 507 } )",
374,,5_huai_chan,thailand,2025-12-24T04:07:02.392(1766549222392),-4,1.0281,0.19,desc(↓),14.3819,104.3476,14.3924,104.2688,49.88,Clear(5.0),-,OK(37),"0,4,8,8,0,0,0,4",2025-12-25,O,,O,,2,14.294827,0.087073,104.247012,0.100588,,"FEE: 6,7,7,7,8,8,8,7,7,8,8,8,8,8,9,9,9
CEM: 6,7,8,8,8,6,6,6,7,8,7,6,8,8,8,7,7,8,8,8,8,8,8,9,10",,,,,
373,2025-12-19,libya_3(africa),cal/val,2025-12-22T09:37:28.265(1766396248265),-4,2.2287,0.81,desc(↓),23.15,23.1,23.1813,22.9204,41.93,Clear(10.2),-,OK(35),"2,4,8,8,16,16,16,4",2025-12-31,O,,O,,-,-,-,-,-,,"FEE: 7,8,8,9,10,9,8,8,9,9,9,10,10,10,10,12,13
CEM: 8,8,8,8,9,8,7,9,8,8,10,9,8,9,8,9,10,9,9,10,10,10,10,11,11,8,11,11,9,11,11,12",,,,"* 이미지가 사막지역이라 중앙 식별 불가
# 3. Telemetry
[HEALTH CHECK Logs]
4-0-8 / Time : 2025-12-22T09:37:26.508
   [FAIL]--C_Smps1V2 - Actual : ( 6 ) -- Expected : ( off : { 20 ~ 200 }, on : { 20 ~ 200 } )",
372,,Khuvsgul_Lake(mongolia),normal,2025-12-22T04:47:05.633(1766378825633),-4,-8.3575,1.99,desc(↓),51.0867,100.5084,50.9373,101.5126,15.19,Clear(0.0),waterbody,OK(35),"2,4,8,8,16,16,16,4",2025-12-27,O,,O,,0.5,51.049934,0.036766,100.596185,-0.087785,,"FEE: 5,6,7,7,8,8,8,7,7,8,8,9,8,8,8,9,9,9
CEM: 8,9,8,7,8,7,8,8,9,6,8,9,8,8,8,8,7,7,8,8,8,8,7,8,8,9,9,9,10,9,10,11,9",,,,,
371,,mauritania_2(africa),cal/val,2025-12-21T11:37:22.004(1766317042004),-4,-16.1343,0.47,desc(↓),20.85,-8.78,20.5989,-7.4499,43.67,Clear(13.4),-,OK(13),"2,4,8,8,16,16,16,4",2025-12-22,O,,O,,-,-,-,-,-,,"FEE: 7,7,8,8,9,9,8,8,8,8,9,9,9,9,12,12,10
CEM: 8,9,8,8,10,8,8,8,8,8,9,8,9,9,8,10,8,9,10,9,10,9,9,9,11,10,9,10,10,11,10,9",,,,* 이미지가 사막지역이라 중앙 식별 불가,
370,,Astana(Kazakhstan),normal,2025-12-21T06:46:16.096(1766299576096),-4,-2.5904,1.97,desc(↓),51.1264,71.4443,51.0818,71.7592,15.21,Clear(5.0),-,OK(13),"2,4,8,8,16,16,16,4",2025-12-22,O,,O,,0,51.133834,-0.007434,71.190937,0.253363,,"FEE: 6,6,7,7,8,8,7,8,7,9,10,8,9,8,9,9,9
CEM: 6,6,8,8,7,7,7,8,10,7,8,8,7,7,8,9,8,6,8,8,8,9,8,8,10,8,9,9,11,10,8,10",,,,"* 경도 차이로 타겟했던 좌표가 영상에 포함되지 않음
* 시간 오차는 거의 0에 가까움
# 3. Telemetry
[HEALTH CHECK Logs]
4-0-8 / Time : 2025-12-21T06:46:19.684
   [FAIL]--C_FEESmps - Actual : ( 509 ) -- Expected : ( off : { 0 ~ 25 }, on : { 190 ~ 507 } )",
369,,white_sands(usa),cal/val,2025-12-20T18:16:24.210(1766254584210),-4,-12.3022,0.77,desc(↓),32.92,-106.35,32.7209,-105.2332,32.55,Clear(10.0),waterbody,OK(20),"2,4,8,8,16,16,16,4",2025-12-22,O,,O,,-0.8,32.961979,-0.041979,-106.305502,-0.044498,,"FEE: 5,6,6,7,7,7,7,7,7,7,7,7,7,7,8,8,8
CEM: 6,6,6,8,8,7,6,6,8,8,5,7,7,8,8,6,6,7,6,7,8,7,9,8,6,8,9,9,7,10,9,9",,,,,
368,2025-12-17,mount_vesuvius(italy),mountain,2025-12-20T10:22:36.378(1766226156378),-4,-4.2006,1.16,desc(↓),40.8207,14.428,40.7478,14.8462,25.16,Clear(3.2),waterbody,OK(24),"2,4,8,8,16,16,16,4",2025-12-27,O,,O,,2.3,40.665756,0.154944,14.405356,0.022644,,"FEE: 7,7,8,9,8,9,8,8,8,8,8,9,9,9,10,10,10
CEM: 8,8,7,8,9,8,8,8,7,8,8,8,8,8,10,9,10,9,8,9,8,8,11,10,10,9,8,10,8,10,8,9",,,,,
367,,7_chob_lokir_khang_lich,thailand,2025-12-20T04:12:11.013(1766203931013),-4,2.9542,0.02,desc(↓),14.3351,103.1754,14.373,102.9475,50.11,Clear(7.4),-,OK(24),"0,4,8,8,0,0,0,4",2025-12-23,O,,,O,2.2,14.191684,0.143416,103.105263,0.070137,,"FEE: 7,7,8,8,8,9,8,8,8,8,8,9,9,9,9,9
CEM: 8,8,7,8,8,8,8,6,6,8,8,8,7,10,8,8,8,9,9,9,8,8,9,11",,,,,
366,,corona_satellite_calibration_targets(usa),cal/val,2025-12-19T18:41:16.332(1766169676332),-4,-3.3831,1.58,desc(↓),32.807,-111.757,32.7551,-111.452,32.84,Clear(2.0),waterbody,OK(13),"2,4,8,8,16,16,16,4",2026-01-05,O,,O,O,2,32.691264,0.115736,-111.764712,0.007712,,"FEE: 7,7,7,8,9,9,8,8,9,9,9,9,9,9,10,10,10
CEM: 8,9,8,8,8,8,8,8,9,8,8,8,7,7,9,9,11,10,10,9,10,9,9,10,11,10,11,9,10,9,11,11",,,,,
365,,pyongsan(north_korea),issue,2025-12-19T02:56:19.271(1766112979271),-4,5.6573,2.21,desc(↓),38.3118,126.4306,38.4124,125.8946,27.73,Clear(5.0),waterbody,OK(30),"2,4,8,8,16,16,16,4",2025-12-21,O,,O,,-,-,-,-,-,O,"FEE: 6,7,7,7,8,8,7,7,7,8,8,8,8,8,9,9,9
CEM: 8,8,6,8,6,7,8,7,7,8,7,8,8,8,8,8,7,8,6,7,8,8,8,9,10,8,9,11,10,10,8,11",,,,* 이미지가 구름으로 가득,
364,,edwards_AFB_edge_target(usa),cal/val,2025-12-18T19:05:33.945(1766084733945),-4,-6.5435,1.08,desc(↓),34.8407,-117.7626,34.7335,-117.1617,30.89,Clear(12.0),-,OK(23),"2,4,8,8,16,16,16,4",,,,,,,,,,,,,,,,,
363,2025-12-15,Sary_Shagan(Kazakhstan),normal,2025-12-18T06:27:46.808(1766039266808),-4,-10.9747,0.98,desc(↓),46.1193,73.6107,45.9245,74.8139,20.05,Clear(0.2),waterbody,OK(24),"2,4,8,8,16,16,16,4",,,,,,,,,,,,,,,,,
362,,canberra(australia),normal,2025-12-18T00:31:53.105(1766017913105),-4,-17.2515,1.93,desc(↓),-35.2802,149.1289,-35.5883,150.7886,67.52,Clear(5.0),waterbody,OK(33),"2,4,8,8,16,16,16,4",,,,,,,,,,,,,,,,,
361,,Fiji_3(Fiji),normal,2025-12-17T22:52:52.270(1766011972270),-4,-14.9321,0.59,desc(↓),-17.6791,177.2462,-17.9124,178.4584,71.67,Clear(0.0),waterbody,OK(27),"2,4,8,8,16,16,16,4",2025-12-20,O,,O,,-2,-17.553835,-0.125265,177.293497,-0.047297,,,,,, .tlm.tpx00 파일 누락 ( SatRev 문의 필요) 26/1/7,
360,,Spain_Square(Spain_Sevilla),normal,2025-12-17T11:37:57.642(1765971477642),-4,-12.4711,1.2,desc(↓),37.3777,-5.9862,37.1741,-4.7872,28.45,Clear(0.0),waterbody,OK(23),"2,4,8,8,16,16,16,4",2025-12-25,O,,O,,-,-,-,-,-,O,"FEE: 11,12,13,13,14,14,14,15,16,14,14,14,16,16,15,15,17,18
CEM: 13,13,14,13,14,13,13,13,14,13,14,15,13,13,13,13,13,14,15,13,12,13,15,15,16,14,15,15,14,15,15,15,15",,,,"* 이미지가 흑백
* 아무거도 찍히지 않음",
359,,Kraków(Poland),SatRev,2025-12-17T10:00:17.842(1765965617842),-4,-22.7427,1.93,desc(↓),50.0619,19.937,49.653,22.7596,16.13,Overcast(100.0),waterbody,OK(23),"0,4,8,8,0,0,0,4",2025-12-17,O,O,O,,-,-,-,-,-,O,"FEE: 12,12,13,14,14,15,13,13,14,14,15,15,15,15,15,15
CEM: 14,13,13,13,14,13,13,14,14,12,13,15,14,13,15,13,13,14,15,14,14,15,14,15",,,,* 이미지가 구름으로 가득 차 중앙 식별 불가,
358,,pueblo_range(usa),cal/val,2025-12-16T18:19:50.405(1765909190405),-4,4.3327,2.07,desc(↓),38.283,-104.607,38.3599,-105.016,27.84,Clear(14.0),waterbody,OK(17),"2,4,8,8,16,16,16,4",,,,,,,,,,,,"FEE: 6,7,7,7,7,8,8,7,8,10,10,8,8,8,9,9,9,9
CEM: 7,8,8,8,6,8,7,8,8,8,7,9,7,8,8,7,9,7,7,8,9,9,8,9,9,9,11,9,8,9,11,10,10",,,,,
357,,Tokyo(Japan),normal,2025-12-16T13:09:15.210(1765890555210),-4,17.0087,2.05,asc(↑),35.6586,139.7454,35.9588,141.3613,-67.42,Clear(0.0),waterbody,OK(17),"16,16,0,0,0,0,0,0",2025-12-18,O,O,O,,-,-,-,-,-,O,"FEE: 6,7,7,7,8,8,7,7,7,7,8,8,8,8,9,8
CEM: 8,7,8,7,6,8,8,10,6,8,7,6,7,8,9,8,8,10,8,9",,,,"* 야간촬영 
* 중앙 식별 불가",
356,2025-12-12,Sohar_Port(Oman),SatRev,2025-12-16T07:22:59.397(1765869779397),-4,-0.9698,0.58,desc(↓),24.4985,56.6099,24.4785,56.6907,40.88,Clear(5.0),waterbody,OK(13),"2,4,8,8,16,16,16,4",,,,,,,,,,,,"FEE: 4,4,5,6,6,6,7,5,6,6,6,6,6,6,7,9,9,7
CEM: 6,5,6,6,6,6,7,6,6,7,5,6,5,7,4,6,6,6,6,6,5,7,6,6,6,9,8,7,8,7,8,8,8",,,,,
355,,lake_pontchartrain_causeway(usa),cal/val,2025-12-15T17:12:23.640(1765818743640),-4,-4.438,1.13,desc(↓),30.212,-90.121,30.141,-89.7334,35.48,Clear(1.7),waterbody,OK(22),"2,4,8,8,16,16,16,4",2025-12-18,O,O,O,,-4,30.471286,-0.259286,-90.148246,0.027246,,"FEE: 4,6,6,7,7,7,7,6,7,7,8,7,8,8,8,8,8,8
CEM: 7,8,7,5,6,6,6,6,8,6,7,6,6,7,6,7,6,6,7,6,7,7,6,7,8,7,9,8,10,8,8,8,8",,,,,
354,,shanghai(china),normal,2025-12-15T03:03:03.191(1765767783191),-4,-14.2909,1.22,desc(↓),31.2304,121.4647,31.0053,122.7484,34.39,Clear(0.0),waterbody,OK(22),"2,4,8,8,16,16,16,4",2025-12-15,O,O,O,,-3.6,31.445392,-0.214992,121.457874,0.006826,,"FEE: 2,2,3,4,4,4,3,3,3,4,4,5,5,5,5,5,5
CEM: 3,3,4,3,4,4,3,3,4,5,4,3,3,3,5,6,4,3,6,5,3,5,6,3,5,5,6,5,7,5,6,6",,,,,
353,,lunar_lake_playa(usa),cal/val,2025-12-14T19:09:18.103(1765739358103),-4,13.84,0.98,desc(↓),38.4,-115.99,38.6361,-117.3396,27.96,Clear(9.7),-,OK(20),"2,4,8,8,16,16,16,4",2025-12-17,O,O,O,,-3.5,38.6462,-0.2462,-116.06687,0.07687,,"FEE: 4,5,5,6,6,7,6,6,6,6,7,7,7,7,7,8,8
CEM: 4,6,6,6,6,6,6,6,6,6,6,7,6,8,6,7,6,7,6,7,7,8,8,8,7,7,9,8,7,7,8,8",,,,* 경도 차이로 타겟했던 좌표가 영상에 포함되지 않음,
352,,san_mateo_bridge(san_mateo_bridge),cal/val,2025-12-13T19:34:17.044(1765654457044),-4,15.9004,1.68,desc(↓),37.6,-122.209,37.8799,-123.7527,28.82,Clear(10.7),waterbody,OK(33),"2,4,8,8,16,16,16,4",,,,,,,,,,,,,,,,,
351,2025-12-10,"Sur(Oman)
Ras_Al_Hadd(Oman)",SatRev,2025-12-13T07:03:40.613(1765609420613),-4,-19.3955,0.81,desc(↓),22.5656,59.5083,22.2631,61.1537,42.52,Clear(0.0),waterbody,OK(27),"2,4,8,8,16,16,16,4",2025-12-16,O,O,O,,4,22.284825,0.280775,59.728438,-0.220138,,"FEE: 1,2,2,3,3,4,4,3,3,4,3,4,4,4,4,6,6,5
CEM: 3,2,3,3,3,4,3,3,4,3,3,3,3,3,4,4,3,3,3,3,4,3,3,4,3,7,3,4,3,5,6,5,5",,,,"* SatRev에서 본인들이 Tilt를 조정한 것 같음.
Ras_Al_Hadd 촬영
단순 위도차이로만 시간 계산",
350,,4_preah_vihear_temple,thailand,2025-12-13T03:57:08.380(1765598228380),-4,-23.3275,0.3,desc(↓),14.3911,104.6803,14.0234,106.6022,49.84,Clear(1.0),-,OK(27),"0,4,8,8,0,0,0,4",2025-12-18,O,O,O,,4.5,14.094937,0.296163,104.651096,0.029204,,"FEE: 0,1,2,2,2,2,3,3,3,2,3,3,3,3,3,3,3
CEM: 0,2,1,1,2,2,1,3,1,2,1,1,1,2,3,1,3,2,3,3,4,3,3,3,3",,,,"* 구름에 가려져 타겟했던 좌표가 영상에 포함되지 않음
딱 타겟했던 좌표만 구름으로 가려짐..",
349,,Trapani_salt_pans(Italy),normal,2025-12-12T10:32:53.937(1765535573937),-4,9.2987,1.55,desc(↓),37.9929,12.5287,38.1508,11.6394,28.47,Clear(2.1),waterbody,OK(30),"2,4,8,8,16,16,16,4",,,,,,,,,,,,,,,,,
348,,Sohar_Port(Oman),SatRev,2025-12-12T07:27:44.649(1765524464649),-4,13.174,0.67,desc(↓),24.4985,56.6099,24.7041,55.5052,41.45,Clear(1.7),waterbody,OK(20),"2,4,8,8,16,16,16,4",,,,,,,,,,,,,,,,,
347,,Kamphaeng_Saen_Airport(thailand),airport,2025-12-12T04:21:51.025(1765513311025),-4,-6.3896,1.46,desc(↓),14.102,99.917,as,100.4152,50.69,Clear(5.0),waterbody,OK(20),"0,4,8,8,0,0,0,4",,,,,,,,,,,,,,,,,
346,,jeju_world_cup_stadium(korea),normal,2025-12-12T02:42:30.461(1765507350461),-4,-18.2505,1.22,desc(↓),33.2463,126.5093,32.9544,128.2123,32.66,Clear(1.5),waterbody,OK(33),"2,4,8,8,16,16,16,4",,,,,,,,,,,,,,,,,
345,,Grand_Canyon(usa),landmark,2025-12-11T18:49:49.945(1765478989945),-4,6.4553,1.98,desc(↓),36.2746,-112.3653,36.3854,-112.9618,30.15,Clear(1.0),-,OK(23),"2,4,8,8,16,16,16,4",,,,,,,,,,,,,,,,,
344,,altamira(brazil),normal,2025-12-11T14:17:16.048(1765462636048),-4,-18.6358,0.86,desc(↓),-3.2041,-52.2066,-3.4994,-50.7483,64.7,Clear(6.7),waterbody,OK(23),"2,4,8,8,16,16,16,4",,,,,,,,,,,,,,,,,
343,2025-12-08,Marseille(France),normal,2025-12-11T10:56:14.629(1765450574629),-4,-14.5895,1.46,desc(↓),43.3132,5.3645,43.0665,6.909,23.15,Clear(15.1),waterbody,OK(13),"2,4,8,8,16,16,16,4",,,,,,,,,,,,,,,,,
342,,Mumbai(india),normal,2025-12-11T06:19:27.655(1765433967655),-4,13.8746,1.67,desc(↓),19.0896,72.8751,19.3134,71.7543,46.65,Clear(0.0),waterbody,OK(13),"2,4,8,8,16,16,16,4",2025-12-18,O,O,O,O,-2.5,19.233156,-0.143556,72.861069,0.014031,,"FEE: 4,4,4,5,5,6,6,5,5,6,6,6,6,7,7,7,7,7
CEM: 4,6,6,5,6,6,6,6,6,4,4,6,6,5,4,6,6,6,7,6,6,7,6,6,6,6,8,8,7,6,7,7,6",,,,,
341,,Sutong_Yangtze_River_Bridge(China),normal,2025-12-11T03:07:30.219(1765422450219),-4,-8.0327,0.91,desc(↓),31.7816,121.0038,31.6516,121.7191,34.31,Clear(6.6),waterbody,OK(13),"2,4,8,8,16,16,16,4",2025-12-15,O,O,O,O,-2.5,31.947276,-0.165676,120.986617,0.017183,,"FEE: 3,3,4,4,5,5,4,4,4,5,5,5,5,5,6,6,6
CEM: 3,4,4,4,3,4,4,5,3,3,5,3,4,4,3,5,6,5,4,4,6,5,6,6,6,6,5,6,5,6,6,5",,,,,
340,,Wellington(New_Zealand),normal,2025-12-10T22:43:45.174(1765406625174),-4,-15.95,2.01,desc(↓),-41.3229,174.8074,-41.6221,176.4747,63.72,Clear(18.8),waterbody,OK(13),"2,4,8,8,16,16,16,4",,,,,,,,,,,,,,,,,
339,,houston(usa),normal,2025-12-10T17:41:47.800(1765388507800),-4,19.554,0.97,desc(↓),29.7604,-95.3698,30.0892,-97.1327,36.68,Clear(12.0),waterbody,OK(13),"2,4,8,8,16,16,16,4",,,,,,,,,,,,,,,,,
338,,karachi_port(pakistan),normal,2025-12-10T06:42:41.203(1765348961203),-4,2.7084,1.3,desc(↓),24.8609,67.0063,24.9036,66.7851,41.13,Clear(0.1),waterbody,OK(13),"2,4,8,8,16,16,16,4",2025-12-16,O,O,O,,-1.8,24.983777,-0.122877,66.973003,0.033297,,"FEE: 3,3,4,5,5,5,4,4,5,5,5,5,5,6,6,6,6
CEM: 2,3,3,5,4,5,6,5,4,6,4,4,4,4,4,6,6,6,5,5,5,5,7,8,6,7,7,6,7,6,6,7",,,,,
337,,jakarta(indonesia),normal,2025-12-10T03:42:10.024(1765338130024),-4,-12.4524,0.92,desc(↓),-6.0589,106.6992,-6.2537,107.6562,67.2,Clear(18.1),-,OK(13),"2,4,8,8,16,16,16,4",2025-12-13,O,O,O,,-,-,-,-,-,O,"FEE: 0,1,2,3,3,3,2,3,3,3,3,3,3,4,4,4,5
CEM: 2,2,2,3,3,3,3,1,3,1,3,3,3,2,3,2,3,2,2,3,3,3,4,4,5,4,5,4,5,5,5,4",,,,* 구름으로 영상이 가득참,
336,2025-12-06,"Ras_Al_Hadd(Oman)
Sur(Oman)",SatRev,2025-12-09T07:08:00.154(1765264080154),-4,-3.4274,1.28,desc(↓),22.5201,59.7927,22.4697,60.0735,43.32,Clear(0.8),waterbody,OK(13),"2,4,8,8,16,16,16,4",2025-12-10,O,O,O,,-0.2,22.607685,-0.087585,59.502134,0.290566,,"FEE: 3,3,4,4,5,5,4,4,4,5,5,5,5,6,6,6,6
CEM: 4,4,3,3,3,5,3,6,3,3,5,6,5,4,4,4,4,4,5,6,6,5,5,5,6,6,5,5,6,5,6,6",,,,"* Ras_Al_Hadd 로 미션을 올렸으나 Sur 지역이 촬영됨
이유 문의
SatRev가 정리하는 엑셀 파일에는 미션 이름 자체가 Sur로 설정되어 있음.
단순 Tilt가 더 돌아간 문제인가? 확인 필요",
335,,Tokyo(Japan),normal,2025-12-08T13:18:13.910(1765199893910),-4,-6.582,1.85,asc(↑),35.6586,139.7454,35.5567,139.1316,-69.29,Partially cloudy(29.5),waterbody,OK(37),"16,0,0,0,0,0,0,0",,,,,,,,,,,,"FEE: 5,6,7,7,7,7,7,8,8,7,7,7,7,7,7,7,7
CEM: 5,6,6,7,7,6,6,6,8,7,8,6,7,7,8,7,8,8,8",,,,,
334,,Khasab_Power_Plant(Oman),SatRev,2025-12-08T07:31:37.636(1765179097636),-4,16.9902,1.41,desc(↓),26.0885,56.2324,26.3685,54.7696,40.42,Clear(0.0),-,OK(30),"0,4,8,8,0,0,0,4",,,,,,,,,,,,,,,,,
333,,gyeongbokgung(korea),landmark,2025-12-08T02:45:39.061(1765161939061),-4,-13.2099,0.99,desc(↓),37.5793,126.9769,37.3612,128.2548,29.03,Clear(0.0),waterbody,OK(30),"2,4,8,8,16,16,16,4",,,,,,,,,,,,"FEE: 2,3,4,4,4,5,5,4,4,4,4,5,5,5,6,5,5,6
CEM: 3,3,3,3,3,3,4,3,5,3,4,4,4,3,6,3,6,3,3,4,4,3,4,3,5,6,6,5,6,5,6,6,7",,,,,
332,,Sutong_Yangtze_River_Bridge(China),normal,2025-12-07T03:11:44.188(1765077104188),-4,3.866,0.98,desc(↓),31.7816,121.0038,31.8397,120.6643,34.93,Clear(0.0),waterbody,OK(20),"2,4,8,8,16,16,16,4",,,,,,,,,,,,"FEE: 3,3,4,4,5,5,4,4,5,5,5,6,6,6,6,6,6
CEM: 3,5,5,5,4,5,6,3,4,4,6,4,5,5,4,5,5,4,6,6,4,5,4,5,6,6,6,6,5,6,5,6",,,,,
331,,Queen_Charlotte_Sound(New_Zealand),normal,2025-12-06T22:47:57.187(1765061277187),-4,-14.41,1.29,desc(↓),-41.1133,173.9542,-41.3748,175.45,63.93,Partially cloudy(29.1),waterbody,OK(30),"2,4,8,8,16,16,16,4",,,,,,,,,,,,"FEE: 1,2,3,3,3,4,4,5,5,3,4,5,5,5,5,5,5,5
CEM: 3,2,2,3,3,3,3,3,2,3,3,2,4,3,3,4,3,3,2,3,5,5,3,5,5,6,5,5,4,6,4,5,6",,,,,
330,2025-12-05,Tokyo(Japan),normal,2025-12-08T13:18:09.653(1765199889653),-4,-6.4001,1.99,asc(↑),35.6586,139.7454,35.5609,139.1486,-69.28,Clear(0.0),waterbody,OK(22),"16,0,0,0,0,0,0,0",2025-12-13,O,O,O,,-,-,-,-,-,O,"FEE: 5,6,7,7,7,7,7,8,8,7,7,7,7,7,7,7,7
CEM: 5,6,6,7,7,6,6,6,8,7,8,6,7,7,8,7,8,8,8",,,,"* 첫 야간촬영
* 중앙 식별 불가",
329,,Aral_Sea(Kazakhstan),normal,2025-12-08T07:26:35.178(1765178795178),-4,-1.3668,0.75,desc(↓),45.2007,59.6861,45.1696,59.8336,21.78,Clear(5.7),waterbody,OK(22),"2,4,8,8,16,16,16,4",2025-12-11,O,O,O,,-,-,-,-,-,O,"FEE: 4,4,5,5,6,7,5,5,6,6,6,6,6,6,7,7,9
CEM: 6,4,4,6,5,6,6,5,5,6,6,4,6,6,6,6,6,5,6,6,5,6,6,5,7,8,6,7,6,7,5,7",,,,"* 영상 절반이 구름으로 가려짐
* 중앙 식별 불가",
328,,Phitsanulok_Airport(thailand),airport,2025-12-08T04:25:21.360(1765167921360),-4,4.7888,1.31,desc(↓),16.783,100.279,16.8595,99.9057,48.96,Clear(4.3),waterbody,OK(22),"0,4,8,8,0,0,0,4",2025-12-09,O,O,O,O,-3.5,17.02211,-0.23911,100.320145,-0.041145,,"FEE: 3,4,4,5,6,6,6,5,5,5,5,6,6,6,6,6,6
CEM: 3,5,6,5,3,6,6,6,5,6,5,4,5,6,4,6,5,5,5,5,5,6,5,6,7",,,,,
327,,gyeongbokgung(korea),landmark,2025-12-08T02:45:35.552(1765161935552),-4,-13.3534,1.55,desc(↓),37.5793,126.9769,37.3638,128.2706,29.02,Clear(0.0),waterbody,OK(33),"2,4,8,8,16,16,16,4",2025-12-13,O,O,O,,-3,37.75893,-0.17963,126.970142,0.006758,,"FEE: 2,3,4,4,4,5,5,4,4,4,4,5,5,5,6,5,5,6
CEM: 3,3,3,3,3,3,4,3,5,3,4,4,4,3,6,3,6,3,3,4,4,3,4,3,5,6,6,5,6,5,6,6,7",,,,,
326,,gobabeb(africa),cal/val,2025-12-07T09:43:41.802(1765100621802),-4,2.3463,1,desc(↓),-23.55,15.033,-23.5125,14.8367,74.44,Clear(5.0),waterbody,OK(23),"2,4,8,8,16,16,16,4",2025-12-12,O,O,O,O,-3.5,-23.336152,-0.213848,15.113197,-0.080197,,"FEE: 4,4,5,5,6,6,7,7,5,6,6,6,6,6,7,9,9
CEM: 6,4,5,7,5,5,4,5,6,6,7,6,7,6,4,6,6,7,6,6,7,5,6,7,6,7,8,6,8,7,8,8",,,,,
325,,Sutong_Yangtze_River_Bridge(China),normal,2025-12-07T03:11:42.202(1765077102202),-4,3.7761,1.79,desc(↓),31.7816,121.0038,31.8454,120.674,34.93,Clear(0.0),waterbody,OK(20),"2,4,8,8,16,16,16,4",2025-12-08,O,O,O,O,-2,31.949654,-0.168054,120.944251,0.059549,,"FEE: 3,3,4,4,5,5,4,4,5,5,5,6,6,6,6,6,6
CEM: 3,5,5,5,4,5,6,3,4,4,6,4,5,5,4,5,5,4,6,6,4,5,4,5,6,6,6,6,5,6,5,6",,,,,
324,,Queen_Charlotte_Sound(New_Zealand),normal,2025-12-06T22:47:55.672(1765061275672),-4,-14.4658,1.91,desc(↓),-41.1133,173.9542,-41.3815,175.4546,63.92,Clear(4.0),waterbody,OK(30),"2,4,8,8,16,16,16,4",2025-12-12,O,O,O,O,-0.1,-41.100257,-0.013043,174.038962,-0.084762,,"FEE: 1,2,3,3,3,4,4,5,5,3,4,5,5,5,5,5,5,5
CEM: 3,2,2,3,3,3,3,3,2,3,3,2,4,3,3,4,3,3,2,3,5,5,3,5,5,6,5,5,4,6,4,5,6",,,,,
323,2025-12-03,mali(africa),cal/val,2025-12-06T11:31:28.977(1765020688977),-4,17.3644,0.2,desc(↓),19.12,-4.85,19.3908,-6.2769,47.26,Clear(15.0),-,OK(27),"2,4,8,8,16,16,16,4",2025-12-07,O,O,O,,-,-,-,-,-,O,"FEE: 5,6,6,7,7,7,6,6,6,7,7,7,7,8,8,8,9
CEM: 6,6,6,5,6,7,5,6,7,6,6,6,8,7,6,7,6,7,8,7,6,8,7,8,8,8,8,7,8,8,8,9",,,,"* 이미지가 사막지역이고, 구름떄문에 중앙 식별 불가
# 3. Telemetry
[HEALTH CHECK Logs]
4-0-8 / Time : 2025-12-06T11:31:36.780
   [FAIL]--C_FEESmps - Actual : ( 513 ) -- Expected : ( off : { 0 ~ 25 }, on : { 190 ~ 507 } )",
322,,HongKong_International_Airport(HongKong),airport,2025-12-06T03:38:49.521(1764992329521),-4,18.4783,0.49,desc(↓),22.311,113.921,22.6065,112.3633,44.31,Clear(0.0),waterbody,OK(27),"2,4,8,8,16,16,16,4",,,,,,,,,,,,,,,,,
321,,Tokyo(Japan),normal,2025-12-06T02:00:59.327(1764986459327),-4,7.1441,0.71,desc(↓),35.6586,139.7454,35.7699,139.0834,31.38,Clear(7.4),waterbody,OK(30),"2,4,8,8,16,16,16,4",2025-12-09,O,O,O,,2,35.545608,0.112992,139.685436,0.059964,O,"FEE: 2,3,3,4,4,4,3,3,4,4,4,5,5,5,5,5,5
CEM: 2,3,4,2,4,2,3,4,3,3,5,3,4,4,4,4,4,3,3,4,4,4,5,6,5,4,6,6,4,5,6,6",,,,* 구름때문에 정확한 위치는 아님,
320,,barreal_blanco(south_america),cal/val,2025-12-05T15:18:13.429(1764947893429),-4,7.9603,0.84,desc(↓),-31.86,-69.45,-31.7279,-70.1718,71.8,Clear(0.0),-,OK(33),"2,4,8,8,16,16,16,4",2025-12-12,O,O,O,,1.2,-31.942738,0.082738,-69.453169,0.003169,,"FEE: 4,4,5,6,6,7,7,6,6,6,6,6,7,7,7,7,7,8
CEM: 6,4,6,6,5,5,6,7,6,4,7,5,6,6,6,6,4,6,6,6,6,7,7,7,8,7,8,7,8,8,7,8,8",,,,,
319,,11_khum_srae_thmei,thailand,2025-12-05T04:06:04.479(1764907564479),-4,7.164,0.21,desc(↓),12.2604,104.6316,12.3646,104.0792,53.57,Clear(6.4),-,OK(43),"0,4,8,8,0,0,0,4",2025-12-08,O,O,O,,1.2,12.17682,0.08358,104.604386,0.027214,,"FEE: 3,3,4,5,5,5,6,5,5,5,5,5,6,6,6,6,6
CEM: 5,5,5,4,5,5,4,5,4,4,4,6,5,6,5,5,6,6,6,6,6,6,6,6,6",,,,,
318,,kupang(indonesia),normal,2025-12-05T02:37:36.866(1764902256866),-4,4.7007,0.16,desc(↓),-10.1772,123.607,-10.1034,123.2456,71.44,Clear(4.5),waterbody,OK(43),"2,4,8,8,16,16,16,4",2025-12-06,O,O,O,,1,-10.237755,0.060555,123.640022,-0.033022,O,"FEE: 2,2,2,3,4,4,3,3,3,4,4,4,4,4,4,5,5
CEM: 4,2,2,3,3,3,3,4,3,3,3,4,3,3,5,4,5,3,5,4,6,3,3,4,6,6,5,5,5,4,6,7",,,,"* Tilt Err(Km) 표시 시작 
* MPS Tilt 계산 로직 수정 
- 기존에 지구를 평면으로 보고 단순 Tilt 계산하였고, 최근 Tilt 한계를 10도에서 25도로 늘리며 오류가 자주 발생함
- 지구를 실제 타원으로 보고 정밀하게 Tilt(Roll) 계산 적용
- 추후 Roll과 Pitch 함께 제어하여 더 정확한 Tilt 게산 로직 적용 예정 ",
317,2025-12-01,Aral_Sea(Kazakhstan),normal,2025-12-04T07:30:38.565(1764833438565),-4,8.5782,,desc(↓),45.2007,59.6861,45.348,58.8335,22.35,Clear(4.6),waterbody,OK(35),"2,4,8,8,16,16,16,4",2025-12-06,O,O,O,,-,-,-,-,-,,"FEE: 5,5,6,6,7,7,7,6,6,6,7,7,7,7,7,7,8,8
CEM: 6,8,7,5,6,6,7,7,7,6,7,5,6,5,6,8,7,7,6,8,8,7,7,8,8,6,7,8,7,8,9,9,9",,,,* 구름으로 중앙 식별 불가,
316,,phuket_air_force_station(thailand),normal,2025-12-04T04:31:44.331(1764822704331),-4,16.9983,,desc(↓),7.8799,98.3156,8.1185,97.087,57.9,Clear(0.0),waterbody,OK(35),"0,4,8,8,0,0,0,4",2025-12-04,O,O,O,,-1,7.912251,-0.032351,98.437033,-0.121433,,"FEE: 3,4,4,5,6,6,5,7,7,5,5,6,8,8,6,6
CEM: 5,3,4,6,4,5,5,6,5,4,6,6,6,8,6,5,6,5,6,6,6,6,5,8",,,,* 경도 차이로 타겟지점이 이미지에 들어오지 않음,
315,,Seoraksan(Korea),mountain,2025-12-04T02:49:25.362(1764816565362),-4,11.0954,,desc(↓),38.1194,128.4656,38.2885,127.473,29.3,Clear(0.0),waterbody,OK(40),"2,4,8,8,16,16,16,4",,,,,,,,,,,,,,,,,
314,,thar_desert(asia),cal/val,2025-12-03T06:25:28.107(1764743128107),-4,4.7445,,desc(↓),27.63,71.86,27.7017,71.4866,39.44,Clear(0.0),waterbody,OK(30),"2,4,8,8,16,16,16,4",2025-12-08,O,O,O,O,-0.2,27.651912,-0.021912,71.844422,0.015578,,"FEE: 4,4,5,5,6,6,5,5,5,7,7,6,6,6,7,7,7
CEM: 4,5,4,4,5,4,5,6,6,5,4,6,7,5,5,5,7,4,5,6,6,6,6,6,7,6,7,8,7,8,7,8",,,,,
313,,Sutong_Yangtze_River_Bridge(China),normal,2025-12-03T03:15:35.831(1764731735831),-4,15.5456,,desc(↓),31.7816,121.0038,32.0169,119.6989,35.62,Clear(4.1),waterbody,OK(37),"2,4,8,8,16,16,16,4",2025-12-10,O,O,O,O,0.8,31.736633,0.044967,121.039012,-0.035212,,"FEE: 3,3,4,4,4,5,3,4,4,4,5,5,6,6,6,6,6
CEM: 4,6,4,4,5,4,3,4,4,3,5,4,4,4,5,4,3,5,5,5,5,5,5,6,6,5,8,6,5,7,6,6",,,,"# 3. Telemetry
[HEALTH CHECK Logs]
4-0-8 / Time : 2025-12-03T03:15:33.484
   [FAIL]--C_FEESmps - Actual : ( 510 ) -- Expected : ( off : { 0 ~ 25 }, on : { 190 ~ 507 } )",
312,,operahouse,landmark,2025-12-03T00:24:17.474(1764721457474),-4,-18.4767,,desc(↓),-33.8569,151.2152,-34.1581,152.842,68.76,Clear(0.0),waterbody,OK(30),"2,4,8,8,16,16,16,4",2025-12-04,O,O,O,,2,-33.974209,0.117309,151.124905,0.090295,,"FEE: 0,1,2,3,2,3,3,2,2,3,4,4,3,3,3,4,4,4
CEM: 3,2,3,1,3,2,2,3,4,2,2,3,2,3,1,3,2,2,3,4,3,3,3,3,3,5,5,5,5,3,4,5,5",,,,"# 3. Telemetry
[HEALTH CHECK Logs]
4-0-8 / Time : 2025-12-03T00:24:15.749
   [FAIL]--C_FEESmps - Actual : ( 517 ) -- Expected : ( off : { 0 ~ 25 }, on : { 190 ~ 507 } )",
311,2025-11-28,"------------- MAINTENANCE mission inserted : mission start time - 2025-12-01T07:45:00.000, maintenance - bin2tiff-ipb-------------",,,,,,,,,,,,,,,,2025-12-01,O,O,,,,,,,,,,,,,,
310,,colombo(srilanka),normal,2025-12-01T05:45:29.039(1764567929039),-4,18.7363,,desc(↓),6.9314,79.8667,7.2016,78.5062,59.27,Clear(15.0),waterbody,OK(13),"0,4,8,8,0,0,0,4",,,,,,,,,,,,,,,,,
309,,10_siem_reap,thailand,2025-12-01T04:09:28.094(1764562168094),-4,8.3653,,desc(↓),13.3559,103.9532,13.4702,103.3492,53.22,Clear(5.0),-,OK(13),"0,4,8,8,0,0,0,4",2025-12-04,O,O,O,,-0.6,13.385926,-0.030026,103.999014,-0.045814,,"FEE: 3,3,4,4,4,5,3,3,4,4,4,5,5,5,5,5
CEM: 2,3,3,4,2,3,4,3,5,3,4,4,6,5,5,4,5,3,5,4,4,3,6,4",,,,,
308,,taklamakan_desert(china),cal/val,2025-11-30T06:01:20.074(1764482480074),-4,3.9514,,desc(↓),39.83,80.17,39.8862,79.8091,28.17,Clear(12.2),waterbody,OK(23),"2,4,8,8,16,16,16,4",2025-12-06,O,O,O,O,-,-,-,-,-,,"FEE: 4,5,6,6,7,6,6,6,6,6,7,7,7,7,7,7,7
CEM: 6,5,6,5,5,6,7,7,6,6,6,6,6,6,6,7,8,6,6,7,6,6,6,7,8,6,7,8,8,8,8,8",,,,"* 이미지가 사막지역이라 중앙 식별 불가
# 3. Telemetry
[HEALTH CHECK Logs]
4-0-8 / Time : 2025-11-30T06:01:24.710
   [FAIL]--C_FEESmps - Actual : ( 508 ) -- Expected : ( off : { 0 ~ 25 }, on : { 190 ~ 507 } )",
307,,chiangmai_international_airport(thailand),thailand,2025-11-30T04:32:30.611(1764477150611),-4,8.377,,desc(↓),18.767,98.963,18.8835,98.342,48.38,Clear(0.0),waterbody,OK(27),"0,4,8,8,0,0,0,4",2025-12-03,O,O,O,,1,18.706182,0.060818,98.986436,-0.023436,,"FEE: 4,4,5,5,6,6,6,5,5,6,6,6,6,8,8,7,7
CEM: 6,5,6,4,4,6,5,5,5,5,6,6,6,7,4,5,6,7,6,6,6,5,6,8,7",,,,,
306,,jeju_airport(korea),normal,2025-11-30T02:54:13.900(1764471253900),-4,13.6054,,desc(↓),33.5029,126.4863,33.708,125.3274,34.42,Clear(4.4),waterbody,OK(27),"2,4,8,8,16,16,16,4",,,,,,,,,,,,,,,,,
305,,salton_sea(usa),cal/val,2025-11-29T19:02:27.903(1764442947903),-4,11.4573,,desc(↓),33.225,-115.824,33.3976,-116.7916,34.72,Clear(7.3),waterbody,OK(27),"2,4,8,8,16,16,16,4",,,,,,,,,,,,,,,,,
304,2025-11-26,alegria_5(africa),cal/val,2025-11-29T11:11:08.989(1764414668989),-4,18.7217,,desc(↓),31.02,2.23,31.3089,0.6548,36.99,Clear(0.0),-,OK(22),"2,4,8,8,16,16,16,4",2025-12-05,O,O,O,,-,-,-,-,-,,"FEE: 6,6,7,7,8,8,9,9,7,7,8,8,8,8,9,9,9
CEM: 6,8,7,8,8,8,8,8,8,8,8,9,7,8,8,6,8,7,8,8,8,8,9,8,9,9,8,8,10,8,10,10",,,,* 이미지가 사막지역이라 중앙 식별 불가,
303,,Benazir_Bhutto_International_Airport(pakistan),normal,2025-11-29T06:27:24.534(1764397644534),-4,9.5672,,desc(↓),33.5554,72.8323,33.6991,72.0252,34.47,Clear(0.0),-,OK(22),"2,4,8,8,16,16,16,4",2025-12-11,O,O,O,,-1,33.621942,-0.066542,72.827195,0.005105,,"FEE: 4,4,5,5,6,7,7,5,6,6,6,6,7,7,7,7,7,7
CEM: 4,5,5,5,6,6,5,6,5,6,5,5,7,4,6,6,5,4,6,6,6,6,7,6,6,7,6,6,8,7,7,6,8",,,,,
302,,between_qingdao_and_huangdao_district(asia),cal/val,2025-11-29T03:18:00.260(1764386280260),-4,4.1423,,desc(↓),36.152,120.221,36.2114,119.8616,31.93,Clear(0.0),waterbody,OK(22),"2,4,8,8,16,16,16,4",2025-12-12,O,O,O,,-1,36.213089,-0.061089,120.213874,0.007126,,"FEE: 3,3,4,4,4,5,4,4,4,5,5,5,6,6,6,6,6
CEM: 2,4,4,6,5,4,3,5,5,3,3,3,5,5,5,3,4,4,4,3,5,3,6,6,6,6,6,6,6,6,6,7",,,,,
302,,mauritania_1(africa),cal/val,2025-11-28T11:38:47.282(1764329927282),-4,-14.645,,desc(↓),19.4,-9.3,19.199,-8.1946,47.66,Clear(16.0),-,OK(37),"2,4,8,8,16,16,16,4",2025-12-02,O,O,O,O,-,-,-,-,-,,"FEE: 4,5,6,6,7,7,7,7,6,7,7,7,7,7,7,7,7
CEM: 6,6,7,6,6,6,7,6,6,6,7,6,6,7,7,6,6,8,6,5,6,7,7,7,8,8,6,6,8,8,9,7",,,,"* 이미지가 사막지역이라 중앙 식별 불가
# 3. Telemetry
[HEALTH CHECK Logs]
4-0-8 / Time : 2025-11-28T11:38:48.632
   [FAIL]--C_FEESmps - Actual : ( 516 ) -- Expected : ( off : { 0 ~ 25 }, on : { 190 ~ 507 } )",
301,,Astana(Kazakhstan),normal,2025-11-28T06:47:12.948(1764312432948),-4,0.7741,,desc(↓),51.1264,71.4443,51.1374,71.3577,17.44,Clear(5.0),-,OK(37),"2,4,8,8,16,16,16,4",2025-12-03,O,O,O,,-,-,-,-,-,O,"FEE: 4,4,5,6,6,6,5,5,5,6,6,6,6,7,7,7,8
CEM: 4,6,6,6,6,6,6,6,6,5,5,4,7,6,6,6,5,6,6,5,7,5,5,6,6,5,8,8,7,7,7,8",,,,* 구름으로 영상이 가득참,
300,,mount_fuji(japan),mountain,2025-11-28T02:08:13.389(1764295693389),-4,17.6981,,desc(↓),35.3622,138.733,35.6438,137.1863,33.01,Clear(0.0),waterbody,OK(40),"2,4,8,8,16,16,16,4",2025-12-04,O,O,O,,-0.2,35.360264,0.001936,138.858556,-0.125556,,"FEE: 3,4,5,5,5,5,6,5,5,5,6,6,6,6,7,7,6,6
CEM: 3,4,4,4,3,5,6,6,4,6,3,5,4,6,5,5,5,6,5,5,5,6,6,6,5,6,7,7,6,6,6,6,6",,,,,
299,,big_island(usa_hawaii),mountain,2025-11-27T21:29:21.680(1764278961680),-4,2.873,,desc(↓),19.4857,-155.5838,19.5236,-155.7952,48.02,Clear(1.6),waterbody,OK(43),"2,4,8,8,16,16,16,4",2025-11-29,O,O,O,O,0.1,19.486489,-0.000789,-155.606192,0.022392,,"FEE: 2,3,3,3,4,4,4,4,4,4,4,5,5,5,5,5,5,6
CEM: 5,3,3,1,3,2,4,3,4,3,3,5,5,3,4,4,3,4,3,2,3,5,3,4,5,4,5,6,5,6,5,5,6",,,,,
298,,managua(nicaragua),normal,2025-11-27T16:48:10.386(1764262090386),-4,3.8787,,desc(↓),12.1364,-86.2514,12.1963,-86.5272,54.86,Clear(0.0),waterbody,OK(37),"2,4,8,8,16,16,16,4",2025-11-29,O,O,O,,-0.1,12.144917,-0.008517,-86.259131,0.007731,,"FEE: 4,4,5,5,6,7,6,5,5,6,6,6,6,7,9,9,9,9
CEM: 6,6,6,6,5,6,7,6,6,6,5,6,6,6,4,6,5,6,6,6,6,7,6,5,6,6,7,7,6,8,6,6,7",,,,"# 3. Telemetry
[HEALTH CHECK Logs]
4-0-8 / Time : 2025-11-27T16:48:11.836
   [FAIL]--C_Brd5V0 - Actual : ( 51 ) -- Expected : ( off : { 0 ~ 30 }, on : { 0 ~ 50 } )",
297,2025-11-24,haifa(israel),issue,2025-11-27T08:50:56.359(1764233456359),-4,-10.8587,,desc(↓),32.8112,35.0233,32.6531,35.9346,35.29,Clear(3.9),waterbody,OK(35),"2,4,8,8,16,16,16,4",2025-12-02,O,O,O,O,1,32.745655,0.065545,34.950972,0.072328,,"FEE: 2,2,3,4,4,4,3,5,5,4,4,5,5,7,7,6,6
CEM: 3,2,3,3,3,3,4,3,3,3,3,3,3,3,3,3,3,3,5,5,5,5,6,3,5,5,4,6,6,6,6,5",,,,,
296,,15_Chong_Chom,thailand,2025-11-27T04:12:34.136(1764216754136),-4,13.5946,,desc(↓),14.4364,103.6992,14.6307,102.7035,53.06,Clear(5.0),-,OK(35),"0,4,8,8,0,0,0,4",2025-11-27,O,O,O,,-1,14.495813,-0.059413,103.817517,-0.118317,,"FEE: 2,3,3,4,4,5,3,3,4,4,4,4,4,4,6,7
CEM: 4,3,4,3,3,3,3,3,3,3,4,6,3,4,4,4,5,4,3,5,4,6,3,6",,,,* 경도 차이로 타겟지점이 이미지에 들어오지 않음,
295,,corona_satellite_calibration_targets(usa),cal/val,2025-11-26T18:41:32.454(1764182492454),-4,-0.7556,,desc(↓),32.807,-111.757,32.7987,-111.6937,35.53,Clear(4.0),waterbody,OK(30),"2,4,8,8,16,16,16,4",2025-12-01,O,O,O,O,0.8,32.769691,0.037309,-111.799218,0.042218,,"FEE: 4,4,5,6,6,6,7,5,6,6,6,6,6,7,7,7,7,7
CEM: 5,3,4,6,5,5,5,5,5,7,6,5,6,6,6,6,6,7,6,6,6,7,7,6,7,7,8,7,6,7,8,9,9",,,,* 구름이 조금 있긴 함,
294,,sudan1(africa),cal/val,2025-11-26T09:18:16.832(1764148696832),-4,5.9445,,desc(↓),21.4,27.7,21.4905,27.2545,46.57,Clear(0.0),-,OK(27),"2,4,8,8,16,16,16,4",2025-12-02,O,O,O,O,-,-,-,-,-,,"FEE: 3,4,5,5,6,6,5,5,5,7,7,6,6,6,7,7,7
CEM: 6,6,6,4,6,6,5,6,6,6,4,6,6,5,6,6,5,5,5,6,5,5,6,7,6,6,8,8,7,7,8,8",,,,* 이미지가 사막지역이라 중앙 식별 불가,
293,,yeouido(korea),normal,2025-11-26T02:56:29.030(1764125789030),-4,15.491,,desc(↓),37.522,126.93,37.7775,125.5386,31.26,Clear(4.5),waterbody,OK(37),"2,4,8,8,16,16,16,4",2025-11-28,O,O,O,,-2,37.626889,-0.104889,127.028715,-0.098715,O,"FEE: 2,3,3,4,4,4,3,3,4,4,4,5,5,5,5,6,6
CEM: 3,3,5,3,5,3,4,4,3,4,3,3,5,4,4,4,3,4,3,4,3,4,5,4,4,5,6,5,5,7,6,6",,,,* 구름으로 인해 정확한 위치는 아님,
292,,tijuana(mexico),normal,2025-11-25T19:05:57.916(1764097557916),-4,9.5306,,desc(↓),32.5149,-117.0382,32.6613,-117.8326,36.12,Clear(4.3),waterbody,OK(37),"2,4,8,8,16,16,16,4",2025-11-29,O,O,O,O,-0.7,32.549812,-0.034912,-116.99497,-0.04323,,"FEE: 4,4,5,5,5,6,5,6,6,6,6,6,6,6,6,6,7
CEM: 5,5,3,5,4,4,6,6,5,5,4,7,6,6,6,5,6,4,6,5,4,6,6,6,7,6,6,7,7,6,7,8",,,,,
291,2025-11-21,Jeddah(Saudi Arabia),normal,2025-11-24T08:32:38.773(1763973158773),-4,6.4965,,desc(↓),21.5309,39.1582,21.6173,38.6676,46.87,Clear(0.0),waterbody,OK(30),"2,4,8,8,16,16,16,4",2025-11-26,O,O,O,,1,21.469358,0.061542,39.212186,-0.053986,,"FEE: 4,4,5,5,5,6,5,5,6,6,6,6,6,6,7,7,7
CEM: 4,6,6,4,5,4,6,5,3,6,6,5,4,5,4,6,5,6,6,6,6,6,6,6,6,7,6,8,7,6,8,7",,,,,
290,,cancún(mexico),normal,2025-11-23T16:49:04.233(1763916544233),-4,-16.5954,,desc(↓),21.1157,-86.8265,20.8758,-85.5542,46.98,Clear(0.0),waterbody,OK(13),"2,4,8,8,16,16,16,4",2025-11-28,O,O,O,,2,21.012052,0.103648,-86.987769,0.161269,O,"FEE: 3,4,5,5,6,6,5,5,5,5,6,6,6,6,7,7,7
CEM: 6,4,5,6,4,5,5,5,6,3,3,4,7,5,5,6,6,6,5,6,6,6,5,6,6,7,7,6,6,8,8,8",,,,* 경도 차이로 타겟지점이 이미지에 들어오지 않음,
289,,shadnagar(asia),cal/val,2025-11-23T05:49:28.150(1763876968150),-4,-7.9998,,desc(↓),17.034,78.183,16.9164,78.769,51.03,Clear(3.8),waterbody,OK(13),"2,4,8,8,16,16,16,4",2025-11-25,O,O,O,,0.5,17.007852,0.026148,78.135781,0.047219,O,"FEE: 4,4,5,6,6,6,5,5,6,6,6,6,6,7,7,7,7
CEM: 6,3,6,5,6,6,5,6,5,6,6,5,6,5,6,5,6,6,6,5,7,7,7,8,6,7,8,8,7,8,8,7",,,,* 구름으로 중앙 식별 불가,
288,,8_khok_sung,thailand,2025-11-23T04:15:51.668(1763871351668),-4,12.8818,,desc(↓),13.8079,102.7026,13.989,101.7621,54.45,Partially cloudy(27.8),-,OK(13),"0,4,8,8,0,0,0,4",2025-11-26,O,O,O,O,0,13.796466,0.011434,102.826557,-0.123957,,"FEE: 3,4,5,5,5,5,5,4,5,5,5,5,7,8,6,6,7
CEM: 6,4,5,5,5,3,7,3,5,4,4,5,4,5,6,6,6,5,6,4,6,6,6,5,7",,,,"* 경도 차이로 타겟지점이 이미지에 들어오지 않음
시간 오차는 0초에 가까움",
287,,vladivostok(russia),normal,2025-11-23T02:33:48.609(1763865228609),-4,-4.5333,,desc(↓),43.1218,131.9391,43.0503,132.373,26.25,Clear(0.0),waterbody,OK(17),"2,4,8,8,16,16,16,4",2025-11-25,O,O,O,,2.2,42.993696,0.128104,131.850189,0.088911,,"FEE: 2,2,3,3,4,4,4,3,3,4,4,4,4,5,5,7,7,5
CEM: 3,1,3,3,4,3,3,2,5,3,4,4,4,3,3,4,3,3,3,3,4,6,5,3,4,6,5,4,5,6,5,4,5",,,,* 구름이 조금 있긴 하지만 타겟은 나왔음,
286,2025-11-19,Matterhorn(Switzerland),mountain,2025-11-22T10:49:17.360(1763808557360),-4,-14.82,,desc(↓),45.9791,7.6801,45.7433,9.1882,23.52,Clear(0.0),-,OK(22),"2,4,8,8,16,16,16,4",,,,,,,,,,,,,,,,,
285,,Incheon_Intl_Airport(Korea),normal,2025-11-22T02:59:31.007(1763780371007),-4,18.6325,,desc(↓),37.4602,126.4407,37.7713,124.7506,32.17,Clear(2.0),waterbody,OK(27),"2,4,8,8,16,16,16,4",2025-11-29,O,O,O,O,-1.2,37.523803,-0.063603,126.552767,-0.112067,,"FEE: 3,4,5,6,5,5,5,5,5,5,5,5,6,6,6,7,7
CEM: 4,6,4,4,5,5,4,5,6,4,3,4,5,5,5,6,5,6,5,6,3,6,6,6,7,6,7,8,6,6,7,7",,,,,
284,,baish(mangrove),normal,2025-11-21T08:12:24.336(1763712744336),-4,-9.8917,,desc(↓),17.3233,42.3294,17.1808,43.0581,51.15,Clear(0.0),waterbody,OK(13),"2,4,8,8,16,16,16,4",2025-11-24,O,O,O,,-0.8,17.372687,-0.049387,42.301174,0.028226,,"FEE: 3,4,4,4,5,6,4,5,5,5,5,6,6,7,7,7,7
CEM: 5,6,6,4,5,4,4,5,6,5,6,5,4,5,5,5,5,4,5,5,6,5,5,6,6,6,6,6,8,7,7,8",,,,,
283,,mt. Taranaki(new_zealand),mountain,2025-11-20T23:00:57.032(1763679657032),-4,15.5887,,desc(↓),-39.2928,174.0546,-39.0555,172.5934,65.65,Clear(0.0),waterbody,OK(17),"2,4,8,8,16,16,16,4",2025-11-24,O,O,O,,-3.5,-39.146923,-0.145877,174.20124,-0.14664,,"FEE: 1,2,2,3,3,3,3,3,4,4,3,4,5,5,4,5,5
CEM: 3,3,3,2,3,3,4,3,3,3,3,3,3,3,3,3,3,3,3,3,3,4,3,2,4,3,5,4,6,4,4,5",,,,* 구름이 조금 있긴 함,
282,2025-11-17,libya_1(africa),cal/val,2025-11-20T10:09:13.448(1763633353448),-4,-19.2736,,desc(↓),24.42,13.35,24.1452,14.8793,44.57,Clear(3.9),-,OK(27),"2,4,8,8,16,16,16,4",2025-11-23,O,O,O,O,-,-,-,-,-,,"FEE: 4,5,6,6,6,6,7,5,6,6,6,6,6,7,7,7,7,7
CEM: 6,6,6,5,5,7,5,5,6,6,5,5,6,6,6,6,5,7,6,7,6,8,6,6,9,8,8,8,5,8,8,7,7",,,,* 이미지가 사막지역이라 중앙 식별 불가,
281,,mt_everest(nepal),mountain,2025-11-20T05:25:03.324(1763616303324),-4,4.8319,,desc(↓),27.9881,86.9255,28.0587,86.55,41.61,Clear(5.0),waterbody,OK(27),"1,2,4,4,8,8,16,4",,,,,,,,,,,,,,,,,
280,,nagoya(japan),normal,2025-11-20T02:14:20.984(1763604860984),-4,15.4434,,desc(↓),35.1829,136.9008,35.4288,135.5533,34.82,Clear(0.0),waterbody,OK(23),"2,4,8,8,16,16,16,4",2025-11-23,O,O,O,,-2,35.279267,-0.096367,136.995744,-0.094944,,"FEE: 1,2,3,3,3,4,3,3,3,4,4,4,4,4,4,5,5
CEM: 3,4,4,3,2,3,3,2,3,2,3,4,4,3,3,4,3,3,4,4,3,4,5,5,5,5,5,3,6,5,6,5",,,,,
279,,suez_canal,landmark,2025-11-19T08:57:31.813(1763542651813),-4,-17.567,,desc(↓),30.5422,32.3397,30.2846,33.8038,39.06,Clear(9.8),waterbody,OK(23),"2,4,8,8,16,16,16,4",2025-11-19,O,O,O,O,0.8,30.527182,0.015018,32.219597,0.120103,,"FEE: 3,3,4,4,4,4,3,4,4,5,5,5,5,5,6,6,6
CEM: 3,3,3,3,3,3,3,5,4,5,6,5,4,3,6,4,3,4,3,5,4,5,5,6,4,6,6,4,6,3,5,6",,,,* 경도 차이로 타겟지점이 이미지에 들어오지 않음,
278,,Ban_Nong_Ya_Kaew(thailand),issue,2025-11-19T04:18:38.194(1763525918194),-4,22.274,,desc(↓),13.8189,102.7363,14.1557,101.0604,55.53,Partially cloudy(84.3),-,OK(20),"0,4,8,8,0,0,0,4",2025-11-19,O,O,O,O,-3,13.950067,-0.131167,102.937392,-0.201092,O,"FEE: 4,4,5,5,5,6,5,5,6,6,7,7,6,6,6,6
CEM: 4,6,5,6,5,5,6,3,5,7,6,6,5,6,6,6,6,6,7,6,6,6,6,6",,,,* 경도 차이로 타겟지점이 이미지에 들어오지 않음,
277,,Ulsan_Taehwagang_National_Garden(Korea),normal,2025-11-19T02:38:37.537(1763519917537),-4,-2.2859,,desc(↓),35.548,129.2973,35.5118,129.4929,34.52,Clear(0.0),waterbody,OK(27),"2,4,8,8,16,16,16,4",2025-11-21,O,O,O,,0.2,35.537332,0.010668,129.239699,0.057601,,"FEE: 1,2,3,3,4,4,5,3,3,3,4,4,4,5,5,5,5,5
CEM: 3,4,4,3,3,2,3,3,5,3,3,4,5,3,4,3,3,5,3,3,3,4,3,6,3,5,4,3,6,5,4,6,5",,,,"# 3. Telemetry
[HEALTH CHECK Logs]
4-0-8 / Time : 2025-11-19T02:38:36.773
   [FAIL]--C_FEESmps - Actual : ( 512 ) -- Expected : ( off : { 0 ~ 25 }, on : { 190 ~ 507 } )",
276,,new_orleans(usa),normal,2025-11-18T17:13:47.727(1763486027727),-4,3.0561,,desc(↓),29.9511,-90.0715,29.9975,-90.3174,40.06,Clear(15.5),waterbody,OK(23),"2,4,8,8,16,16,16,4",2025-11-18,O,O,O,O,0.5,29.973828,-0.022728,-90.080043,0.008543,,"FEE: 4,4,5,6,6,6,7,7,5,5,6,6,7,7,7,7,7
CEM: 3,5,5,3,7,6,6,6,6,5,6,5,6,6,6,6,5,6,6,5,8,7,6,7,6,6,6,8,6,6,8,7",,,,"# 3. Telemetry
[HEALTH CHECK Logs]
4-0-8 / Time : 2025-11-18T17:13:54.758
   [FAIL]--C_FEESmps - Actual : ( 511 ) -- Expected : ( off : { 0 ~ 25 }, on : { 190 ~ 507 } )",
275,2025-11-14,baish(mangrove),normal,2025-11-17T08:15:08.494(1763367308494),-4,-0.4582,,desc(↓),17.3233,42.3294,17.3104,42.3608,52.27,Clear(7.6),waterbody,OK(24),"2,4,8,8,16,16,16,4",2025-11-23,O,O,O,,6,16.898715,0.424585,42.448581,-0.119181,,"FEE: 5,6,6,7,7,7,8,7,7,7,7,7,8,9,9,8,8,8
CEM: 6,6,7,6,6,6,7,7,8,6,7,7,7,6,7,8,6,8,6,7,8,8,8,8,8,8,8,8,8,8,8,8,9",,,,"* 시간 오차 약 6초로 타겟지점이 이미지에 들어오지 않음
중앙이 바다지역이라 정확하지 않을 수 있음
Tilt가 반대로 되어서 촬영됨",
274,,HongKong_International_Airport(HongKong),normal,2025-11-17T03:30:41.823(1763350241823),-4,-3.6399,,desc(↓),22.311,113.921,22.255,114.1949,47.61,Clear(5.0),waterbody,OK(24),"2,4,8,8,16,16,16,4",2025-11-21,O,O,O,"8밴드 처리 후 작업
*MS3 tiff 없음(재처리 필요)",5.8,21.9606,0.3504,113.946681,-0.025681,,"FEE: 2,3,4,5,4,5,4,4,4,5,5,5,5,5,5,7,6
CEM: 3,3,3,3,4,3,5,4,5,5,5,4,4,4,5,5,5,5,4,4,4,6,6,5,6,6,6,6,5,6,6,5",,,,"* 시간 오차 5.8초로 타겟지점이 이미지에 들어오지 않음
중앙이 바다지역이라 정확하지 않을 수 있음",
273,,winnipeg(canada),normal,2025-11-16T17:57:06.344(1763315826344),-4,-4.7076,,desc(↓),49.8951,-97.1384,49.8087,-96.6316,21.08,Clear(12.0),waterbody,OK(33),"2,4,8,8,16,16,16,4",2025-11-23,O,O,O,"8밴드 처리 후 작업
*MS3 tiff 없음(재처리 필요)",3.5,49.673429,0.221671,-97.259162,0.120762,,"FEE: 4,4,5,5,6,6,5,5,6,6,6,6,6,7,6,7,7
CEM: 5,6,5,4,5,5,4,6,5,4,6,6,5,6,6,6,6,6,6,6,6,6,6,7,6,8,7,6,8,7,9,6",,,,"# 3. Telemetry
[HEALTH CHECK Logs]
4-0-8 / Time : 2025-11-16T17:57:07.631
   [FAIL]--C_FEESmps - Actual : ( 512 ) -- Expected : ( off : { 0 ~ 25 }, on : { 190 ~ 507 } )",
272,,Himalaya_2(Nepal),mountain,2025-11-16T05:27:45.430(1763270865430),-4,9.4643,,desc(↓),28.1106,86.6203,28.2497,85.8749,42.52,Clear(0.0),-,OK(17),"1,2,4,4,8,8,16,4",2025-11-19,O,O,O,O,4.5,27.817142,0.293458,86.582335,0.037965,,"FEE: 2,3,3,4,4,4,5,3,4,4,4,4,5,5,5,5,5,5
CEM: 3,4,3,4,3,3,4,5,4,4,4,2,3,5,5,4,3,3,3,3,4,5,5,5,5,5,6,5,6,6,3,4,6",,,,,
271,,Ubon_Ratchathani_Airport(thailand),thailand,2025-11-16T03:56:52.929(1763265412929),-4,-22.5672,,desc(↓),15.251,104.87,14.9235,106.5816,53.95,Overcast(97.5),waterbody,OK(17),"0,4,8,8,0,0,0,4",2025-11-18,O,O,O,,-,-,-,-,-,O,"FEE: 1,1,2,2,2,3,2,2,2,2,2,3,3,4,3,4
CEM: 2,3,2,2,3,1,1,1,1,2,3,3,3,3,2,1,2,3,3,3,4,3,2,3",,,,* 구름으로 위치 오차 계산 X,
270,,puvirnituq(canada),normal,2025-11-15T16:44:18.310(1763225058310),-4,-19.582,,desc(↓),60.0422,-77.2789,59.6591,-74.4754,11.27,Clear(4.3),waterbody,OK(13),"2,4,8,8,16,16,16,4",2025-11-23,O,O,O,,-,-,-,-,-,O,"FEE: 3,3,4,5,5,5,4,4,5,5,5,5,5,6,6,8,6
CEM: 3,4,5,4,3,6,5,6,4,4,6,4,6,4,5,4,5,4,6,5,5,6,6,6,6,5,6,6,6,6,6,7",,,,* 구름으로 중앙 식별 불가,
269,2025-11-12,Abu_Dhabi_Airport(UAE),normal,2025-11-15T07:27:34.856(1763191654856),-4,-8.2513,,desc(↓),24.4512,54.6423,24.3353,55.2795,45.98,Clear(0.0),waterbody,OK(13),"2,4,8,8,16,16,16,4",2025-11-19,O,O,O,,17,23.392681,1.058519,54.473791,0.168509,,"FEE: 3,4,4,5,4,5,4,4,5,5,5,5,6,6,6,8,8
CEM: 4,5,5,5,4,4,4,6,5,6,5,6,4,5,5,6,3,5,5,4,7,5,6,6,6,6,5,6,7,7,6,7",,,,"* 시간 오차 17초
# 3. Telemetry
[HEALTH CHECK Logs]
4-0-8 / Time : 2025-11-15T07:27:40.733
   [FAIL]--C_FEESmps - Actual : ( 512 ) -- Expected : ( off : { 0 ~ 25 }, on : { 190 ~ 507 } )",
268,,Khok_Kathiam_Airport(thailand),thailand,2025-11-15T04:21:16.412(1763180476412),-4,2.6068,,desc(↓),14.875,100.663,14.9107,100.4743,55.13,Clear(0.1),waterbody,OK(13),"0,4,8,8,0,0,0,4",2025-11-17,O,O,O,O,16,13.824564,1.050436,100.548908,0.114092,,"FEE: 3,3,4,4,5,5,5,4,4,5,5,5,5,8,7,6,6
CEM: 4,3,5,3,4,3,4,5,3,3,4,5,4,3,5,4,6,6,5,5,6,5,6,6,5",,,,* 시간 오차 16초,
267,,Seoraksan(Korea),mountain,2025-11-15T02:40:47.965(1763174447965),-4,-10.6112,,desc(↓),38.1194,128.4656,37.9579,129.4134,32.93,Clear(1.0),waterbody,OK(17),"2,4,8,8,16,16,16,4",2025-11-19,O,O,O,O,17,37.078966,1.040434,128.168088,0.297512,,"FEE: 0,1,2,3,3,3,2,2,3,3,3,3,4,4,4,4,5
CEM: 2,2,2,3,3,3,1,3,5,3,3,3,3,3,3,3,3,3,3,2,3,3,5,3,4,4,3,4,4,5,3,5",,,,* 시간 오차 17초,
266,,lake_pontchartrain_causeway(usa),cal/val,2025-11-14T17:16:26.369(1763140586369),-4,10.1177,,desc(↓),30.212,-90.121,30.3665,-90.9457,40.89,Clear(7.0),waterbody,OK(30),"2,4,8,8,16,16,16,4",2025-11-18,O,O,O,O,12,29.445451,0.766549,-90.278186,0.157186,,"FEE: 4,4,5,5,5,6,5,5,5,5,6,6,6,6,6,7,7
CEM: 6,3,5,4,5,4,6,6,6,5,4,5,5,4,5,7,6,6,6,5,6,7,5,6,6,6,7,6,7,7,7,6",,,,* 시간 오차 12초,
265,,Mumbai(india),normal,2025-11-14T06:18:35.292(1763101115292),-4,14.7531,,desc(↓),19.0896,72.8751,19.3045,71.7626,51.68,Clear(0.0),waterbody,OK(33),"2,4,8,8,16,16,16,4",2025-11-16,O,O,O,O,9,18.492983,0.596617,72.87005,0.00505,,"FEE: 3,4,5,5,6,6,5,5,5,6,6,6,6,6,6,6,7
CEM: 3,5,3,6,5,6,4,4,6,6,6,4,5,6,5,5,5,6,6,5,6,6,7,5,6,6,8,8,6,7,7,6",,,,* 시간 오차 9초,
264,2025-11-10,namibia_desert_2(africa),cal/val,2025-11-13T10:01:03.841(1763028063841),-4,10.7663,,desc(↓),-17.33,12.05,-17.1797,11.245,76.9,Clear(1.0),waterbody,OK(13),"2,4,8,8,16,16,16,4",,,,,,,,,,,,,,,,Severe space weather condition,
263,,Tatabánya(hungary),normal,2025-11-12T10:08:04.115(1762942084115),-4,-13.9615,,desc(↓),47.584,18.394,47.3611,19.8646,24.41,Clear(0.0),-,OK(37),"2,4,8,8,16,16,16,4",,,,,,,,,,,,,,,,Severe space weather condition,
262,,pretoria(south_africa),normal,2025-11-12T08:52:53.492(1762937573492),-4,14.5879,,desc(↓),-25.7488,28.1952,-25.533,27.0286,74.3,Clear(17.2),-,OK(40),"2,4,8,8,16,16,16,4",,,,,,,,,,,,,,,,Severe space weather condition,
261,2025-11-07,Matterhorn(Switzerland),mountain,2025-11-10T10:56:24.175(1762772184175),-4,2.8398,,desc(↓),45.9791,7.6801,46.0307,7.3982,26.63,Clear(0.0),-,OK(27),"2,4,8,8,16,16,16,4",,,,,,,,,,,,,,,,No space left on the mass storage device (currently resolved),
260,,shanghai(china),normal,2025-11-10T03:08:18.586(1762744098586),-4,3.0399,,desc(↓),31.2304,121.4647,31.2687,121.2147,41.06,Clear(5.0),waterbody,OK(27),"2,4,8,8,16,16,16,4",,,,,,,,,,,,,,,,No space left on the mass storage device (currently resolved),
259,,baish(mangrove),normal,2025-11-09T08:19:06.332(1762676346332),-4,13.2797,,desc(↓),17.3233,42.3294,17.5183,41.3424,54.63,Clear(0.0),waterbody,OK(30),"2,4,8,8,16,16,16,4",,,,,,,,,,,,,,,,No space left on the mass storage device (currently resolved),
258,,Sary_Shagan(Kazakhstan),normal,2025-11-09T06:37:04.969(1762670224969),-4,12.7981,,desc(↓),46.1193,73.6107,46.3356,72.3028,26.87,Clear(5.0),waterbody,OK(30),"2,4,8,8,16,16,16,4",,,,,,,,,,,,,,,,No space left on the mass storage device (currently resolved),
257,,Fiji_3(Fiji),normal,2025-11-08T23:01:52.824(1762642912824),-4,16.7544,,desc(↓),-17.6791,177.2462,-17.4458,175.9709,77.36,Clear(4.8),waterbody,OK(43),"2,4,8,8,16,16,16,4",2025-11-17,O,O,O,,-2,-17.60439,-0.07471,177.412206,-0.166006,,"FEE: 0,1,2,2,2,3,2,2,3,3,3,3,3,3,4,4,4
CEM: 2,2,3,2,3,2,1,2,3,3,1,2,3,3,1,1,2,3,3,3,1,3,4,3,3,3,4,4,5,4,4,4",,,,* 경도 차이로 타겟지점이 이미지에 들어오지 않음,
256,,rio_beni(bolivia),normal,2025-11-08T15:08:18.002(1762614498002),-4,-19.5697,,desc(↓),-11.2342,-66.2719,-11.5174,-64.8161,74.33,Clear(6.5),waterbody,OK(40),"2,4,8,8,16,16,16,4",2025-11-12,O,O,O,O,3,-11.423315,0.189115,-66.346368,0.074468,,"FEE: 4,4,5,6,6,6,5,5,5,6,6,6,6,6,6,7,7
CEM: 6,6,3,5,6,6,6,5,5,6,6,6,6,7,5,4,6,6,6,6,6,7,6,6,8,6,6,8,7,8,8,8",,,,,
255,2025-11-05,himalaya_glacier(nepal),mountain,2025-11-08T05:31:21.136(1762579881136),-4,-7.1577,,desc(↓),28.738,84.42,28.6398,84.9858,43.85,Clear(0.0),waterbody,OK(39),"2,4,8,8,16,16,16,4",2025-11-11,O,O,O,O,3,28.570277,0.167723,84.352324,0.067676,,"FEE: 2,3,4,4,4,5,4,4,4,4,5,5,5,6,6,6,6
CEM: 3,4,4,5,5,4,4,5,4,3,3,4,4,3,3,3,6,5,4,5,4,5,5,6,6,6,5,5,6,6,6,6",,,,,
254,,osaka(japan),normal,2025-11-08T02:20:51.737(1762568451737),-4,19.0005,,desc(↓),34.686,135.4225,34.9872,133.752,38.46,Clear(0.1),waterbody,OK(40),"2,4,8,8,16,16,16,4",2025-11-14,O,O,O,O,2,34.515302,0.170698,135.452457,-0.029957,,"FEE: 2,2,3,3,4,4,3,3,3,4,4,4,4,4,5,5,5
CEM: 3,3,3,3,3,3,3,3,3,3,1,1,3,4,4,3,2,2,5,3,5,3,3,5,4,4,5,6,6,5,5,4",,,,,
253,,Brasília(Brazil),normal,2025-11-07T13:58:58.003(1762523938003),-4,2.5305,,desc(↓),-15.7927,-47.8869,-15.7622,-48.0731,76.49,Clear(9.2),waterbody,OK(30),"2,4,8,8,16,16,16,4",,,,,,,,,,,,,,,,,
252,,Wrocław(Poland),SatRev,2025-11-07T10:32:24.875(1762511544875),-4,17.711,,desc(↓),51.1102,17.0322,51.4523,15.0128,22.47,Clear(0.0),waterbody,OK(33),"2,4,8,8,16,16,16,4",2025-11-09,O,O,O,O,2,50.978748,0.131452,17.125749,-0.093549,,"FEE: 5,5,6,6,7,7,6,6,6,6,7,7,7,7,7,10,10
CEM: 7,6,5,6,5,7,6,6,6,8,6,6,7,7,6,8,7,6,8,8,6,7,8,7,7,6,5,6,7,7,7,8",,,,,
251,,Abu_Dhabi_Airport(UAE),normal,2025-11-07T07:30:45.176(1762500645176),-4,2.4413,,desc(↓),24.4512,54.6423,24.4831,54.4542,48.32,Clear(0.0),waterbody,OK(40),"2,4,8,8,16,16,16,4",2025-12-02,O,O,O,O,1.6,24.355278,0.095922,54.624803,0.017497,,"FEE: 2,3,4,4,4,5,4,4,4,4,5,5,5,5,5,6,6
CEM: 4,4,3,3,3,4,5,6,4,4,5,3,3,3,3,4,4,4,5,6,4,3,5,6,5,6,6,6,6,6,6,6",,,,,
250,,cairo(illinois_usa),normal,2025-11-06T17:17:44.257(1762449464257),-4,9.8338,,desc(↓),37.0053,-89.1764,37.1539,-90.0453,36.53,Clear(3.5),waterbody,OK(33),"2,4,8,8,16,16,16,4",2025-11-08,O,O,O,O,0.4,36.982699,0.022601,-89.206594,0.030194,,"FEE: 3,4,5,5,5,6,4,4,5,6,6,6,6,8,8,6,6
CEM: 5,3,4,3,4,6,6,5,5,6,6,6,5,5,6,5,6,4,5,6,6,7,5,6,5,7,6,5,6,7,5,7",,,,,
249,2025-11-03,Charyn_Canyon(Kazakhstan),normal,2025-11-06T06:15:08.638(1762409708638),-4,19.9086,,desc(↓),43.3501,79.0539,43.7014,77.0768,30.52,Clear(1.0),-,OK(22),"2,4,8,8,16,16,16,4",2025-11-09,O,O,O,O,0,43.337178,0.012922,79.213235,-0.159335,,"FEE: 3,4,5,5,6,6,6,5,5,5,6,6,6,7,7,9,10,7
CEM: 5,6,6,6,4,4,5,6,5,5,6,5,6,6,6,7,6,5,6,6,6,6,7,6,6,6,8,7,6,6,6,8,8",,,,"* 경도 차이로 타겟 좌표가 이미지에 들어오지 않음
시간 오차는 0초에 가까움",
258,,Daqing(China),normal,2025-11-06T03:05:34.181(1762398334181),-4,-0.5327,,desc(↓),46.5555,125.1626,46.5466,125.2165,27.29,Clear(5.0),waterbody,OK(22),"2,4,8,8,16,16,16,4",2025-11-07,O,O,O,O,0.7,46.520615,0.034885,125.085825,0.076775,,"FEE: 1,2,2,3,4,4,3,3,3,3,4,4,4,4,4,5,5
CEM: 3,3,1,1,3,3,3,3,3,2,3,3,3,3,5,3,3,3,3,3,3,2,4,4,4,5,4,4,5,6,4,6",,,,,
247,,Queen_Charlotte_Sound(New_Zealand),normal,2025-11-05T22:45:34.211(1762382734211),-4,-18.776,,desc(↓),-41.1133,173.9542,-41.4464,175.7922,59.23,Clear(16.4),waterbody,OK(17),"2,4,8,8,16,16,16,4",2025-11-06,O,O,O,,1.5,-41.180248,0.066948,173.827412,0.126788,,"FEE: -1,0,1,1,2,2,1,1,1,2,2,2,2,2,3,4,3
CEM: 0,1,0,2,2,1,0,-1,1,-1,1,0,2,1,2,3,1,3,1,1,2,1,3,3,2,4,2,3,3,4,3,3",,,,,
246,,lhasa(china),normal,2025-11-05T05:08:18.688(1762319298688),-4,2.8623,,desc(↓),29.6502,91.1311,29.6961,90.9037,44,Clear(0.0),waterbody,OK(13),"2,4,8,8,16,16,16,4",2025-11-06,O,O,O,O,0.2,29.635807,0.014393,91.11191,0.01919,,"FEE: 2,3,3,4,5,5,4,4,4,5,5,5,5,5,5,6,6
CEM: 4,4,5,3,4,4,6,4,3,5,5,5,4,5,6,6,4,5,5,6,4,5,4,5,4,6,6,6,7,6,6,8",,,,,
245,,king_sejong_station(antarctica_korea),normal,2025-11-04T13:48:36.483(1762264116483),-4,-6.5687,,desc(↓),-62.199,-58.7227,-62.3521,-57.7232,39.49,Clear(0.9),waterbody,OK(23),"2,4,8,8,16,16,16,4",2025-11-05,O,O,O,,0.8,-62.236487,0.037487,-58.702021,-0.020679,,"FEE: 3,3,4,4,5,5,6,4,5,5,5,5,5,5,6,6,6,6
CEM: 4,4,3,5,3,4,5,3,4,5,3,4,4,3,5,4,7,5,5,6,6,6,6,6,4,5,6,6,6,4,5,6,6",,,,,
244,2025-10-31,Cape_Town(South_Africa),normal,2025-11-03T09:21:34.507(1762161694507),-4,1.3024,,desc(↓),-33.97,18.45,-33.9546,18.3371,65.74,Clear(0.0),waterbody,OK(13),"2,4,8,8,16,16,16,4",2025-11-13,O,O,O,O,-1,-33.924262,-0.045738,18.506848,-0.056848,,"FEE: 3,4,5,5,5,5,6,4,5,5,6,6,6,6,6,6,7,6
CEM: 4,3,4,4,4,3,6,6,4,5,6,4,6,5,3,6,6,4,4,4,5,4,6,5,6,6,5,6,6,6,6,6,5",,,,,
243,,jeju_seongsan_sunrise_peak(korea),landmark,2025-11-03T02:46:10.622(1762137970622),-4,-1.7757,,desc(↓),33.4582,126.9422,33.4326,127.0911,40.92,Clear(3.7),waterbody,OK(13),"2,4,8,8,16,16,16,4",2025-11-04,O,O,O,,0.4,33.438038,0.020162,126.880769,0.061431,,"FEE: 2,2,3,4,4,4,5,3,3,4,4,4,4,5,6,6,5,5
CEM: 3,3,3,3,3,4,4,3,3,3,4,5,3,3,4,5,5,4,2,3,5,3,5,5,5,5,3,6,4,6,4,6,6",,,,,
242,,Grand_Canyon(usa),landmark,2025-11-02T18:53:17.166(1762109597166),-4,19.148,,desc(↓),36.2746,-112.3653,36.5843,-114.0773,38.51,Clear(1.3),-,OK(13),"2,4,8,8,16,16,16,4",2025-11-04,O,O,O,O,-2,36.348345,-0.073745,-112.22609,-0.13921,,"FEE: 3,4,5,6,5,6,5,5,5,6,6,6,6,6,6,7,7
CEM: 5,6,6,5,6,4,4,6,6,6,4,5,5,4,5,5,3,4,6,5,6,5,6,5,5,6,8,6,8,6,6,7",,,,"# 3. Telemetry
[HEALTH CHECK Logs]
4-0-8 / Time : 2025-11-02T18:53:19.658
   [FAIL]--C_FeeLdo - Actual : ( 400 ) -- Expected : ( off : { 0 ~ 25 }, on : { 0 ~ 390 } )",
241,,Kyiv(ukraine),SatRev,2025-11-02T09:23:09.578(1762075389578),-4,-15.1571,,desc(↓),50.58,30.22,50.3256,31.9176,24.4,Overcast(93.1),-,OK(20),"0,4,8,8,0,0,0,4",2025-11-02,O,O,O,,2.2,50.48311,0.09689,29.991927,0.228073,O,"FEE: 2,3,4,5,5,5,5,4,4,6,6,4,5,5,5,6,6
CEM: 3,3,2,3,5,4,4,6,4,3,6,5,4,5,5,4,5,4,6,3,5,4,6,4,6",,,,,
240,,lake_tahoe(usa),cal/val,2025-11-01T19:16:29.229(1762024589229),-4,-6.6229,,desc(↓),39,-120,38.9014,-119.402,35.93,Clear(4.7),waterbody,OK(23),"2,4,8,8,16,16,16,4",2025-11-04,O,O,O,O,0,38.999114,0.000886,-120.089861,0.089861,,"FEE: 2,3,4,4,5,4,3,4,4,4,4,4,5,5,6,6,6
CEM: 6,3,4,4,4,3,5,5,5,3,4,3,4,3,3,5,4,4,4,4,5,6,6,5,4,6,5,6,6,6,6,6",,,,"* 위도의 거의 똑같고, 경도만 차이가 나서 시간 오차는 0초에 가까움",
239,2025-10-29,forbidden_city(china),landmark,2025-11-01T03:32:06.465(1761967926465),-4,-5.4339,,desc(↓),39.9162,116.3948,39.8375,116.8921,35.26,Clear(5.0),waterbody,OK(22),"2,4,8,8,16,16,16,4",2025-11-03,O,O,O,O,1.2,39.843316,0.072884,116.339291,0.055509,,"FEE: 2,2,3,3,3,3,4,3,3,3,4,4,4,4,5,5,5,5
CEM: 4,3,2,3,3,3,3,3,2,3,4,3,2,3,3,4,3,4,3,5,3,3,4,5,3,4,4,5,6,4,3,5,4",,,,,
238,,canberra(australia),normal,2025-11-01T00:43:01.118(1761957781118),-4,15.4537,,desc(↓),-35.2802,149.1289,-35.0456,147.7511,64.69,Clear(2.5),waterbody,OK(27),"2,4,8,8,16,16,16,4",,,,,,,,,,,,,,,,,
237,,shosseynaya(rusia),normal,2025-10-31T08:37:53.828(1761899873828),-4,19.4685,,desc(↓),44.1351,43.5021,44.4781,41.5425,31.57,Clear(9.9),-,OK(33),"2,4,8,8,16,16,16,4",,,,,,,,,,,,,,,,,
236,,preah_vihear_temple(cambodia),issue,2025-10-31T04:02:36.799(1761883356799),-4,-3.7997,,desc(↓),14.3908,104.6802,14.3331,104.9533,59.59,"Rain, Partially cloudy(77.8)",waterbody,OK(37),"0,4,8,8,0,0,0,4",2025-10-31,O,O,O,,-,-,-,-,-,O,"FEE: 1,2,3,3,3,3,3,3,3,3,3,3,3,4,4,4
CEM: 2,3,3,3,2,3,1,3,3,3,3,2,4,3,2,3,3,3,2,3,3,3,4,4",,,,* 구름으로 인해 위치 오차 계산 X,
235,,las_coloradas(mexico),normal,2025-10-30T16:59:46.400(1761843586400),-4,3.9412,,desc(↓),21.6063,-87.9913,21.6633,-88.2877,53.31,Clear(0.0),waterbody,OK(40),"2,4,8,8,16,16,16,4",2025-11-03,O,O,O,,0.4,21.582145,0.024155,-88.015166,0.023866,O,"FEE: 3,4,5,5,6,6,6,5,5,6,6,6,6,6,6,6,7,7
CEM: 5,4,5,4,5,4,5,5,4,5,5,6,6,6,3,6,6,6,5,6,6,6,6,6,5,6,6,6,7,7,6,7,8",,,,,
234,2025-10-27,Cape_Town(South_Africa),normal,2025-10-30T09:22:19.267(1761816139267),-4,3.7079,,desc(↓),-33.97,18.45,-33.9172,18.1302,64.79,Clear(0.0),waterbody,OK(39),"2,4,8,8,16,16,16,4",2025-11-01,O,O,O,,-1.5,-33.87037,-0.09963,18.528113,-0.078113,,"FEE: 3,4,4,5,5,5,4,5,5,4,5,5,6,6,6,6,6
CEM: 3,5,5,6,3,6,4,4,3,5,7,4,3,6,4,6,5,5,6,4,6,4,5,6,6,6,8,6,6,6,7,7",,,,"# 3. Telemetry
[HEALTH CHECK Logs]
4-0-8 / Time : 2025-10-30T09:22:26.785
[FAIL]--C_FeeLdo - Actual : ( 392 ) -- Expected : ( off : { 0 ~ 25 }, on : { 0 ~ 390 } )",
233,,Seoraksan(Korea),mountain,2025-10-30T02:45:39.226(1761792339226),-4,3.7502,,desc(↓),38.1194,128.4656,38.1827,128.1351,37.74,Clear(4.4),waterbody,OK(40),"2,4,8,8,16,16,16,4",2025-10-31,O,O,O,,-0.8,38.175726,-0.056326,128.475153,-0.009553,,"FEE: 1,2,2,3,3,4,2,4,4,3,3,4,4,4,4,5,5
CEM: 3,1,3,2,2,3,3,2,2,3,2,3,3,3,3,4,2,2,3,3,3,3,4,5,4,4,4,3,5,5,5,5",,,,,
232,,tehran(iran),issue,2025-10-29T07:53:16.263(1761724396263),-4,6.8168,,desc(↓),35.7176,51.3305,35.8267,50.7445,40.35,Clear(0.0),waterbody,OK(43),"2,4,8,8,16,16,16,4",2025-10-30,O,O,O,O,-1.1,35.785143,-0.067543,51.366606,-0.036106,,"FEE: 3,4,4,5,5,5,4,4,5,5,5,5,6,6,6,6,8
CEM: 3,3,3,5,4,5,5,4,5,5,6,4,3,6,4,5,3,6,6,4,6,5,6,6,6,6,6,7,8,7,6,6",,,,,
231,,Uluru(Australia),mountain,2025-10-29T01:51:45.053(1761702705053),-4,-4.0307,,desc(↓),-25.45,131.9,-25.5116,132.2159,70.73,Clear(5.0),waterbody,OK(43),"2,4,8,8,16,16,16,4",2025-10-30,O,O,O,,-0.1,-25.442549,-0.007451,131.899907,0.00009299999999,,"FEE: 1,1,2,2,3,3,2,2,2,4,4,3,3,3,4,4,4
CEM: 2,2,3,2,3,3,3,3,2,3,1,3,1,3,1,2,5,1,3,3,2,2,3,4,3,3,3,4,5,4,4,4",,,,,
230,,lake_tahoe(usa),cal/val,2025-10-28T19:17:06.353(1761679026353),-4,-4.6892,,desc(↓),39,-120,38.9237,-119.5793,37.23,Clear(3.3),waterbody,OK(43),"2,4,8,8,16,16,16,4",2025-10-31,O,O,O,O,-0.2,39.014033,-0.014033,-120.050794,0.050794,,"FEE: 3,4,5,4,5,6,5,5,5,6,6,6,6,7,7,7,7
CEM: 5,5,5,4,3,5,4,4,6,6,5,6,6,6,4,6,6,6,6,6,6,6,6,6,5,6,6,6,6,6,7,6",,,,* 이미지 중앙이 호수라서 정확하지 않을 수 있음,
229,2025-10-24,himalaya_glacier(nepal),mountain,2025-10-27T05:33:44.327(1761543224327),-4,1.2051,,desc(↓),28.738,84.42,28.7562,84.3255,47.66,Clear(0.1),waterbody,OK(13),"2,4,8,8,16,16,16,4",2025-10-29,O,O,O,,0,28.742,-0.004,84.428,-0.008,O,"FEE: 2,2,3,4,4,5,3,3,4,4,4,4,5,5,5,5,5
CEM: 3,4,3,3,3,4,3,3,3,3,3,3,4,5,3,6,4,4,3,3,3,3,6,5,3,6,6,6,4,6,3,6",,,,* 구름이 많음,
228,,maldives(republic_of_mal,normal,2025-10-26T06:03:59.388(1761458639388),-4,-4.8713,,desc(↓),3.8396,72.8275,3.7684,73.1693,69.65,Clear(7.0),waterbody,OK(17),"2,4,8,8,16,16,16,4",,,,,,,,,,,,,,,,,
227,,daecheong,korea-dam,2025-10-26T02:46:31.870(1761446791870),-4,-0.6459,,desc(↓),36.4776,127.4808,36.4707,127.5376,40.6,Clear(5.0),waterbody,OK(20),"2,4,8,8,16,16,16,4",,,,,,,,,,,,,,,,,
226,,altamira(brazil),normal,2025-10-25T14:21:35.913(1761402095913),-4,-0.9014,,desc(↓),-3.2041,-52.2066,-3.2149,-52.143,74.4,Clear(5.0),waterbody,OK(23),"2,4,8,8,16,16,16,4",2025-10-27,O,O,O,,1.2,-3.235697,0.031597,-52.143144,-0.063456,O,"FEE: 3,4,5,6,5,6,5,5,5,6,6,6,6,6,6,9,9
CEM: 3,4,4,5,4,5,6,4,4,4,5,6,5,6,6,5,4,4,6,6,8,6,6,6,7,7,7,6,7,8,6,9",,,,* 구름이 많음,
225,2025-10-22,Kuwait_City(Kuwait),normal,2025-10-25T07:55:23.297(1761378923297),-4,-11.8606,,desc(↓),29.2136,47.9879,29.0388,48.9485,47.63,Clear(0.0),waterbody,OK(24),"2,4,8,8,16,16,16,4",2025-10-28,O,O,O,,-2.2,29.328126,-0.114526,47.935868,0.052032,,"FEE: 1,1,2,3,3,3,2,2,2,3,3,3,3,4,4,4,4
CEM: 1,1,2,1,3,2,3,3,3,3,3,3,5,4,3,4,3,3,3,3,3,3,3,3,4,3,3,4,6,6,4,4",,,,,
224,,sioux_falls_range(usa),cal/val,2025-10-24T17:41:48.648(1761327708648),-4,-16.9935,,desc(↓),43.556,-96.458,43.2881,-94.7773,34.05,Clear(15.0),waterbody,OK(13),"2,4,8,8,16,16,16,4",2025-10-27,O,O,O,,-,-,-,-,-,O,"FEE: 2,3,3,4,4,4,4,3,4,4,5,4,4,5,5,5,5,6
CEM: 3,3,5,3,3,3,3,4,3,5,5,5,4,5,5,4,3,4,4,4,5,5,4,4,5,6,4,5,5,5,4,6,6",,,,* 구름으로 인해 위치 오차 계산 X,
223,,kin_kora(australia),normal,2025-10-24T00:40:47.932(1761266447932),-4,13.279,,desc(↓),-23.8754,151.2523,-23.689,150.2056,71.61,Clear(0.0),waterbody,OK(17),"1,4,4,4,16,16,16,4",2025-10-27,O,O,O,,-,-,-,-,-,,"FEE: 0,0,1,1,2,2,1,1,1,2,2,2,3,3,2,3,3
CEM: 1,2,1,2,1,1,2,1,1,1,1,1,1,-1,1,3,1,1,2,1,3,1,3,1,3,1,3,4,3,3,4,3",,,,"* 이미지 중앙이 바다라서 위치 오차 계산 X
# 3. Telemetry
[HEALTH CHECK Logs]
4-0-8 / Time : 2025-10-24T00:40:49.634
[FAIL]--C_FEESmps - Actual : ( 508 ) -- Expected : ( off : { 0 ~ 25 }, on : { 190 ~ 507 } )",
222,,uyuni_salt_flats(south_america),cal/val,2025-10-23T15:13:21.354(1761232401354),-4,6.2518,,desc(↓),-20.38,-66.95,-20.2959,-67.4244,73.43,Clear(0.0),waterbody,OK(13),"1,4,4,4,16,16,16,4",2025-10-27,O,O,O,,-,-,-,-,-,,"FEE: 6,6,6,7,7,7,7,7,7,7,7,8,8,8,8,10,10
CEM: 6,8,8,7,7,6,9,8,8,7,8,7,8,10,8,8,9,6,8,8,10,8,7,9,8,11,8,9,8,8,8,10",,,,"* 이미지 중앙이 구름에 가려져 중앙 위치 구하기 어려움, 타겟은 보임",
221,2025-10-20,GBR_2(Australia),normal,2025-10-23T01:02:28.283(1761181348283),-4,-1.3807,,desc(↓),-16.3208,145.7602,-16.3347,145.8628,74.93,Clear(9.6),waterbody,OK(17),"2,4,8,8,16,16,16,4",2025-10-27,O,O,O,,-1.8,-16.204321,-0.116479,145.832145,-0.071945,,"FEE: -1,0,1,1,1,2,1,1,1,1,1,2,2,2,2,4,4
CEM: 0,2,0,1,1,1,3,1,2,1,1,1,1,3,3,1,1,1,2,2,2,2,1,1,3,3,2,2,3,3,3,3",,,,,
220,,Takhli_Airport(thailand),thailand,2025-10-22T04:26:33.588(1761107193588),-4,16.493,,desc(↓),15.277,100.296,15.5164,99.071,62.08,Clear(4.6),waterbody,OK(27),"0,4,8,8,0,0,0,4",2025-10-22,O,O,O,,-1.5,15.34559,-0.06859,100.436038,-0.140038,,"FEE: 2,3,4,4,5,5,5,4,4,4,4,5,5,5,5,5,5
CEM: 5,4,6,4,5,3,4,3,3,3,4,5,5,3,4,3,3,4,5,6,5,6,4,6,4",,,,* 경도 차이가 심해 타겟한 지점이 이미지에 들어오지 않음,
219,,Gochang_Flower_Guest_Project(Korea),normal,2025-10-22T02:46:53.508(1761101213508),-4,-6.9914,,desc(↓),35.5041,126.6061,35.3949,127.2071,42.81,Clear(0.0),waterbody,OK(27),"2,4,8,8,16,16,16,4",2025-10-23,O,O,O,,1,35.457805,0.046295,126.556758,0.049342,,"FEE: 1,1,2,3,3,3,4,2,3,3,5,4,3,3,3,4,4,4
CEM: 1,1,1,2,3,1,3,1,2,2,4,2,1,2,3,1,4,2,1,3,3,2,3,2,3,3,3,3,4,5,4,3,6",,,,,
218,,ivanpah_playa(usa),cal/val,2025-10-21T18:54:44.388(1761072884388),-4,-7.5874,,desc(↓),35.57,-115.4,35.4582,-114.7448,42.85,Clear(2.0),waterbody,OK(17),"2,4,8,8,16,16,16,4",2025-10-22,O,O,O,O,0.2,35.56352,0.00648,-115.481602,0.081602,,"FEE: 2,3,3,3,4,5,5,4,4,4,4,5,5,5,5,5,5,5
CEM: 4,4,4,3,3,4,4,3,4,4,3,4,4,3,4,4,3,3,3,6,4,4,4,3,5,6,6,5,5,3,6,6,5",,,,,
217,2025-10-17,great_wall_of_china(china),landmark,2025-10-20T03:32:42.104(1760931162104),-4,-2.4671,,desc(↓),40.4365,116.5621,40.4027,116.7896,38.81,Clear(5.0),waterbody,OK(30),"2,4,8,8,16,16,16,4",2025-10-22,O,O,O,O,-1,40.50909,-0.07259,116.425726,0.136374,,"FEE: 0,1,2,2,3,3,1,1,2,3,3,3,3,3,4,4,4
CEM: 3,3,3,3,1,1,2,0,2,1,3,2,3,2,3,1,3,2,1,3,3,4,3,3,3,3,3,4,4,4,6,4",,,,* 시간 차이는 1초 정도지만 경도 차이가 심해 타겟한 지점이 이미지에 들어오지 않음,
216,,Lake_Balaton(hungary),normal,2025-10-19T10:12:16.979(1760868736979),-4,-7.1619,,desc(↓),46.83,17.73,46.7137,18.4639,32.82,Clear(0.0),waterbody,OK(23),"2,4,8,8,16,16,16,4",2025-10-21,O,O,O,O,-0.8,46.864834,-0.034834,17.676086,0.053914,,"FEE: 3,4,5,5,5,6,5,5,5,6,6,6,6,6,8,9,7
CEM: 6,5,3,5,5,6,4,4,6,6,6,6,4,6,4,6,6,6,7,6,6,6,6,6,8,6,7,6,7,7,8,6",,,,,
215,,Ubon_Ratchathani_Airport(thailand),thailand,2025-10-19T04:02:52.497(1760846572497),-4,-0.8659,,desc(↓),15.251,104.87,15.2431,104.9334,62.59,Clear(15.1),waterbody,OK(30),"0,4,8,8,0,0,0,4",2025-10-21,O,O,O,,-0.8,15.325502,-0.074502,104.953778,-0.083778,,"FEE: 0,1,2,2,2,3,3,2,2,3,3,3,3,3,3,3,4
CEM: 2,1,1,3,2,3,2,3,2,3,2,3,2,3,4,1,2,2,2,3,1,2,3,3",,,,,
214,,las_coloradas(mexico),normal,2025-10-18T17:00:09.099(1760806809099),-4,6.1877,,desc(↓),21.6063,-87.9913,21.6957,-88.4577,57.24,Clear(4.0),waterbody,OK(40),"2,4,8,8,16,16,16,4",2025-10-22,O,O,O,,-,-,-,-,-,,"FEE: 3,4,5,5,5,6,4,5,5,5,5,6,6,6,6,6,6
CEM: 5,7,6,5,5,4,5,6,5,3,4,6,4,6,5,5,6,6,6,6,6,5,5,6,7,6,6,6,7,6,5,5",,,,* 이미지 중앙이 바다라서 위치 오차 계산 X,
213,2025-10-15,"------------- MAINTENANCE mission inserted : mission start time - 2025-10-18T11:00:00.000, maintenance - bin2tiff-ipb-------------",,,,,,,,,,,,,,,,2025-10-16,,,,,,,,,,,,,,,,
212,,pyramids_of_egypt(egypt),normal,2025-10-18T09:05:45.204(1760778345204),-4,-4.0387,,desc(↓),29.9755,31.1333,29.9192,31.46,49.39,-(-),waterbody,OK(13),"0,4,8,8,0,0,0,4",2025-10-16,O,O,O,,,,,,,,,,,,,
211,,bangkok(thailand),normal,2025-10-18T04:26:37.796(1760761597796),-4,22.2748,,desc(↓),13.7539,100.5066,14.0843,98.8275,64.87,-(-),waterbody,OK(13),"0,4,8,8,0,0,0,4",2025-10-21,O,O,O,,-6,14.082588,-0.328688,100.735774,-0.229174,,"FEE: 1,1,2,3,3,3,2,2,2,3,3,3,3,4,4,4
CEM: 3,2,3,4,1,3,3,4,3,4,3,3,3,4,3,4,3,3,3,3,3,3,4,4",,,,,
210,,hwanggang,korea-dam,2025-10-18T02:45:50.893(1760755550893),-4,-13.4656,,desc(↓),38.3679,126.7829,38.1597,128.0013,41.38,-(-),waterbody,OK(27),"2,4,8,8,16,16,16,4",2025-10-21,O,O,O,,-,-,-,-,-,O,"FEE: -1,0,0,1,1,1,0,0,1,2,2,2,1,2,2,2,2
CEM: 0,2,0,1,-1,1,1,1,-1,1,3,1,0,1,1,1,1,3,1,1,2,3,1,1,1,1,2,1,2,2,3,3",,,,* 구름으로 인해 위치 오차 계산 X,
209,,Kyiv(ukraine),SatRev,2025-10-17T09:23:50.732(1760693030732),-4,-12.8476,,desc(↓),50.58,30.22,50.3605,31.6501,29.84,-(-),-,OK(37),"0,4,8,8,0,0,0,4",,,,,,,,,,,,,,,,,
208,,Khuzestan(Iran),normal,2025-10-17T07:54:41.329(1760687681329),-4,-8.662,,desc(↓),30.614,48.6102,30.4879,49.3181,49.07,-(-),-,OK(37),"2,4,8,8,16,16,16,4",2025-10-16,O,O,O,O,-3,30.82884,-0.21484,48.600413,0.009787,,"FEE: 1,1,2,2,2,3,2,2,3,3,3,3,3,4,4,4,5
CEM: 3,3,3,2,3,3,3,1,3,3,3,3,1,3,1,3,3,3,3,2,3,3,3,3,3,3,5,6,3,5,5,4",,,,,
207,2025-10-13,mali(africa),cal/val,2025-10-16T11:29:56.486(1760614196486),-4,18.4843,,desc(↓),19.12,-4.85,19.3978,-6.26,60.52,Clear(1.1),-,OK(13),"2,4,8,8,16,16,16,4",2025-10-16,O,O,O,,-,-,-,-,-,,"FEE: 5,6,6,7,7,7,8,7,7,7,9,9,8,8,8,8,8,8
CEM: 6,7,6,4,6,6,7,6,7,6,8,8,7,8,6,7,7,6,7,6,6,8,8,8,8,8,8,6,8,9,10,8,9",,,,"* 사막 지역으로 위치 오차 계산 X
# 3. Telemetry
[HEALTH CHECK Logs]
4-0-8 / Time : 2025-10-16T11:29:59.873
   [FAIL]--C_FEESmps - Actual : ( 508 ) -- Expected : ( off : { 0 ~ 25 }, on : { 190 ~ 507 } )",
206,,GBR_5(Australia),normal,2025-10-16T00:39:25.164(1760575165164),-4,-5.359,,desc(↓),-20.4976,150.5622,-20.5797,150.9669,70.72,Clear(16.8),waterbody,OK(17),"2,4,8,8,16,16,16,4",2025-10-18,O,O,O,,-1.8,-20.365343,-0.132257,150.562729,-0.000529,,"FEE: -3,-2,-2,-1,-1,-1,-1,-1,0,0,1,1,0,0,1,2,3
CEM: -2,-1,-1,0,-1,-2,0,-2,-1,-1,0,-1,-2,-1,-1,0,1,-1,0,0,1,1,0,1,0,1,2,0,1,2,0,1",,,,"# 3. Telemetry
[HEALTH CHECK Logs]
4-0-8 / Time : 2025-10-16T00:39:25.545
   [FAIL]--C_FEESmps - Actual : ( 508 ) -- Expected : ( off : { 0 ~ 25 }, on : { 190 ~ 507 } )",
205,,uyuni_salt_flats(south_america),cal/val,2025-10-15T15:12:44.408(1760541164408),-4,4.9707,,desc(↓),-20.38,-66.95,-20.3114,-67.3263,71.31,Clear(5.0),waterbody,OK(23),"2,4,4,8,16,16,16,4",2025-10-17,O,O,O,,-2.7,-20.227652,-0.152348,-66.888944,-0.061056,,"FEE: 5,6,7,7,7,7,7,7,7,7,7,7,8,8,8,8,8,8
CEM: 8,8,8,8,8,6,6,8,8,6,8,7,7,6,8,7,7,7,8,7,8,7,8,8,8,8,10,9,9,9,9,9,9",,,,,
204,,preah_vihear_temple(cambodia),issue,2025-10-15T04:02:34.466(1760500954466),-4,-2.487,,desc(↓),14.3908,104.6802,14.3496,104.8581,64.51,Partially cloudy(71.6),waterbody,OK(20),"0,4,8,8,0,0,0,4",2025-10-18,O,O,O,,-,-,-,-,-,O,"FEE: -1,0,1,1,2,2,2,2,1,1,2,3,3,3,3,3,3
CEM: 1,1,1,1,1,1,1,1,1,1,3,2,3,3,2,3,2,2,2,1,1,3,1,2,1",,,,* 구름으로 인해 위치 오차 계산 X,
203,,belmopan(belize),normal,2025-10-14T17:00:43.677(1760461243677),-4,6.7617,,desc(↓),17.2514,-88.7669,17.3503,-89.263,62.48,Clear(8.9),waterbody,OK(17),"2,4,8,8,16,16,16,4",2025-10-16,O,O,O,,-0.2,17.265084,-0.013684,-88.743712,-0.023188,,"FEE: 4,5,6,6,6,7,7,6,6,6,7,7,7,7,7,7,7,8
CEM: 6,6,6,6,6,5,6,6,6,6,6,7,6,7,6,6,7,6,6,7,7,6,6,7,8,6,6,8,8,7,8,8,8",,,,***,
202,2025-10-10,Kyiv(ukraine),SatRev,2025-10-13T09:23:13.574(1760347393574),-4,-13.9238,,desc(↓),50.58,30.22,50.3382,31.7739,31.29,Partially cloudy(73.2),-,OK(24),"0,4,8,8,0,0,0,4",2025-10-13,O,O,O,,-,-,-,-,-,O,"FEE: 1,1,2,2,3,3,4,2,2,2,2,3,4,4,3,4,4
CEM: 1,3,1,3,2,4,3,3,1,2,4,4,3,3,3,4,2,3,4,2,2,4,3,3,4",,,,* 구름으로 인해 위치 오차 계산 X,
201,,surabaya/bangkalan(asia),cal/val,2025-10-13T03:20:37.664(1760325637664),-4,3.854,,desc(↓),-7.179,112.78,-7.1271,112.5062,76.49,Clear(5.0),waterbody,OK(24),"2,4,8,8,16,16,16,4",2025-10-16,O,O,O,,-0.2,-7.164666,-0.014334,112.846542,-0.066542,,"FEE: -1,0,1,1,1,2,1,0,2,2,1,1,2,2,2,2,2,2
CEM: 1,1,2,0,0,1,1,1,1,1,0,2,0,3,1,1,1,3,1,0,1,1,1,2,3,3,2,2,1,2,2,3,3",,,,,
200,,qasim_port(pakistan),normal,2025-10-12T06:44:24.725(1760251464725),-4,17.8397,,desc(↓),24.8004,67.3714,25.0665,65.9556,56.73,Clear(0.0),waterbody,OK(37),"2,4,8,8,16,16,16,4",2025-10-14,O,O,O,O,-1,24.856819,-0.056419,67.495263,-0.123863,,"FEE: 2,3,4,4,4,5,3,4,4,4,5,5,5,5,7,6,6
CEM: 3,4,2,3,3,2,4,4,3,4,3,5,3,4,4,3,3,3,4,5,4,3,5,6,5,5,6,5,6,7,6,5",,,,"* 시간은 별로 차이가 나지 않지만, 경도 차이가 나서, 타겟했던 지점이 이미지에 들어오지 않음",
199,,utqiagvik(usa),normal,2025-10-11T22:39:51.436(1760222391436),-4,-11.7244,,desc(↓),71.2906,-156.7886,70.9486,-154.3524,11.2,Clear(5.0),waterbody,OK(40),"2,4,8,8,16,16,16,4",2025-10-14,O,O,O,,-,-,-,-,-,O,"FEE: -1,0,1,0,1,2,2,1,1,1,2,2,3,2,2,2,5,5
CEM: 1,1,1,1,1,-1,1,0,1,2,1,2,2,1,1,1,0,1,3,1,2,3,2,3,2,2,1,2,2,3,3,3,3",,,,* 구름으로 인해 위치 오차 계산 X,
198,2025-10-08,Sakon_Nakhon_Airport(thailand),thai_air_force,2025-10-11T04:01:01.728(1760155261728),-4,-19.2856,,desc(↓),17.195,104.119,16.9199,105.5797,62.84,Clear(2.0),waterbody,OK(30),"0,4,8,8,0,0,0,4",2025-10-11,O,O,O,,-,-,-,-,-,,"FEE: -2,-1,0,0,0,0,0,0,0,0,1,1,1,1,1,1
CEM: 0,0,1,0,0,1,0,-1,0,-1,0,1,1,-1,0,0,-1,1,1,1,1,1,2,1",,,,* 구름으로 이미지 중앙 값이 찾기 어려움,
197,,GBR_1(Australia),normal,2025-10-11T01:00:37.337(1760144437337),-4,-11.9493,,desc(↓),-15.1699,145.5006,-15.3474,146.3848,72.32,Clear(7.5),waterbody,OK(37),"2,4,8,8,16,16,16,4",2025-10-13,O,O,O,,-,-,-,-,-,O,"FEE: -3,-2,-1,-1,-1,0,-1,0,0,0,0,0,2,2,0,1,1
CEM: 0,-1,-2,-1,-1,-1,-1,-1,-1,-1,1,0,-1,0,1,0,-1,1,-1,0,0,0,-1,0,0,1,1,1,1,3,1,1",,,,"* 구름으로 인해 위치 오차 계산 X

# 3. Telemetry
[HEALTH CHECK Logs]
4-0-8 / Time : 2025-10-11T01:00:40.671
[FAIL]--C_FEESmps - Actual : ( 521 ) -- Expected : ( off : { 0 ~ 25 }, on : { 190 ~ 507 } )",
196,,pamanzi_island(mayotte),normal,2025-10-10T07:41:06.943(1760082066943),-4,-17.3643,,desc(↓),-12.805,45.2821,-13.065,46.5715,72.98,Clear(1.2),waterbody,OK(17),"2,4,8,8,16,16,16,4",2025-10-11,O,O,O,,-,-,-,-,-,O,"FEE: 0,1,1,2,3,3,1,1,2,2,3,3,3,3,3,4,3
CEM: 2,1,2,1,2,1,3,1,1,3,3,3,3,2,2,3,2,5,2,1,3,3,2,3,3,3,4,3,3,5,6,3",,,,* 구름으로 인해 위치 오차 계산 X,
195,,seomjingang,korea-dam,2025-10-10T02:45:00.228(1760064300228),-4,-5.8412,,desc(↓),35.5411,127.1096,35.456,127.6136,47.03,Clear(1.5),waterbody,OK(17),"2,4,8,8,16,16,16,4",2025-10-15,O,O,O,,0.8,35.503596,0.037504,127.060158,0.049442,,"FEE: 2,2,3,3,4,4,3,3,3,3,4,4,4,4,4,6,6
CEM: 3,2,3,1,2,3,3,2,3,3,3,4,2,5,4,4,3,4,4,4,4,5,4,6,5,5,4,4,7,4,6,4",,,,,
194,,cairo(illinois_usa),normal,2025-10-09T17:17:51.470(1760030271470),-4,12.1371,,desc(↓),37.0053,-89.1764,37.2035,-90.252,46.02,Clear(1.0),waterbody,OK(13),"2,4,8,8,16,16,16,4",,,,,,,,,,,,,,,,,
193,2025-10-06,Kyiv(ukraine),SatRev,2025-10-09T09:21:53.175(1760001713175),-4,-16.4583,,desc(↓),50.58,30.22,50.2963,32.0712,32.75,Overcast(98.2),-,OK(13),"0,4,8,8,0,0,0,4",,,,,,,,,,,,,,,,,
192,,Kuwait_City(Kuwait),normal,2025-10-09T07:53:06.257(1759996386257),-4,-17.1819,,desc(↓),29.2136,47.9879,28.9694,49.4034,52.97,Clear(0.0),waterbody,OK(13),"2,4,8,8,16,16,16,4",,,,,,,,,,,,,,,,,
191,,Wellington(New_Zealand),normal,2025-10-08T22:45:01.330(1759963501330),-4,-9.636,,desc(↓),-41.3229,174.8074,-41.4886,175.7308,50.36,Clear(0.1),waterbody,OK(30),"2,4,8,8,16,16,16,4",,,,,,,,,,,,,,,,,
190,,karachi_port(pakistan),normal,2025-10-08T06:43:02.841(1759905782841),-4,9.5791,,desc(↓),24.8609,67.0063,24.9948,66.2605,57.89,Clear(0.0),waterbody,OK(33),"2,4,8,8,16,16,16,4",,,,,,,,,,,,,,,,,
189,,Fiji_3(Fiji),normal,2025-10-07T23:01:58.127(1759878118127),-4,19.6034,,desc(↓),-17.6791,177.2462,-17.3995,175.7395,71.83,Clear(0.0),waterbody,OK(30),"2,4,8,8,16,16,16,4",,,,,,,,,,,,,,,,,
188,2025-10-03,phuket_air_force_station(thailand),normal,2025-10-06T04:25:12.730(1759724712730),-4,0.6168,,desc(↓),7.8799,98.3156,7.8876,98.2719,72,Clear(11.0),waterbody,OK(22),"0,4,8,8,0,0,0,4",2025-10-08,O,O,O,,-3,8.054152,-0.174252,98.409364,-0.093764,,"FEE: 0,1,1,2,3,3,2,2,2,2,3,3,3,3,3,3
CEM: 1,2,2,2,3,3,3,2,1,2,3,1,2,3,3,3,3,3,3,3,2,3,6,3",,,,* 원했던 타겟이 구름으로 가려져 찍히지 않음,
187,,jeju_airport(korea),normal,2025-10-06T02:44:03.341(1759718643341),-4,-11.0145,,desc(↓),33.5029,126.4863,33.3464,127.422,50.28,Clear(6.9),waterbody,OK(33),"2,4,8,8,16,16,16,4",,,,,,,,,,,,,,,,,
186,,Marseille(France),normal,2025-10-05T10:56:56.030(1759661816030),-4,-9.5088,,desc(↓),43.3132,5.3645,43.1675,6.2875,41.29,Clear(0.0),waterbody,OK(30),"2,4,8,8,16,16,16,4",,,,,,,,,,,,,,,,,
185,,Abadan(Iran),normal,2025-10-05T07:51:29.983(1759650689983),-4,-19.9971,,desc(↓),30.3525,48.2827,30.0615,49.9659,53.25,Clear(0.0),waterbody,OK(33),"2,4,8,8,16,16,16,4",,,,,,,,,,,,,,,,,
184,,lake_tahoe(usa),cal/val,2025-10-04T19:13:33.370(1759605213370),-4,-12.3723,,desc(↓),39,-120,38.8066,-118.8716,45.59,Clear(5.3),waterbody,OK(27),"2,4,8,8,16,16,16,4",,,,,,,,,,,,,,,,,
183,2025-10-01,baish(mangrove),normal,2025-10-04T08:17:57.777(1759565877777),-4,12.68,,desc(↓),17.3233,42.3294,17.505,41.386,65.91,Clear(5.0),waterbody,OK(22),"2,4,8,8,16,16,16,4",2025-10-24,O,O,O,,-2,17.482136,-0.158836,42.455053,-0.125653,,"FEE: 3,2,3,4,4,5,4,4,4,4,5,4,5,5,6,5,6
CEM: 3,4,4,3,3,3,4,6,3,2,4,4,4,6,4,3,6,3,4,4,3,5,6,6,5,5,5,5,5,6,3,6",,,,,
182,,GBR_5(Australia),normal,2025-10-04T00:35:44.968(1759538144968),-4,-15.8196,,desc(↓),-20.4976,150.5622,-20.7336,151.7855,66.43,Clear(0.0),waterbody,OK(30),"2,4,8,8,16,16,16,4",2025-10-28,O,O,O,,1.5,-20.550681,0.053081,150.451487,0.110713,,"FEE: 0,1,2,2,2,2,1,2,2,3,3,3,3,3,4,4,4
CEM: 2,2,3,2,3,3,2,2,2,2,2,1,2,2,4,2,3,4,3,3,3,2,3,3,4,3,3,5,4,3,4,6",,,,* 타겟 지점이 영상의 오른쪽 부분에 살짝만 걸림,
181,,Kensas(US),normal,2025-10-03T18:02:20.515(1759514540515),-4,-4.6899,,desc(↓),38.5202,-101.5706,38.4504,-101.1505,46.54,Clear(1.0),-,OK(30),"2,4,8,8,16,16,16,4",2025-10-15,O,O,O,O,-0.2,38.531511,-0.011311,-101.585754,0.015154,,"FEE: 4,5,6,6,6,7,7,6,6,6,7,7,7,7,7,7,7,7
CEM: 5,6,6,5,5,6,6,6,7,7,7,6,6,7,6,7,7,6,6,8,6,7,5,6,7,8,7,8,8,7,8,10,7",,,,,
180,,preah_vihear_temple(cambodia),issue,2025-10-03T03:58:37.936(1759463917936),-4,-14.4888,,desc(↓),14.3908,104.6802,14.1896,105.7468,67.56,"Rain, Overcast(100.0)",waterbody,OK(30),"0,4,8,8,0,0,0,4",2025-10-08,O,O,O,,-,-,-,-,-,O,"FEE: 0,1,2,3,2,3,2,2,2,3,3,3,3,3,5,5
CEM: 1,3,3,3,3,3,1,2,1,3,2,2,3,3,2,2,3,3,1,5,3,3,3,4",,,,* 구름으로 인해 위치 오차 계산 X,
179,2025-09-29,pyramids_of_egypt(egypt),normal,2025-10-02T09:01:05.186(1759395665186),-4,-16.427,,desc(↓),29.9755,31.1333,29.7361,32.4948,54.71,Clear(0.0),waterbody,OK(13),"2,4,8,8,16,16,16,4",2025-10-09,O,O,O,,4.5,29.715873,0.259627,30.954302,0.178998,,"FEE: 0,1,2,2,2,3,2,2,3,3,2,3,3,3,3,4,4
CEM: 1,2,2,2,2,1,1,1,2,1,2,3,2,2,3,3,2,3,2,1,4,3,3,3,3,3,4,4,5,6,4,5",,,,* 원했던 타겟이 찍히지 않음,
178,,Prachuap_Khiri_Khan_Airport(thailand),thai_air_force,2025-10-02T04:22:24.507(1759378944507),-4,4.5688,,desc(↓),11.788,99.805,11.8524,99.4776,70.53,"Rain, Partially cloudy(88.6)",waterbody,OK(13),"0,4,8,8,0,0,0,4",2025-10-02,O,O,O,,-,-,-,-,-,O,"FEE: 0,0,1,2,1,2,3,1,2,1,3,3,2,2,2,2,3
CEM: 1,1,1,0,0,1,2,1,2,2,3,1,1,3,1,0,2,1,1,2,1,1,2,3,3",,,,* 구름으로 인해 위치 오차 계산 X,
177,,sonoran_desert(north_america),cal/val,2025-10-01T18:50:14.518(1759344614518),-4,-3.682,,desc(↓),32.35,-114.65,32.2899,-114.3458,53.04,Clear(1.0),waterbody,OK(13),"2,4,8,8,16,16,16,4",2025-10-17,O,O,O,O,2.2,32.183279,0.166721,-114.722268,0.072268,,"FEE: 3,4,5,5,6,6,6,5,5,5,6,6,6,6,6,8,8,7
CEM: 4,5,3,6,5,6,4,6,5,5,6,6,5,4,5,4,6,3,5,6,6,6,7,6,6,4,6,7,7,6,8,7,7",,,,* 사막지역이라 중앙값에 오차가 있을 수 있음,
176,,salon_de_provence(europe),cal/val,2025-10-01T10:54:59.356(1759316099356),-4,-16.8311,,desc(↓),43.606,5.12,43.3416,6.7917,42.39,Clear(0.0),waterbody,OK(17),"2,4,4,8,16,16,16,4",,,,,,,,,,,,,,,,,
175,,edwards_air_force_base(california),cal/val,2025-09-30T19:12:28.881(1759259548881),-4,16.9312,,desc(↓),34.954,-117.873,35.2305,-119.3582,51.32,Clear(2.3),waterbody,OK(20),"2,4,4,8,16,16,16,4",2025-10-03,O,O,O,O,1,34.884563,0.069437,-117.755877,-0.117123,,"FEE: 2,3,4,5,5,5,4,5,7,7,5,5,5,6,6,6,6
CEM: 3,3,5,3,3,4,4,5,5,6,6,5,5,4,5,5,3,4,4,3,6,3,3,5,6,6,5,4,7,6,8,8",,,,,
174,2025-09-26,gwadar_port(pakistan),normal,2025-09-29T07:02:18.092(1759129338092),-4,11.2719,,desc(↓),25.1445,62.325,25.3058,61.441,60.77,Clear(3.0),waterbody,OK(30),"2,4,8,8,16,16,16,4",2025-10-09,O,O,O,,-1.2,25.215871,-0.071371,62.417887,-0.092887,,"FEE: 3,4,4,5,5,6,5,5,5,7,7,6,6,6,6,6,6
CEM: 3,3,4,6,3,4,5,4,6,5,3,6,6,5,4,5,4,4,5,7,5,6,6,6,6,8,6,6,7,6,8,6",,,,,
173,,GBR_3(Australia),normal,2025-09-29T00:55:55.198(1759107355198),-4,-3.314,,desc(↓),-18.3655,146.8051,-18.4196,147.0509,67.1,Clear(0.0),waterbody,OK(23),"2,4,8,8,16,16,16,4",2025-10-06,O,O,O,,-0.8,-18.319748,-0.045752,146.815792,-0.010692,,"FEE: 3,3,4,4,5,5,4,4,4,4,5,5,5,6,6,6,6
CEM: 5,6,4,3,4,3,4,3,4,4,5,6,5,4,4,3,4,6,6,6,6,6,5,4,5,5,6,4,6,7,5,5",,,,,
172,,palm_islands(uae),landmark,2025-09-28T07:25:19.549(1759044319549),-4,-7.9927,,desc(↓),25.0019,54.9908,24.8944,55.614,60.7,Clear(3.7),waterbody,OK(20),"2,4,8,8,16,16,16,4",2025-09-30,O,O,O,,0.5,24.977006,0.024894,54.980806,0.009994,,"FEE: 4,5,5,6,6,7,7,5,6,7,8,7,7,7,7,7,7,7
CEM: 6,3,5,5,5,6,4,6,6,6,5,4,6,7,6,6,7,7,6,6,6,5,7,6,7,7,8,6,6,6,8,6,8",,,,"# 3. Telemetry
[HEALTH CHECK Logs]
4-0-8 / Time : 2025-09-28T07:25:26.982
   [FAIL]--C_FEESmps - Actual : ( 508 ) -- Expected : ( off : { 0 ~ 25 }, on : { 190 ~ 507 } )",
171,,Khok_Kathiam_Airport(thailand),thai_air_force,2025-09-28T04:19:01.105(1759033141105),-4,-0.7039,,desc(↓),14.875,100.663,14.8686,100.7146,69.14,"Rain, Partially cloudy(46.2)",waterbody,OK(20),"0,4,8,8,0,0,0,4",2025-09-28,O,O,O,,-,-,-,-,-,,"FEE: 1,2,3,3,3,4,3,3,3,3,3,3,4,4,4,4
CEM: 3,3,2,3,3,3,3,3,2,3,3,3,4,3,3,2,4,2,4,4,4,5,3,4",,,,"* 구름으로 인해 위치 오차 계산 X
중앙값은 구하지 못했지만, 고객에게 영상 제공",
170,,kangerlussuaq(greenland),normal,2025-09-27T15:29:17.446(1758986957446),-4,1.7056,,desc(↓),67.0127,-50.7116,67.0545,-51.0103,21.03,Clear(9.8),waterbody,OK(20),"2,4,8,8,16,16,16,4",2025-10-01,O,O,O,,0.8,66.996381,0.016319,-50.884415,0.172815,,"FEE: 7,7,8,8,8,9,9,7,8,9,9,9,10,10,9,10,10,10
CEM: 10,8,8,8,8,10,7,8,8,8,8,8,8,10,8,10,9,9,8,9,8,8,8,9,9,8,11,10,8,11,10,10,11",,,,,
169,2025-09-24,chiangmai_international_airport(thailand),thai_air_force,2025-09-27T04:40:41.244(1758948041244),-4,36.0502,,desc(↓),18.767,98.963,19.3667,95.9312,67.83,"Rain, Overcast(100.0)",waterbody,OK(13),"0,4,8,8,0,0,0,4",,,,,,,,,,,,,,,,,
168,,harbin(china),normal,2025-09-27T02:59:12.551(1758941952551),-4,1.7507,,desc(↓),45.7999,126.5297,45.8326,126.355,42.16,Clear(5.0),waterbody,OK(17),"2,4,8,8,16,16,16,4",2025-09-29,O,O,O,O,-0.8,45.864612,-0.064712,126.509701,0.019999,,"FEE: 0,1,1,1,2,3,3,1,2,2,2,3,3,3,3,4,4,4
CEM: 2,1,2,1,0,1,1,2,0,1,1,1,1,2,3,2,1,3,3,3,1,2,3,3,6,3,3,3,3,4,3,6,3",,,,,
167,,Khuvsgul_Lake(mongolia),normal,2025-09-26T04:55:03.607(1758862503607),-4,13.0299,,desc(↓),51.0867,100.5084,51.3243,99.0365,37.48,Clear(0.0),waterbody,OK(13),"2,4,8,8,16,16,16,4",2025-10-11,O,O,O,,-,-,-,-,-,,"FEE: 4,4,5,5,6,6,6,5,5,5,6,6,6,6,6,7,7,7
CEM: 4,3,6,5,4,4,4,6,4,5,6,5,6,6,5,5,6,5,6,6,6,7,5,6,5,7,7,8,8,7,8,7,8",,,,"* 호수에 위치해 중앙 값이 찾기 어려움
눈대중으로 봤을 땐, 거의 정확한 지점 촬영",
166,,GBR_6(Australia),normal,2025-09-26T00:30:52.681(1758846652681),-4,-10.5786,,desc(↓),-21.461,152.0095,-21.62,152.8233,63.19,Clear(5.0),waterbody,OK(17),"2,4,8,8,16,16,16,4",2025-10-05,O,O,O,,0.5,-21.488144,0.027144,151.976858,0.032642,,"FEE: 1,2,3,4,4,4,4,4,3,3,4,4,4,6,6,5,5,5
CEM: 3,2,4,3,3,3,3,3,3,3,3,3,4,4,4,3,3,3,3,5,3,3,3,3,4,5,6,4,5,5,3,6,7",,,,,
165,,big_spring(usa),cal/val,2025-09-25T17:58:47.143(1758823127143),-4,0.1951,,desc(↓),32.22,-101.512,32.223,-101.5281,55.38,Clear(3.0),waterbody,OK(13),"2,4,8,8,16,16,16,4",2025-10-07,O,O,O,O,-1.2,32.293878,-0.073878,-101.480689,-0.031311,,"FEE: 6,6,7,7,7,8,7,8,7,7,8,8,8,9,8,9,9
CEM: 6,6,8,8,8,6,7,6,8,7,8,6,8,8,8,8,8,8,8,8,8,8,8,8,9,9,8,9,8,10,8,11",,,,,
164,2025-09-22,shosseynaya(rusia),normal,2025-09-25T08:28:50.824(1758788930824),-4,0.108,,desc(↓),44.1351,43.5021,44.1401,43.4938,44.4,Clear(0.0),-,OK(13),"2,4,8,8,16,16,16,4",2025-09-28,O,O,O,,5.5,43.784828,0.350272,43.387195,0.114905,,"FEE: 2,2,3,3,3,4,3,3,5,5,3,4,4,4,4,5,5
CEM: 2,3,3,3,3,3,4,2,3,3,3,3,2,3,3,4,4,3,3,3,4,4,5,5,5,4,6,6,6,4,5,4",,,,* 타겟 지점 촬영 X,
163,,trapeang_kul(cambodia),issue,2025-09-25T03:53:21.636(1758772401636),-4,-23.574,,desc(↓),14.3344,105.194,13.9919,106.9912,69.13,"Rain, Overcast(99.4)",waterbody,OK(13),"0,4,8,8,0,0,0,4",2025-09-25,O,O,-,,-,-,-,-,-,O,"FEE: -1,0,0,1,1,1,2,1,1,1,1,1,1,2,2,2,2
CEM: 1,0,1,1,1,1,1,2,1,1,1,3,1,0,1,2,1,2,0,3,3,1,3,2,1",,,,* 구름으로 인해 위치 오차 계산 X,
162,,burj_al_arab,landmark,2025-09-24T07:22:10.355(1758698530355),-4,-15.1464,,desc(↓),25.1411,55.1853,24.926,56.3853,61.66,Clear(0.0),waterbody,OK(17),"2,4,8,8,16,16,16,4",2025-09-29,O,O,O,,3,24.946894,0.194206,55.103137,0.082163,,"FEE: 2,3,4,4,4,5,4,4,4,4,5,5,5,5,6,6,6
CEM: 3,4,5,4,5,4,5,5,5,4,4,5,3,4,5,4,4,3,3,6,4,6,6,5,5,6,6,6,6,7,6,",,,,,
161,,Surat_Thani_Airport(thailand),thai_air_force,2025-09-24T04:17:24.956(1758687444956),-4,-15.7945,,desc(↓),9.133,99.136,8.911,100.2856,72.61,Partially cloudy(75.7),waterbody,OK(13),"0,4,8,8,0,0,0,4",2025-09-24,O,O,-,,-,-,-,-,-,O,"FEE: 0,1,1,2,2,2,1,1,1,3,3,2,2,2,2,3
CEM: 3,1,1,1,0,3,3,1,2,1,1,2,3,3,1,1,3,2,2,2,2,1,4,3",,,,* 구름으로 인해 위치 오차 계산 X,
160,,stennis(usa),cal/val,2025-09-23T17:10:20.783(1758647420783),-4,1.5323,,desc(↓),30.386,-89.628,30.4106,-89.7523,57.78,Clear(17.3),waterbody,OK(27),"2,4,8,8,16,16,16,4",2025-09-25,O,O,O,O,2.2,30.218232,0.167768,-89.672662,0.044662,,"FEE: 3,4,5,5,5,5,4,5,5,6,6,6,6,6,6,7,7
CEM: 4,5,6,3,6,4,5,6,6,6,6,5,5,6,3,4,6,7,5,6,6,6,6,6,6,6,6,6,8,6,8,8",,,,,
159,2025-09-19,namibia_desert_2(africa),cal/val,2025-09-22T09:53:13.420(1758534793420),-4,-10.2893,,desc(↓),-17.33,12.05,-17.4827,12.8205,65.26,Clear(0.0),waterbody,OK(13),"2,4,4,8,16,16,16,4",,,,,,,,,,,,,,,,,
158,,chong_an_ma(thailand),issue,2025-09-21T03:49:39.309(1758426579309),-4,-34.3324,,desc(↓),14.3424,105.0797,13.8128,107.8697,69.23,"Rain, Overcast(100.0)",waterbody,OK(13),"0,4,8,8,0,0,0,4",,,,,,,,,,,,,,,,,
157,,GBR_4(Australia),normal,2025-09-21T00:49:25.675(1758415765675),-4,10.2678,,desc(↓),-19.6211,149.255,-19.4718,148.4749,63.95,Clear(5.0),waterbody,OK(17),"2,4,8,8,16,16,16,4",,,,,,,,,,,,,,,,,
156,,pueblo_range(usa),cal/val,2025-09-20T18:16:14.223(1758392174223),-4,1.368,,desc(↓),38.283,-104.607,38.303,-104.7299,51.63,Clear(10.0),waterbody,OK(17),"2,4,8,8,16,16,16,4",,,,,,,,,,,,,,,,,
155,2025-09-17,Wrocław(Poland),SatRev,2025-09-20T10:20:18.058(1758363618058),-4,-5.0137,,desc(↓),51.1102,17.0322,51.0169,17.591,39.52,Clear(0),waterbody,OK(13),"2,4,8,8,16,16,16,4",2025-09-27,O,O,O,,-4.3,51.395594,-0.285394,17.073204,-0.041004,,"FEE: 3,4,5,6,5,6,5,5,5,6,6,6,6,6,7,7,7
CEM: 6,5,4,6,4,5,5,5,7,5,6,6,4,5,7,6,6,6,7,5,6,6,6,7,7,6,7,6,6,7,7,8",,,,,
154,,Sakon_Nakhon_Airport(thailand),thai_air_force,2025-09-20T04:11:14.458(1758341474458),-4,15.2729,,desc(↓),17.195,104.119,17.4168,102.9717,70.3,"Rain, Partially cloudy(87)",waterbody,OK(13),"0,4,8,8,0,0,0,4",2025-09-29,O,O,O,,-,-,-,-,-,,"FEE: 6,6,7,7,7,7,7,7,7,7,7,7,8,8,8,8,8
CEM: 8,6,6,7,6,8,6,7,6,6,8,8,7,8,8,6,6,6,6,8,8,8,7,8,8",,,,"* 구름으로 인해 위치 오차 계산 X
중앙값은 구하지 못했지만, 고객에게 영상 제공",
153,,pamanzi_island(mayotte),normal,2025-09-19T07:50:44.234(1758268244234),-4,15.8387,,desc(↓),-12.805,45.2821,-12.5779,44.1071,69.14,Clear(18),waterbody,OK(13),"2,4,8,8,16,16,16,4",,,,,,,,,,,,,,,,,
152,,chiangmai_international_airport(thailand),thai_air_force,2025-09-19T04:33:26.437(1758256406437),-4,17.262,,desc(↓),18.767,98.963,19.0206,97.6468,69.49,"Rain, Overcast(100) ",waterbody,OK(13),"0,4,8,8,0,0,0,4",,,,,,,,,,,,,,,,,
151,,calgary(canada),normal,2025-09-18T18:58:03.423(1758221883423),-4,-18.2073,,desc(↓),51.1156,-114.0218,50.8073,-111.9264,39.97,Clear(7),waterbody,OK(20),"2,4,8,8,16,16,16,4",,,,,,,,,,,,,,,,,
150,2025-09-15,salon_de_provence(europe),cal/val,2025-09-18T11:07:30.230(1758193650230),-4,14.1819,,desc(↓),43.606,5.12,43.8428,3.7148,47.67,Clear(0.0),waterbody,OK(22),"2,4,8,8,16,16,16,4",,,,,,,,,,,,,,,,,
149,,apple_park(usa),landmark,2025-09-17T19:24:16.285(1758137056285),-4,-0.5684,,desc(↓),37.3346,-122.009,37.3243,-121.9592,53.53,Clear(9.3),waterbody,OK(23),"2,4,4,8,16,16,16,4",,,,,,,,,,,,,,,,,
148,,harare(zimbabwe),normal,2025-09-17T08:37:22.410(1758098242410),-4,-14.2162,,desc(↓),-17.8187,30.6012,-18.0263,31.6774,62.9,Clear(0.0),waterbody,OK(27),"2,4,8,8,16,16,16,4",2025-09-24,O,O,O,O,3.5,-18.003942,0.185242,30.519475,0.081725,,"FEE: -1,0,1,1,2,2,3,2,1,2,2,3,3,3,3,3,3,3
CEM: 2,1,-1,1,1,1,1,2,1,2,1,1,1,2,2,3,3,2,2,0,3,3,3,2,3,1,6,3,4,5,3,3,3",,,,,
147,,king_sejong_station(antarctica_korea),normal,2025-09-16T13:55:10.050(1758030910050),-4,5.1793,,desc(↓),-62.199,-58.7227,-62.0856,-59.5138,21.84,Clear(5.5),waterbody,OK(17),"2,4,8,8,16,16,16,4",2025-09-26,O,O,O,,0,-62.202058,0.003058,-58.611966,-0.110734,,"FEE: 6,6,7,7,8,7,7,7,7,8,8,8,8,9,8,9,9
CEM: 7,8,6,8,8,8,8,6,6,7,7,8,7,6,7,7,7,8,8,8,8,7,9,8,9,9,8,11,9,9,9,10",,,,"* 위도는 거의 비슷, 경도 차이만 발생 시간 오차 X

# 3. Telemetry
[HEALTH CHECK Logs]
4-0-8 / Time : 2025-09-16T13:55:08.510
[FAIL]--C_FEESmps - Actual : ( 511 ) -- Expected : ( off : { 0 ~ 25 }, on : { 190 ~ 507 } )",
146,2025-09-12,Phuket(thailand),normal,2025-09-15T04:31:59.390(1757910719390),-4,24.2375,,desc(↓),8.0085,98.3414,8.3706,96.5211,76.61,"Rain, Overcast(100.0)",waterbody,OK(35),"0,4,8,8,0,0,0,4",,,,,,,,,,,,,,,,,
145,,baekdoosan,landmark,2025-09-15T02:48:36.190(1757904516190),-4,0.8436,,desc(↓),42.0089,128.0588,42.0271,127.9809,50.2,Clear(0.0),waterbody,OK(37),"2,4,8,8,16,16,16,4",,,,,,,,,,,,,,,,,
144,,operahouse,landmark,2025-09-14T00:22:10.839(1757809330839),-4,-18.2076,,desc(↓),-33.8569,151.2152,-34.1618,152.8302,47.3,Clear(5.0),waterbody,OK(17),"2,4,8,8,16,16,16,4",,,,,,,,,,,,,,,,,
143,,lake_tahoe(usa),cal/val,2025-09-13T19:19:21.715(1757791161715),-4,4.2388,,desc(↓),39,-120,39.067,-120.3847,53.52,Clear(5.0),waterbody,OK(17),"2,4,8,8,16,16,16,4",,,,,,,,,,,,,,,,,
142,2025-09-10,baghdad(iraq),issue,2025-09-13T08:19:19.035(1757751559035),-4,8.771,,desc(↓),33.257,44.231,33.3956,43.4881,58.98,Clear(0.0),-,OK(13),"2,4,4,16,16,16,16,4",,,,,,,,,,,,,,,,,
141,,preah_vihear_temple(cambodia),issue,2025-09-12T04:03:16.728(1757649796728),-4,2.4773,,desc(↓),14.3908,104.6802,14.4301,104.5013,73.13,"Rain, Overcast(99.9)",waterbody,OK(13),"0,4,8,8,0,0,0,4",,,,,,,,,,,,,,,,,
140,,kangerlussuaq(greenland),normal,2025-09-11T15:13:19.527(1757603599527),-4,-17.7289,,desc(↓),67.0127,-50.7116,66.5868,-47.5111,27.27,Clear(19.6),waterbody,OK(13),"2,4,8,8,16,16,16,4",,,,,,,,,,,,,,,,,
139,2025-09-08,Phuket(thailand),normal,2025-09-11T04:27:22.526(1757564842526),-4,9.9816,,desc(↓),8.0085,98.3414,8.1433,97.6237,75.68,"Rain, Partially cloudy(41.8)",waterbody,OK(13),"0,4,8,8,0,0,0,4",,,,,,,,,,,,,,,,,
138,,obong_reservoir(korea),normal,2025-09-11T02:45:02.008(1757558702008),-4,9.891,,desc(↓),37.6978,128.8161,37.8493,127.9257,55.78,Clear(0.0),waterbody,OK(17),"2,4,8,8,16,16,16,4",,,,,,,,,,,,,,,,,
137,,salon_de_provence(europe),cal/val,2025-09-10T10:58:28.968(1757501908968),-4,-7.374,,desc(↓),43.606,5.12,43.4901,5.8418,50.25,Clear(4.2),waterbody,OK(23),"2,4,8,8,16,16,16,4",,,,,,,,,,,,,,,,,
136,,calgary(canada),normal,2025-09-09T19:11:20.231(1757445080231),-4,9.8177,,desc(↓),51.1156,-114.0218,51.2945,-115.1299,43.65,Clear(12.0),waterbody,OK(10),"2,4,8,8,16,16,16,4",,,,,,,,,,,,,,,,,
135,2025-09-05,preah_vihear_temple(cambodia),issue,2025-09-08T03:58:27.398(1757303907398),-4,-13.1868,,desc(↓),14.3908,104.6802,14.2093,105.6546,72.73,"Rain, Overcast(100.0)",waterbody,OK(27),"0,4,8,8,0,0,0,4",2025-09-08,O,O,O,,-,-,-,-,-,,"FEE: 2,2,3,3,4,4,4,4,3,4,4,4,6,6,4,5,5
CEM: 2,4,3,4,3,3,3,3,3,2,4,4,3,4,3,3,6,6,5,5,5,4,6,4,6",,,,"* 구름으로 인해 위치 오차 계산 X
중앙값은 구하지 못했지만, 고객에게 영상 제공",
134,,Wrocław(Poland),SatRev,2025-09-07T10:29:01.118(1757240941118),-4,13.766,,desc(↓),51.1102,17.0322,51.3662,15.4609,44.57,Partially cloudy(31.5),waterbody,OK(30),"2,4,8,8,16,16,16,4",,,,,,,,,,,,,,,,,
133,,Don_Mueang_International_Airport(thailand),normal,2025-09-07T04:20:52.338(1757218852338),-4,8.0152,,desc(↓),13.9151,100.6056,14.034,100.0212,74.38,"Rain, Overcast(100.0)",waterbody,OK(33),"0,4,8,8,0,0,0,4",2025-09-09,O,O,O,,-,-,-,-,-,,"FEE: 4,4,5,6,6,6,5,5,6,6,6,6,6,6,6,6
CEM: 6,6,5,5,6,4,5,5,4,6,8,6,6,6,6,6,4,6,6,6,7,7,7,6",,,,"* 구름으로 인해 위치 오차 계산 X
중앙값은 구하지 못했지만, 고객에게 영상 제공",
132,2025-09-03,gamak_bay(korea),issue,2025-09-06T04:35:31.659(1757133331659),-4,89.9946,,desc(↓),34.7046,127.6703,42.8916,101.4103,57.61,Clear(10.4),waterbody,OK(35),"2,4,8,8,16,16,16,4",,,,,,,,,,,,,,,,,
131,,pol_pots_cremation_site(cambodia),issue,2025-09-06T03:09:09.648(1757128149648),-4,-79.1895,,desc(↓),14.3427,104.0577,12.0802,117.6768,61.14,"Rain, Overcast(100.0)",waterbody,OK(35),"0,4,8,8,0,0,0,4",2025-09-15,O,O,-,,-,-,-,-,-,O,"FEE: 5,6,7,7,7,7,7,7,7,7,7,7,7,9,9,9,9
CEM: 6,6,6,8,7,6,6,7,7,8,7,8,7,6,6,6,6,7,7,6,7,8,7,9,8",,,,* 과한 Tilt로 인해 아무것도 찍히지 않음,
130,,Angkor_Wat(cambodia),landmark,2025-09-05T03:31:31.614(1757043091614),-4,-66.3706,,desc(↓),13.4122,103.867,11.9561,112.0632,66.49,"Rain, Partially cloudy(82.3)",waterbody,OK(20),"0,4,8,8,0,0,0,4",,,,,,,,,,,,,,,,,
129,,suncheon_bay(korea),issue,2025-09-05T01:51:23.898(1757037083898),-4,-73.8861,,desc(↓),34.794,127.4467,33.2459,140.3955,54.1,Clear(7.0),waterbody,OK(23),"2,4,8,8,16,16,16,4",,,,,,,,,,,,,,,,,
128,,Fiji_1(Fiji),normal,2025-09-04T22:55:41.178(1757026541178),-4,6.9459,,desc(↓),-17.3993,177.656,-17.2952,177.1375,59.9,Clear(5.0),waterbody,OK(23),"2,4,8,8,16,16,16,4",,,,,,,,,,,,,,,,,
127,2025-09-01,chong_an_ma(thailand),issue,2025-09-04T03:53:18.449(1756957998449),-4,-23.6202,,desc(↓),14.3424,105.0797,13.9969,106.8914,72.4,"Rain, Partially cloudy(68.0)",waterbody,OK(35),"0,4,8,8,0,0,0,4",,,,,,,,,,,,,,,,,
126,,prasat_ta_muen_thom(cambodia),issue,2025-09-03T04:15:20.016(1756872920016),-4,23.3454,,desc(↓),14.3493,103.2666,14.702,101.4772,75.74,"Rain, Overcast(98.6)",waterbody,OK(30),"0,4,8,8,0,0,0,4",,,,,,,,,,,,,,,,,
125,,namhae_gun(korea),issue,2025-09-03T02:35:36.098(1756866936098),-4,-17.5061,,desc(↓),34.7098,128.0133,34.4464,129.5607,60.3,Partially cloudy(47.1),waterbody,OK(37),"2,4,8,8,16,16,16,4",2025-09-06,O,O,O,,0.5,34.687789,0.022011,127.861616,0.151684,,"FEE: 4,5,5,6,7,6,7,8,6,6,6,6,7,7,7,8,8
CEM: 4,6,6,6,6,5,6,6,4,6,6,5,7,6,6,7,6,6,6,7,7,7,7,6,8,8,6,8,9,5,8,7",,,,,
124,2025-08-29,norilsk(russia),normal,2025-09-01T06:19:33.763(1756707573763),-4,-1.7193,,desc(↓),69.3501,88.192,69.3041,88.5237,28.78,Clear(11.2),waterbody,OK(22),"1,4,8,8,16,16,16,4",,,,,,,,,,,,,,,,,
123,,nagoya(japan),normal,2025-08-31T02:07:17.726(1756606037726),-4,1.5149,,desc(↓),35.1829,136.9008,35.1994,136.7682,61.45,Clear(5.0),waterbody,OK(27),"2,4,4,8,16,16,16,4",,,,,,,,,,,,,,,,,
122,,alert(canada),normal,2025-08-30T19:35:35.799(1756582535799),-4,-5.6505,,desc(↓),82.5018,-62.3481,82.1127,-61.2551,13.3,Clear(0.6),waterbody,OK(17),"2,4,4,8,16,16,16,4",,,,,,,,,,,,,,,,,
121,,preah_vihear_temple(cambodia),issue,2025-08-30T04:09:18.056(1756526958056),-4,22.398,,desc(↓),14.3908,104.6802,14.7221,102.9688,76.02,"Rain, Overcast(100.0)",waterbody,OK(13),"1,4,8,8,16,16,16,4",,,,,,,,,,,,,,,,* Tilt 20도 이상 첫 미션,
120,2025-08-27,baotou_city(china),cal/val,2025-08-30T04:02:24.953(1756526544953),-4,4.661,,desc(↓),40.854,109.628,40.9239,109.1898,56.87,Clear(0.0),waterbody,OK(24),"2,4,8,8,16,16,16,4",2025-09-29,O,O,O,,2.2,40.674735,0.179265,109.61604,0.01196,,"FEE: 4,5,6,6,6,7,6,6,6,6,6,7,7,7,9,7,7
CEM: 5,5,6,6,5,5,6,6,4,6,6,7,5,6,6,6,6,6,6,8,6,7,6,7,6,6,6,7,7,8,7,8",,,,,
119,,gyeongbokgung(korea),landmark,2025-08-29T02:50:45.734(1756435845734),-4,6.5293,,desc(↓),37.5793,126.9769,37.6849,126.3925,60.15,Clear(8.4),waterbody,OK(23),"2,4,8,8,16,16,16,4",2025-09-24,O,O,-,,-,-,-,-,-,O,"FEE: 7,7,8,8,8,9,8,8,8,8,8,9,9,9,9,10,10
CEM: 7,8,8,8,7,8,8,8,8,7,8,9,9,9,8,8,8,9,10,8,8,11,9,9,8,8,10,8,10,11,11,11",,,,"* 아무것도 찍히지 않음
* 이미지 식별 불가",
118,,alert(canada),normal,2025-08-28T20:19:20.310(1756412360310),-4,-0.2562,,desc(↓),82.5018,-62.3481,82.484,-62.3015,12.81,Clear(13.0),waterbody,OK(10),"2,4,4,8,16,16,16,4",,,,,,,,,,,,,,,,,
117,2025-08-25,thar_desert(asia),cal/val,2025-08-28T06:24:28.243(1756362268243),-4,9.089,,desc(↓),27.63,71.86,27.7651,71.1284,68.56,Clear(5.3),waterbody,OK(27),"1,8,4,8,16,16,16,4",2025-09-22,O,O,-,,-,-,-,-,-,O,"FEE: 11,11,12,13,13,13,12,12,12,12,13,13,13,14,14,14,15
CEM: 10,11,13,11,11,11,11,13,11,11,13,11,12,13,11,12,12,11,12,11,14,13,13,14,14,14,13,13,14,13,15,14",,,,"* 아무것도 찍히지 않음
* 이미지 식별 불가",
116,,jakarta(indonesia),normal,2025-08-27T03:46:14.264(1756266374264),-4,9.7342,,desc(↓),-6.0589,106.6992,-5.9186,105.9988,66.59,Partially cloudy(64.8),-,OK(27),"1,4,8,8,16,16,16,4",,,,,,,,,,,,,,,,,
115,,vancouver(canada),normal,2025-08-26T19:39:00.353(1756237140353),-4,-2.9879,,desc(↓),49.1914,-123.1303,49.1341,-122.8093,50.23,Clear(8.7),waterbody,OK(17),"1,4,8,8,16,16,16,4",,,,,,,,,,,,,,,,,
114,2025-08-22,jeju_world_cup_stadium(korea),normal,2025-08-25T02:45:15.607(1756089915607),-4,-4.1997,,desc(↓),33.2463,126.5093,33.1829,126.8653,64.62,Clear(5.6),waterbody,OK(22),"1,4,8,8,16,16,16,4",,,,,,,,,,,,,,,,,
113,,pescadores_islands(asia),cal/val,2025-08-24T03:09:41.875(1756004981875),-4,5.7835,,desc(↓),23.519,119.583,23.6079,119.1361,72.03,Clear(0.1),waterbody,OK(13),"1,4,8,8,16,16,16,4",,,,,,,,,,,,,,,,,
112,,calgary(canada),normal,2025-08-23T19:09:39.302(1755976179302),-4,6.9958,,desc(↓),51.1156,-114.0218,51.2475,-114.809,49.6,Clear(4.3),waterbody,OK(17),"1,4,8,8,16,16,16,4",,,,,,,,,,,,,,,,,
111,2025-08-20,dunhuang(asia),cal/val,2025-08-23T05:01:44.451(1755925304451),-4,2.0108,,desc(↓),40.13,94.34,40.1567,94.1523,59.66,Clear(0.0),waterbody,OK(13),"1,4,8,8,16,16,16,4",2025-09-17,O,O,O,O,0,40.139376,-0.009376,94.307821,0.032179,,"FEE: 3,4,5,4,5,5,6,6,6,5,5,5,5,6,8,8,6,7
CEM: 3,3,5,4,4,4,3,4,5,4,4,5,4,4,5,6,5,4,6,5,5,6,4,5,5,6,6,5,6,6,6,6,6",,,,,
110,,tubarjal(saudi_arabia),normal,2025-08-22T08:35:22.358(1755851722358),-4,-6.5443,,desc(↓),30.1827,38.2304,30.0857,38.7679,67.56,Clear(0.0),-,OK(23),"2,4,4,8,16,16,16,4",,,,,,,,,,,,,,,,,
109,,cancún(mexico),normal,2025-08-21T16:52:18.824(1755795138824),-4,1.0478,,desc(↓),21.1157,-86.8265,21.1344,-86.9051,73.32,Clear(7.8),waterbody,OK(23),"1,4,8,8,16,16,16,4",,,,,,,,,,,,,,,,,
108,2025-08-18,busan(korea),landmark,2025-08-21T02:37:45.145(1755743865145),-4,-0.4647,,desc(↓),35.1032,129.047,35.0912,129.0855,64.4,Clear(4.4),waterbody,OK(23),"1,4,8,8,16,16,16,4",2025-09-08,O,O,O,,0.5,35.074386,0.028814,129.047851,-0.000851,,"FEE: 4,5,5,6,6,7,5,6,6,6,6,7,7,7,7,7,7
CEM: 6,7,5,6,5,6,6,5,5,7,7,6,6,5,6,6,5,6,6,6,7,6,7,8,7,6,7,6,8,7,8,8",,,,,
107,,king_fahd_causeway(asia),cal/val,2025-08-20T07:45:35.073(1755675935073),-4,-2.636,,desc(↓),26.182,50.338,26.149,50.5473,70.82,Clear(0.0),waterbody,OK(37),"1,4,8,8,16,16,16,4",2025-08-27,O,O,O,,-1,26.23738,-0.05538,50.394793,-0.056793,,"FEE: 0,1,2,2,2,3,2,2,2,2,2,3,3,3,3,4,4
CEM: 1,1,3,1,3,2,3,1,3,2,1,2,2,2,4,1,3,2,2,2,1,5,3,2,2,4,3,2,4,3,3,3",,,,,
106,,edwards_AFB_edge_target(usa),cal/val,2025-08-19T19:06:54.203(1755630414203),-4,5.5243,,desc(↓),34.8407,-117.7626,34.9201,-118.2416,65.19,Clear(0.0),-,OK(37),"1,4,8,8,16,16,16,4",2025-08-22,O,O,O,O,0,34.837643,0.003057,-117.740713,-0.021887,,"FEE: 4,4,5,5,6,6,5,6,6,6,6,6,6,6,7,7,7
CEM: 5,4,6,4,6,3,7,6,6,6,6,6,5,6,5,6,5,5,7,6,6,7,6,8,8,6,7,6,8,9,6,6",,,,,
105,2025-08-15,melbourne(australia),normal,2025-08-18T00:53:18.839(1755478398839),-4,7.7003,,desc(↓),-37.8195,144.914,-37.7004,144.207,34.83,Clear(5.0),waterbody,OK(30),"1,4,8,8,16,16,16,4",2025-08-19,O,O,O,,-,-,-,-,-,O,"FEE: 7,7,7,9,9,8,8,8,8,9,10,10,9,9,9,10,10
CEM: 6,8,7,8,8,8,7,8,8,8,9,8,8,10,8,9,7,9,10,8,9,8,9,8,9,8,8,11,8,11,11,11",,,,"* 구름으로 인해 위치 오차 계산 X

# 3. Telemetry
[HEALTH CHECK Logs]
4-0-8 / Time : 2025-08-18T00:53:23.710
Current FEE value is : On
   [FAIL]--C_FEESmps - Actual : ( 521 ) -- Expected : ( off : { 0 ~ 25 }, on : { 190 ~ 507 } )",
104,,managua(nicaragua),normal,2025-08-17T16:47:23.333(1755449243333),-4,9.5315,,desc(↓),12.1364,-86.2514,12.2731,-86.9481,74.96,Clear(9.8),waterbody,OK(13),"1,4,8,8,16,16,16,4",,,,,,,,,,,,,,,,,
103,2025-08-13,melitopol(ukraine),normal,2025-08-16T09:07:14.341(1755335234341),-4,9.1961,,desc(↓),46.818,35.4104,46.9755,34.4504,55.96,Clear(10.9),waterbody,OK(13),"1,4,4,8,16,16,16,4",2025-08-17,O,O,O,O,-1.2,46.895288,-0.077288,35.481396,-0.070996,,"FEE: 1,2,3,3,3,4,3,3,3,3,3,4,4,4,4,5,5
CEM: 3,3,2,2,2,3,3,3,3,2,3,3,3,3,3,3,3,3,4,3,4,3,3,3,5,5,5,4,4,5,5,6",,,,,
102,,salon_de_provence(europe),cal/val,2025-08-15T11:04:25.300(1755255865300),-4,8.3857,,desc(↓),43.606,5.12,43.7517,4.2957,59.1,Clear(0.0),waterbody,OK(20),"1,4,8,8,16,16,16,4",,,,,,,,,,,,,,,,,
101,,kerr_county(usa_texas),issue,2025-08-14T17:48:00.104(1755193680104),-4,2.0303,,desc(↓),30.0705,-99.2553,30.0983,-99.4221,69.83,Clear(15.0),waterbody,OK(20),"1,4,8,8,16,16,16,4",2025-08-15,O,O,O,O,-1.2,30.147806,-0.077306,-99.218177,-0.037123,,"FEE: 4,4,5,6,6,7,5,6,6,6,6,7,6,7,7,7,7
CEM: 5,5,6,5,5,6,6,6,5,7,6,7,8,7,6,6,7,6,5,6,6,7,7,8,8,8,6,8,6,7,7,8",,,,,
100,2025-08-11,bordeaux(france),normal,2025-08-14T11:25:51.524(1755170751524),-4,2.5208,,desc(↓),44.8257,-0.5305,44.8738,-0.7803,58.17,Clear(0.7),waterbody,OK(27),"1,4,8,8,16,16,16,4",2025-08-18,O,O,O,O,-1.2,44.897105,-0.071405,-0.474778,-0.055722,,"FEE: 4,5,6,6,6,7,7,6,6,6,7,7,7,7,7,7,8,8
CEM: 6,6,6,6,6,5,5,4,8,6,7,6,6,7,6,6,7,7,7,8,8,7,8,8,8,6,7,6,8,8,8,6,8",,,,,
99,,budapest(hungary),normal,2025-08-13T10:12:19.265(1755079939265),-4,5.5314,,desc(↓),47.5354,18.936,47.6255,18.3527,56.11,Clear(0.0),-,OK(27),"1,4,8,8,16,16,16,4",2025-08-15,O,O,O,O,-0.8,47.57994,-0.04454,18.973258,-0.037258,,"FEE: 1,2,3,3,4,3,3,3,3,3,4,4,5,4,4,6,6
CEM: 3,3,2,4,2,2,3,3,2,5,4,3,3,4,1,4,5,5,5,5,4,3,6,4,4,4,4,5,3,5,5,5",,,,,
98,,belmopan(belize),normal,2025-08-12T17:00:16.059(1755018016059),-4,9.5238,,desc(↓),17.2514,-88.7669,17.3899,-89.4798,75.44,Clear(0.0),waterbody,OK(33),"1,4,8,8,16,16,16,4",2025-08-16,O,O,O,,-2,17.399323,-0.147923,-88.672522,-0.094378,O,"FEE: 7,7,8,8,9,9,8,8,8,8,9,9,10,10,10,10,11
CEM: 8,7,8,7,9,10,8,8,8,9,8,9,9,10,8,9,9,8,10,10,9,9,8,9,10,9,11,11,11,11,11,11",,,,,
97,2025-08-08,gobabeb(africa),cal/val,2025-08-11T09:40:00.437(1754905200437),-4,0.2602,,desc(↓),-23.55,15.033,-23.5427,15.0138,46.09,Clear(0.0),waterbody,OK(39),"1,4,8,8,16,16,16,4",2025-08-22,O,O,O,O,1,-23.614189,0.064189,15.068101,-0.035101,,"FEE: 1,1,2,2,2,3,3,2,2,3,5,5,3,4,4,4,6,5
CEM: 3,1,1,2,2,2,1,3,4,1,3,1,2,3,2,3,1,3,3,1,3,4,3,4,3,3,3,4,3,6,5,4,5",,,,,
96,,calgary(canada),normal,2025-08-10T19:09:14.724(1754852954724),-4,6.6227,,desc(↓),51.1156,-114.0218,51.2311,-114.7711,53.62,Clear(19.3),waterbody,OK(13),"1,4,8,8,16,16,16,4",,,,,,,,,,,,,,,,,
95,,barreal_blanco(south_america),cal/val,2025-08-09T15:09:14.536(1754752154536),-4,-8.649,,desc(↓),-31.86,-69.45,-31.9923,-68.7103,37.42,Clear(0.0),-,OK(33),,,,,,,,,,,,,,,,,,
94,2025-08-06,dili(east_timor),normal,2025-08-09T02:26:34.765(1754706394765),-4,1.0829,,desc(↓),-8.5569,125.5603,-8.5373,125.4832,59.12,Clear(5.0),waterbody,OK(23),"1,4,8,8,16,16,16,4",2025-08-15,O,O,O,O,-1.8,-8.434498,-0.122402,125.59193,-0.03163,,"FEE: 3,4,4,5,5,6,6,7,5,5,5,6,6,6,6,6,7
CEM: 4,4,4,4,5,3,5,5,5,4,6,6,5,5,6,6,6,5,6,5,5,6,6,5,6,6,6,6,7,7,6,6",,,,"# 3. Telemetry
[HEALTH CHECK Logs]
4-0-8 / Time : 2025-08-09T02:26:36.634
Current FEE value is : On
   [FAIL]--C_FEESmps - Actual : ( 515 ) -- Expected : ( off : { 0 ~ 25 }, on : { 190 ~ 507 } )",
93,,palmanova(italy),normal,2025-08-08T10:26:39.817(1754648799817),-4,-8.9148,,desc(↓),45.9056,13.3101,45.7625,14.2253,58.6,Clear(0.0),waterbody,OK(13),"1,4,8,8,16,16,16,4",2025-08-13,O,O,O,,0,45.906495,-0.000895,13.291124,0.018976,,"FEE: 2,2,3,3,4,4,3,3,4,4,4,4,4,4,5,6,5
CEM: 4,4,3,2,3,3,3,4,3,3,3,4,3,5,5,2,3,5,3,5,3,3,4,3,4,5,6,6,4,4,5,6",,,,,
92,,alert(canada),normal,2025-08-07T20:04:37.235(1754597077235),-4,-1.6698,,desc(↓),82.5018,-62.3481,82.3825,-62.1345,20.09,Clear(6.9),waterbody,OK(17),"1,4,8,8,16,16,16,4",,,,,,,,,,,,,,,,,
91,2025-08-04,pyongyang(north_korea),normal,2025-08-07T02:57:13.584(1754535433584),-4,8.3378,,desc(↓),39.0439,125.7581,39.1774,124.9917,65.24,Clear(0.0),waterbody,OK(20),"1,4,8,8,16,16,16,4",2025-08-13,O,O,O,O,-0.8,39.068833,-0.024933,125.819861,-0.061761,,"FEE: 2,2,3,4,4,4,4,3,4,4,4,6,6,5,5,5,5,5
CEM: 3,4,3,3,5,3,4,3,4,4,4,3,4,3,5,4,5,5,3,4,3,3,2,3,3,6,6,3,5,6,7,6,6",,,,,
90,,operahouse,landmark,2025-08-06T00:28:59.654(1754440139654),-4,2.4948,,desc(↓),-33.8569,151.2152,-33.8172,150.9986,34.91,Clear(0.8),waterbody,OK(23),"1,4,8,8,16,16,16,4",2025-08-12,O,O,O,,9,-34.465546,0.608646,151.162414,0.052786,,"FEE: 4,5,6,6,6,7,7,6,6,6,6,7,7,7,7,7,8,8
CEM: 5,6,5,6,5,6,4,6,6,5,6,6,5,6,6,6,7,6,7,6,5,6,7,6,7,8,7,7,7,7,7,9,8",,,,"* 9초 이상 중심 좌표 오차 발생
* 이 경우도 저번 밴쿠버 영상처럼, 오래된 TLE 데이터로 인해 목표 지점 불일치인지 확인 필요
* 촬영된 이미지의 중심좌표는 바다에 있어, 정확하지 않을 수 있음",
89,,apple_park(usa),landmark,2025-08-05T19:26:29.866(1754421989866),-4,7.6678,,desc(↓),37.3346,-122.009,37.4568,-122.6965,66.9,Clear(2.0),waterbody,OK(20),"1,4,8,8,16,16,16,4",2025-08-11,O,O,O,,-1.2,37.407029,-0.072429,-121.933313,-0.075687,,"FEE: 4,4,5,5,5,6,5,7,7,5,6,6,6,6,6,7,7
CEM: 6,4,5,4,5,4,5,6,4,6,6,6,6,6,6,6,4,6,6,6,8,6,7,6,6,8,6,7,6,6,7,7",,,,,
88,2025-08-01,damascus(syria),issue,2025-08-04T08:47:12.968(1754297232968),-4,-1.0364,,desc(↓),33.5176,36.2519,33.4994,36.3392,69.63,Clear(0.0),waterbody,OK(27),"1,4,8,8,16,16,16,4",2025-08-10,O,O,O,O,-0.7,33.545191,-0.027591,36.263591,-0.011691,,"FEE: 1,1,1,2,2,3,2,2,2,2,2,3,3,5,5,4,3
CEM: 3,1,1,1,1,1,1,2,1,3,3,2,1,3,3,2,3,3,3,3,3,3,3,4,3,3,4,3,3,3,4,5",,,,,
87,,pillian(mangrove#1),customer,2025-08-03T02:56:12.743(1754189772743),-4,-5.8765,,desc(↓),12.0264,120.3064,11.9418,120.734,72.53,Clear(0.6),waterbody,OK(17),"1,4,8,8,16,16,16,4",2025-08-08,O,O,O,,0.5,12.000849,0.025551,120.30127,0.00513,,"FEE: 1,1,2,3,3,3,2,2,2,3,3,3,4,5,4,4,4
CEM: 3,1,3,4,3,3,3,2,4,2,2,4,3,2,3,1,5,4,2,3,3,3,3,4,4,5,4,3,5,4,4,6",,,,,
86,,ivanpah_playa(usa),cal/val,2025-08-02T18:57:08.178(1754161028178),-4,3.8818,,desc(↓),35.57,-115.4,35.6346,-115.7377,68.76,Clear(1.3),waterbody,OK(13),"1,4,8,8,16,16,16,4",2025-08-06,O,O,O,,-,35.738854,-0.168854,-116.270092,0.870092,,"FEE: 2,3,4,5,4,5,4,4,4,5,5,5,5,5,5,6,6
CEM: 5,3,4,3,4,5,3,6,4,6,5,3,3,3,4,3,3,5,4,5,6,6,7,5,7,5,6,6,6,5,6,7",,,,"* 위도는 비슷하나 경도가 0.87 차이로, Tilt가 반대로 되어서 찍힘",
85,2025-07-30,salon_de_provence(europe),cal/val,2025-08-02T11:02:11.720(1754132531720),-4,3.5581,,desc(↓),43.606,5.12,43.6661,4.7717,62.44,Clear(0.0),waterbody,OK(13),"2,4,4,8,16,16,16,4",,,,,,,,,,,,,,,,,
84,,great_wall_of_china(china),landmark,2025-08-01T03:31:44.788(1754019104788),-4,-0.5307,,desc(↓),40.4365,116.5621,40.425,116.6104,65.23,Clear(0.0),waterbody,OK(27),"1,4,8,8,16,16,16,4",2025-08-07,O,O,O,O,0.8,40.383386,0.053114,116.550497,0.011603,O,"FEE: 2,3,3,4,4,5,3,4,4,4,5,5,5,5,5,6,6
CEM: 3,4,3,3,3,5,4,2,4,1,3,3,3,4,3,4,5,4,5,4,5,5,4,6,6,5,5,5,6,6,6,7",,,,,
83,,uyuni_salt_flats(south_america),cal/val,2025-07-31T15:11:14.376(1753974674376),-4,5.2617,,desc(↓),-20.38,-66.95,-20.3049,-67.3541,46.49,Clear(0.0),waterbody,OK(23),"1,4,8,8,16,16,16,4",,,,,,,,,,,,,,,,,
82,2025-07-28,tubarjal(saudi_arabia),normal,2025-07-31T08:39:38.894(1753951178894),-4,7.2283,,desc(↓),30.1827,38.2304,30.2971,37.6362,72.85,Clear(0.0),-,OK(13),"1,4,8,8,16,16,16,4",2025-08-04,O,O,O,O,-0.1,30.200261,-0.017561,38.309308,-0.078908,,"FEE: 1,1,2,2,3,3,2,2,3,3,3,3,3,4,4,4,4
CEM: 1,1,2,2,3,1,3,3,3,2,3,3,3,3,3,3,2,2,3,3,3,2,4,3,4,3,4,6,3,4,5,3",,,,,
81,,ferrari_world,landmark,2025-07-30T07:28:05.200(1753860485200),-4,0.5613,,desc(↓),24.4836,54.6072,24.4936,54.5639,74.82,Clear(6.5),waterbody,OK(23),"1,4,8,8,16,16,16,4",2025-08-06,O,O,O,O,-1,24.537353,-0.053753,54.667765,-0.060565,,"FEE: 2,2,3,4,4,4,3,3,4,4,4,4,4,4,5,5,5
CEM: 3,4,5,4,3,4,3,4,4,3,4,2,5,3,5,3,2,5,3,3,3,3,6,5,4,5,5,5,5,5,5,5",,,,"# 3. Telemetry
[HEALTH CHECK Logs]
4-0-8 / Time : 2025-07-30T07:28:05.606
   [FAIL]--C_FEESmps - Actual : ( 511 ) -- Expected : ( off : { 0 ~ 25 }, on : { 190 ~ 507 } )

4-0-8 / Time : 2025-07-30T07:28:10.731
   [FAIL]--C_FEESmps - Actual : ( 513 ) -- Expected : ( off : { 0 ~ 25 }, on : { 190 ~ 507 } )",
80,,sonoran_desert(north_america),cal/val,2025-07-29T18:49:27.942(1753814967942),-4,-2.2043,,desc(↓),32.35,-114.65,32.3137,-114.4657,71.39,Clear(1.3),waterbody,OK(30),"1,4,8,8,16,16,16,4",2025-08-04,O,O,O,O,-0.1,32.364967,-0.014967,-114.664755,0.014755,,"FEE: 4,4,4,5,6,5,5,7,7,5,5,6,6,6,6,7,7
CEM: 4,5,6,6,3,6,4,5,6,5,4,6,6,5,5,4,5,6,5,6,6,6,6,6,6,7,6,6,6,7,7,6",,,,,
79,2025-07-25,libya_2(africa),cal/val,2025-07-28T09:45:22.772(1753695922772),-4,1.9758,,desc(↓),25.05,20.48,25.0732,20.3241,74.97,Clear(0.0),-,OK(13),"1,4,8,8,16,16,16,4",,,,,,,,,,,,,,,,,
78,,mt_st_helens(usa),mountain,2025-07-27T19:28:41.250(1753644521250),-4,-9.0447,,desc(↓),46.1905,-122.1837,46.0469,-121.2545,61.18,Clear(12.7),waterbody,OK(13),"1,4,8,8,16,16,16,4",2025-08-03,O,O,O,O,-1.7,46.302122,-0.111622,-122.207964,0.024264,,"FEE: -1,0,0,1,2,1,0,0,1,1,1,1,1,2,2,2,3
CEM: 0,1,2,1,1,1,1,1,1,1,2,1,1,1,2,2,1,0,1,1,1,2,3,2,2,1,3,1,2,3,2,3",,,,,
77,,lahaina(hawaii),normal,2025-07-26T21:31:21.557(1753565481557),-4,1.7635,,desc(↓),20.8845,-156.6818,20.9066,-156.8164,75.39,Clear(0.6),waterbody,OK(17),"1,4,8,8,16,16,16,4",2025-08-06,O,O,O,,-0.8,20.911677,-0.027177,-156.637106,-0.044694,O,"FEE: -2,-1,-1,0,0,1,1,1,1,0,0,3,3,1,1,1,2,3
CEM: 1,1,-1,1,-1,0,-1,1,1,0,0,1,0,1,1,0,-1,1,1,0,0,1,1,2,1,1,0,1,1,2,3,2,2",,,,"# 3. Telemetry
[HEALTH CHECK Logs]
4-0-8 / Time : 2025-07-26T21:31:19.750
   [FAIL]--C_FEESmps - Actual : ( 519 ) -- Expected : ( off : { 0 ~ 25 }, on : { 190 ~ 507 } )",
76,2025-07-23,negev(asia),cal/val,2025-07-26T08:52:23.617(1753519943617),-4,7.2191,,desc(↓),30.11,35.01,30.2145,34.414,73.7,Clear(0.0),waterbody,OK(13),"1,4,8,8,16,16,16,4",2025-08-05,O,O,O,,3,29.857089,0.252911,35.033141,-0.023141,,"FEE: 0,1,1,2,2,2,3,2,2,2,3,3,3,4,4,4,4,4
CEM: 2,3,0,1,1,1,3,2,3,2,3,3,3,3,2,3,2,3,3,4,2,3,3,3,2,3,4,3,4,4,3,6,5",,,,,
75,,pyongsan(north_korea),issue,2025-07-25T02:53:17.658(1753411997658),-4,7.4067,,desc(↓),38.3118,126.4306,38.4304,125.758,68.66,Clear(0.0),waterbody,OK(27),"1,4,8,8,16,16,16,4",2025-08-01,O,O,O,O,2,38.145087,0.166713,126.435911,-0.005311,,"FEE: 0,1,1,2,3,3,3,2,2,2,3,3,3,5,5,4,4,4
CEM: 1,2,1,1,3,3,2,3,1,4,2,3,3,2,3,2,3,2,3,1,3,2,2,3,3,3,3,4,5,3,3,3,3","2.5,0,0,0,0,0,0,0",,"(-6, -79)",,
74,,railroad_valley_playa(usa),cal/val,2025-07-24T19:00:23.024(1753383623024),-4,3.3073,,desc(↓),38.5,-115.69,38.5538,-115.9895,68.42,Clear(1.0),waterbody,OK(27),"1,4,8,8,16,16,16,4",2025-07-31,O,O,O,,0.8,38.457096,0.042904,-115.678118,-0.011882,,"FEE: 3,4,5,5,5,6,5,6,6,5,5,6,6,6,7,7,8
CEM: 5,5,3,6,4,4,5,4,4,5,4,6,6,6,6,4,6,6,6,5,6,6,6,7,6,8,7,8,6,6,8,6","97.6,0,0.1,0,0,0,0,0",,"(49, -57)",,
73,2025-07-21,between_qingdao_and_huangdao_district(asia),cal/val,2025-07-24T03:15:14.267(1753326914267),-4,4.6297,,desc(↓),36.152,120.221,36.2209,119.8127,70.29,Clear(0.0),waterbody,OK(33),"1,4,8,8,16,16,16,4",2025-07-30,O,O,O,,0.1,36.140316,0.011684,120.282175,-0.061175,O,"FEE: 3,4,5,5,6,6,5,6,6,6,6,6,9,9,7,7,7
CEM: 3,3,5,4,6,4,5,5,5,7,4,4,5,6,6,4,8,6,6,4,6,6,6,6,8,7,8,7,7,5,7,7","90.5,8.2,14.5,3.8,0.9,0,0,0",,"(59, -51)",,
72,,alert(canada),normal,2025-07-23T20:43:02.735(1753303382735),-4,1.1563,,desc(↓),82.5018,-62.3481,82.5866,-62.3804,22.67,Clear(2.1),waterbody,OK(27),"1,4,8,8,16,16,16,4",,,,,,,,,,,,,,,,,
71,,vancouver(canada),normal,2025-07-22T19:40:14.509(1753213214509),-4,1.1186,,desc(↓),49.1914,-123.1303,49.2156,-123.2494,59.89,Clear(18.3),waterbody,OK(10),"1,4,8,8,16,16,16,4",2025-08-01,O,O,O,,5.7,48.828063,0.363337,-123.261439,0.131139,,"FEE: 3,3,4,4,4,5,5,4,4,5,5,5,5,6,6,6,6,6
CEM: 4,5,3,3,4,4,5,4,5,3,3,6,6,6,5,5,5,4,4,4,6,5,5,5,6,6,6,6,7,6,7,6,6","1.9,0,0,0,0,0,0,0",,"(35, -60)",* 5초 이상 중심 좌표 오차 발생,
70,2025-07-18,algeria_3_pseudo_invariant_calibration_site(africa),cal/val,2025-07-21T10:39:08.037(1753094348037),-4,-0.7733,,desc(↓),30.32,7.66,30.3152,7.7247,73.82,Clear(0.0),waterbody,OK(13),"1,4,8,8,16,16,16,4",,,,,,,,,,,,,,,,,
69,,salon_de_provence(europe),cal/val,2025-07-20T10:56:57.176(1753009017176),-4,-8.6985,,desc(↓),43.606,5.12,43.468,5.9774,64.8,Clear(1.3),waterbody,OK(17),"1,4,8,8,16,16,16,4",2025-07-24,O,O,O,,1,43.560882,0.045118,5.095646,0.024354,,"FEE: 4,4,5,6,5,6,5,6,6,6,6,6,8,8,7,7,7
CEM: 4,6,6,5,6,3,4,6,5,6,6,6,6,6,6,6,7,6,6,6,7,5,6,5,6,8,8,7,8,6,8,8","59.1,4.7,7.6,3.3,2,0.3,0,0",,"(76, -80)",,
68,2025-07-16,baghdad(iraq),issue,2025-07-19T08:11:49.423(1752912709423),-4,-9.5499,,desc(↓),33.257,44.231,33.1085,45.046,72.15,Clear(0.0),-,OK(13),"0,4,8,8,0,0,0,4",2025-07-24,O,O,O,O,0,33.264381,-0.007381,44.191735,0.039265,,"FEE: -1,0,0,1,2,1,2,1,1,1,1,1,2,2,2,2,2
CEM: 1,1,0,1,1,3,1,2,3,0,1,1,1,1,1,3,2,2,1,1,1,1,1,3,3","-,0,0,0,-,-,-,0",,"(46, -42)",,
67,,helsinki(finland),normal,2025-07-18T10:00:29.788(1752832829788),-4,-7.5567,,desc(↓),60.1698,24.9409,60.0094,26.0062,50.5,Clear(2.3),waterbody,OK(20),"1,4,8,8,16,16,16,4",2025-07-27,O,O,O,,-0.1,60.186451,-0.016651,24.833712,0.107188,,"FEE: -1,0,1,1,2,2,0,1,1,2,2,2,2,2,3,3,3
CEM: 0,0,1,2,1,1,1,1,1,2,1,2,1,2,2,2,3,1,3,1,3,1,3,2,2,1,4,1,2,3,3,3","0.2,0,0,0,0,0,0,0",,"(27, -81)",,
66,2025-07-14,hormuz(iran),issue,2025-07-17T07:21:42.165(1752736902165),-4,7.4495,,desc(↓),25.7805,56.9144,25.8845,56.325,76.19,Clear(3.6),waterbody,OK(24),"1,4,8,8,16,16,16,4",2025-07-22,O,O,O,,-,-,-,-,-,,"FEE: 1,1,2,3,3,3,2,2,2,3,3,3,3,3,4,4,4
CEM: 3,2,4,3,4,2,4,3,3,3,3,3,3,1,3,3,3,3,3,4,3,2,3,3,3,3,3,3,3,4,4,5","98,0,0,0,0,0,0,0",,"(111, -61)",* 촬영 지역이 바다라서 중앙 식별이 어려움,
65,,durrat_al_bahrain(bahrain),landmark,2025-07-16T07:42:59.536(1752651779536),-4,-4.6357,,desc(↓),25.8334,50.6139,25.7628,50.979,75.41,Clear(0.0),waterbody,OK(27),"1,4,8,8,16,16,16,4",2025-07-21,O,O,O,,0,25.827224,0.006176,50.618104,-0.004204,,"FEE: 0,1,1,1,2,2,2,1,2,2,3,3,3,3,3,3,4,4
CEM: 2,1,1,1,1,3,3,-1,1,1,2,3,1,3,3,2,1,3,2,3,1,3,3,3,3,4,4,4,3,3,3,4,4","28,0,0,0,0,0,0,0",,"(125, -58)",,
64,,edwards_air_force_base(california),cal/val,2025-07-15T19:03:54.231(1752606234231),-4,-2.622,,desc(↓),34.954,-117.873,34.9107,-117.6471,72.05,Clear(1.0),waterbody,OK(10),"1,4,4,8,16,16,16,4",2025-07-21,O,O,O,,-1,35.015141,-0.061141,-117.870386,-0.002614,,"FEE: 2,2,4,4,4,4,3,3,4,4,4,4,5,5,5,5,6
CEM: 3,2,3,3,3,4,3,3,4,3,4,3,3,4,3,4,3,4,4,4,5,6,6,6,5,6,3,4,4,5,5,5","100,0,0,0,0,0,0,0",,"(54, -48)",,
63,2025-07-11,mauritania_2(africa),cal/val,2025-07-14T11:35:58.373(1752492958373),-4,-9.5221,,desc(↓),20.85,-8.78,20.719,-8.0502,74.84,Clear(0.0),-,OK(22),"1,4,8,8,16,16,16,4",2025-07-21,O,O,O,,-,-,-,-,-,,"FEE: 3,4,5,5,5,5,5,7,7,5,6,6,6,6,6,9,9
CEM: 5,5,6,5,6,6,5,6,6,6,6,4,6,6,6,5,4,6,4,6,6,7,6,4,6,6,7,8,7,6,6,5","100,0,0,0,0,0,0,0",,"(196, -74)",* 이미지 중앙 값이 찾기 어려움,
62,,inuvik(canada),normal,2025-07-13T21:11:51.276(1752441111276),-4,9.4673,,desc(↓),68.3607,-133.7218,68.6273,-135.4841,43.29,Clear(5.0),waterbody,OK(20),"1,4,8,8,16,16,16,4",,,,,,,,,,,,,,,,,
61,2025-07-09,jamsil_complex,landmark,2025-07-12T02:46:25.939(1752288385939),-4,-1.6705,,desc(↓),37.5151,127.0724,37.4918,127.2223,70.95,Clear(5.0),waterbody,OK(23),"1,4,8,8,16,16,16,4",2025-07-14,O,O,O,,0,37.522204,-0.007104,127.112972,-0.040572,,"FEE: 1,2,2,3,4,4,2,3,5,5,4,4,4,4,4,5,5
CEM: 3,4,5,2,3,4,3,4,3,3,3,3,2,3,3,3,3,3,3,3,3,6,4,3,4,4,4,5,5,5,3,6","23,0,0,0,0,0,0,0",,"(93, -60)",,
60,,hoover_dam,landmark,2025-07-11T18:53:52.552(1752260032552),-4,2.2253,,desc(↓),36.0163,-114.7377,36.0518,-114.9323,72.17,Clear(1.7),waterbody,OK(17),"1,4,8,8,16,16,16,4",2025-07-15,O,O,O,,0.8,35.968988,0.047312,-114.723517,-0.014183,,"FEE: 2,2,3,4,4,4,5,4,5,6,4,5,6,5,5,5,6,8
CEM: 2,4,3,3,3,3,3,3,3,3,3,3,3,3,4,4,5,3,4,5,3,3,6,6,6,5,5,5,4,6,6,6,6","99,0,0,0,0,0,0,0",,"(71, -37)",,
59,,lake_tahoe(usa),cal/val,2025-07-10T19:14:17.653(1752174857653),-4,-6.0131,,desc(↓),39,-120,38.9098,-119.4491,69.9,Clear(1.7),waterbody,OK(17),"1,4,8,8,16,16,16,4",,,,,,,,,,,,,,,,,
58,2025-07-07,baghdad(iraq),issue,2025-07-10T08:13:40.126(1752135220126),-4,-3.9321,,desc(↓),33.257,44.231,33.1934,44.5635,73.61,Clear(6.4),-,OK(13),"0,4,8,8,0,0,0,4",,,,,,,,,,,,,,,,,
57,,jakarta(indonesia),normal,2025-07-10T03:40:16.728(1752118816728),-4,-7.5217,,desc(↓),-6.0589,106.6992,-6.1642,107.2417,55.86,Clear(18.5),-,OK(13),"0,4,8,8,0,0,0,4",2025-07-14,-,O,X,,-,-,-,-,-,O,"FEE: 5,5,6,7,7,7,6,6,6,6,7,7,9,9,7,9
CEM: 6,5,7,6,6,6,5,8,6,6,6,7,7,6,6,8,7,6,7,6,7,6,6,7",,,,"* 이미지는 받았으나, 자세 제어 이슈로 이미지 식별 불가",
56,,uyuni_salt_flats(south_america),cal/val,2025-07-09T15:07:20.291(1752073640291),-4,-5.8962,,desc(↓),-20.38,-66.95,-20.4609,-66.4958,42.49,Clear(0.0),waterbody,OK(13),"1,4,8,8,16,16,16,4",,,,,,,,,,,,,,,,,
55,,alert(canada),normal,2025-07-08T21:17:43.076(1752009463076),-4,1.2603,,asc(↑),82.5018,-62.3481,82.5935,-62.2524,24,Clear(5.0),waterbody,OK(27),"1,4,8,8,16,16,16,4",2025-07-09,O,O,O,,-,-,-,-,-,O,"FEE: 4,4,5,5,5,5,5,5,5,5,5,6,6,6,6,6,7
CEM: 6,4,5,4,5,5,3,6,6,5,4,4,3,6,5,5,4,5,6,4,6,6,6,4,7,6,6,6,7,6,7,8",,,,"* 이미지에 구름이 많이 있어, 위치 오차계산 어려움",
54,2025-07-04,natanz_nuclear_facility(iran),issue,2025-07-07T07:42:24.783(1751874144783),-4,-8.368,,desc(↓),33.7247,51.7251,33.5963,52.44,73.44,Clear(0.0),-,OK(24),"0,4,8,8,0,0,0,4",2025-07-07,O,O,O,,0.8,33.768909,-0.044209,51.717824,0.007276,,"FEE: -1,-1,0,1,1,1,0,0,0,1,1,1,3,4,2,2
CEM: 0,1,0,0,1,2,0,1,1,0,1,1,0,0,1,2,1,2,1,2,3,2,1,1",,,,,
53,,edwards_air_force_base(california),cal/val,2025-07-06T19:05:19.105(1751828719105),-4,1.7495,,desc(↓),34.954,-117.873,34.9792,-118.0247,73.37,Clear(1.3),waterbody,OK(20),"1,4,8,8,16,16,16,4",2025-07-12,O,O,O,,-1.2,35.035678,-0.081678,-117.828728,-0.044272,,"FEE: -1,0,1,1,2,2,1,2,2,1,2,3,2,2,2,2,3
CEM: 0,2,-1,2,2,1,1,0,1,0,0,2,2,2,1,1,0,1,2,0,0,1,2,2,2,4,3,3,3,3,3,3",,,,,
52,2025-07-02,------------- GPU mission inserted : mission start time - 2025-07-05 22:00:00+00:00 -------------,,,,,,,,,,,,,,,-,2025-07-07,-,O,-,,-,-,-,-,-,-,-,,,,* GPU 모드 첫 성공,
51,,mauritania_1(africa),cal/val,2025-07-05T11:37:37.602(1751715457602),-4,-7.7989,,desc(↓),19.4,-9.3,19.2842,-8.7116,74.67,Clear(1.4),-,OK(22),"1,4,8,8,16,16,16,4",2025-07-09,O,O,O,,-,-,-,-,-,,"FEE: 1,1,2,2,3,3,3,2,2,3,3,3,3,3,3,4,4,4
CEM: 3,1,3,1,1,2,2,2,2,1,1,2,3,3,2,2,1,3,3,4,3,3,4,3,4,4,3,3,3,3,3,4,5",,,,* 사막 지역이라 위치 오차계산 어려움,
50,,------------- GPU mission inserted : mission start time - 2025-07-04 22:00:00+00:00 -------------,,,,,,,,,,,,,,,-,2025-07-07,-,O,-,,-,-,-,-,-,-,-,,,,* GPU 모드 첫 성공,
49,,white_sands(usa),cal/val,2025-07-04T18:13:32.170(1751652812170),-4,-9.9319,,desc(↓),32.92,-106.35,32.7715,-105.504,73.98,Clear(7.0),waterbody,OK(20),"1,4,8,8,16,16,16,4",2025-07-04,O,O,O,,1,32.9672,-0.0472,-106.384941,0.034941,,"FEE: 2,3,4,4,4,5,4,4,4,4,5,5,5,5,6,6,6
CEM: 5,5,4,4,3,3,4,3,3,4,4,5,4,3,5,4,6,5,3,6,6,5,5,5,6,6,5,7,6,6,6,6",,,,,
48,2025-06-30,alegria_5(africa),cal/val,2025-07-02T11:03:10.152(1751454190152),-4,5.4645,,desc(↓),31.02,2.23,31.1062,1.7777,75.94,Clear(18.9),-,OK(43),"1. cal/val 타겟 
- 8채널 [2,4,8,16,8,8,8,8]
2. waterbody 타겟
- 8채널 [2,4,8,16,8,8,8,8]
3. 나머지
- 4채널 [0,4,8,8,0,0,0,8]",2025-07-03,O,O,O,,-,-,-,-,-,,"FEE: 1,1,3,3,3,3,2,3,3,3,3,3,3,4,4,5,5
CEM: 3,3,2,2,2,2,2,3,2,3,3,4,3,2,2,4,3,4,3,3,5,3,4,4,5,4,4,4,3,4,4,6",,,,"* 은동님 미션 계획 시작
* 사막 지역이라 위치 오차계산 어려움",
47,,libya_3(africa),cal/val,2025-07-02T09:30:41.822(1751448641822),-4,-6.1143,,desc(↓),23.15,23.1,23.0621,23.573,75.99,Clear(3.2),-,OK(43),,,,,,,,,,,,,,,,,"* 탑재체 미션 파일 내에 미션 순서를 내림차순으로 변경하는 실수가 있어, 마지막 날짜의 미션 외에는 수행되지 못함",
46,,bordeaux(france),normal,2025-07-01T11:20:35.918(1751368835918),-4,-8.263,,desc(↓),44.8257,-0.5305,44.6861,0.2978,66.35,Clear(0.0),waterbody,OK(13),,,,,,,,,,,,,,,,,,
45,,baghdad(iraq),issue,2025-07-01T08:14:26.589(1751357666589),-4,-1.3096,,desc(↓),33.257,44.231,33.239,44.3424,74.62,Clear(0.0),waterbody,OK(13),,,,,,,,,,,,,,,,,,
44,,alert(canada),normal,2025-06-30T20:57:27.041(1751317047041),-4,-1.4878,,desc(↓),82.5018,-62.3481,82.6111,-62.3265,25.34,Clear(5.0),waterbody,OK(13),,,,,,,,,,,,,,,,,* SatRev 다운링크 스케줄을 위해 취소됨 (SatRev에서 미션 시간 24시간 전 예약을 요청함),
43,,barreal_blanco(south_america),cal/val,2025-06-30T15:11:02.477(1751296262477),-4,-1.6379,,desc(↓),-31.86,-69.45,-31.8788,-69.3094,30.91,Clear(0.6),-,OK(13),,,,,,,,,,,,,,,,,,
42,2025-06-27,isfahan_nuclear_tech_enter(iran),issue,2025-06-28T07:43:04.012(1751096584012),-4,-2.6269,,desc(↓),32.5785,51.8258,32.537,52.0456,75.08,Clear(0.0),-,OK(30),,2025-06-30,O,O,O,,0.5,32.623,-0.0445,51.8715,-0.0457,,"FEE: -1,0,0,0,1,1,0,0,1,1,1,1,1,1,3,2
CEM: 0,0,0,0,1,-1,1,1,1,1,1,1,1,1,1,1,2,1,1,1,2,2,2,1",,,,"* 타겟 카테고리 및 WaterBody 필드 관리 시작
* cal/val 및 waterbody 타겟인 경우 8채널(2,4,8,16,8,8,8,8) 촬영 자동화
* 영하 온도 최초로 내려감",
41,,longyearbyen(svalbard),normal,2025-06-28T12:14:20.473(1751112860473),-4,-5.0185,,desc(↓),78.2232,15.6469,77.9962,17.0623,34.36,Clear(5.0),waterbody,OK(23),,2025-07-04,O,O,O,,1,78.175677,0.047523,15.296067,0.350833,,"FEE: -1,0,0,1,2,2,2,1,1,1,1,2,4,3,2,3,3,3
CEM: 1,1,1,0,1,3,1,1,0,2,0,2,1,1,1,2,1,1,-1,2,3,2,3,2,1,3,2,3,2,3,3,3,3",,,,,
40,,andong,korea-dam,2025-06-29T02:37:12.457(1751164632457),-4,-5.648,,desc(↓),36.5848,128.7739,36.5023,129.2747,72.68,Clear(0.0),waterbody,OK(27),,2025-06-30,O,O,O,,0,36.5828,0.002,128.7627,0.0112,,"FEE: 0,1,2,2,2,3,3,2,2,2,3,3,3,3,4,4,4,4
CEM: 2,2,3,2,3,3,1,1,1,3,1,2,1,4,3,2,2,2,2,1,1,3,1,2,3,3,4,3,1,4,3,3,3",,,,"* 최초 한국 촬영
* 거의 정확한 지역이 촬영 됨",
39,,suez_canal,landmark,2025-06-29T08:57:13.038(1751187433038),-4,-9.5241,,desc(↓),30.5422,32.3397,30.4043,33.1306,75.37,Clear(0.0),waterbody,OK(23),,2025-07-10,O,O,,,-1,30.581687,-0.039487,32.294816,0.044884,,"FEE: -2,-1,0,0,1,2,0,0,1,1,1,1,2,2,2,4,4
CEM: 1,2,1,-1,1,0,1,1,0,1,0,1,0,1,1,2,1,1,3,2,2,1,1,3,2,2,3,2,3,3,3,3",,,,,
38,,sandonaci(italy),normal,2025-06-30T10:08:06.046(1751278086046),-4,5.327,,desc(↓),40.4436,17.9126,40.5237,17.4138,70.38,Clear(0.0),waterbody,OK(13),,,,,,,,,,,,,,,,,,
37,,libya_1(africa),cal/val,2025-06-30T10:12:21.869(1751278341869),-4,-0.1186,,desc(↓),24.42,13.35,24.421,13.3594,76.7,Clear(0.0),-,OK(13),,,,,,,,,,,,,,,,,,
36,2025-06-24,puvirnituq(canada),Normal,2025-06-24T16:52:36.842(1750783956842),-4,-1.192,,desc(↓),60.0422,-77.2789,60.0204,-77.1099,53.2,Clear(6.1),-,OK(27),"0,4,8,8,0,0,0,8",,,,,,,,,,,,,,,,,
35,,regina(canada),Normal,2025-06-24T18:29:46.282(1750789786282),-4,6.2941,,desc(↓),50.4452,-104.6189,50.5576,-105.3201,62.27,Clear(17.0),-,OK(27),"0,4,8,8,0,0,0,8",,,,,,,,,,,,,,,,,
34,,------------- GPU mission inserted : mission start time - 2025-06-25 01:00:00+00:00 -------------,,,,,,,,,,,,,-,,-,,,,,,,,,,,,,,,,,
33,,------------- GPU mission inserted : mission start time - 2025-06-25 13:00:00+00:00 -------------,,,,,,,,,,,,,-,,-,,,,,,,,,,,,,,,,,
32,,chesapeake_bay_bridge_and_tunnel(usa),Cal/Val,2025-06-26T16:16:52.585(1750954612585),-4,-5.8006,,desc(↓),37.034,-76.079,36.9473,-75.5617,72.54,Clear(12.0),-,OK(39),"2,4,8,16,8,8,8,8",2025-06-30,O,O,O,,0.5,37.0617,-0.0277,-76.114,0.035,,"FEE: 4,5,6,6,6,7,7,6,6,6,7,7,7,7,7,7,7,7
CEM: 3,5,6,6,6,6,6,6,6,6,6,6,8,6,6,7,6,7,7,7,7,6,8,7,7,7,8,7,8,9,8,9,8",,,,* 첫 8채널 촬영,
31,,apple_park(usa),Randmark,2025-06-26T19:25:56.688(1750965956688),-4,7.9577,,desc(↓),37.3346,-122.009,37.4562,-122.7238,72.98,Clear(2.0),-,OK(39),"0,4,8,8,0,0,0,8",,,,,,,,,,,,,,,,,
30,,norilsk(russia),Normal,2025-06-27T06:19:32.070(1751005172070),-4,-0.5128,,desc(↓),69.3501,88.192,69.3318,88.2852,43.94,Clear(16.8),-,OK(30),"0,4,8,8,0,0,0,8",2025-07-03,O,O,O,,-,-,-,-,-,O,"FEE: 2,3,4,4,5,4,4,4,4,4,4,4,4,5,5,5
CEM: 4,4,4,5,2,4,3,4,5,5,4,3,3,5,3,5,3,3,4,4,6,5,4,6",,,,"* 이미지에 구름이 많이 있어, 위치 오차계산 어려움",
29,,namibia_desert_2(africa),Cal/Val,2025-06-27T09:51:50.429(1751017910429),-4,-9.4339,,desc(↓),-17.33,12.05,-17.4626,12.7649,44.59,Clear(4.4),-,OK(30),"0,4,8,8,0,0,0,8",,,,,,,,,,,,,,,,,
28,2025-06-20,uyuni_salt_flats(south_america),Cal/Val,2025-06-21T15:07:29.387(1750518449387),-4,-4.546,,desc(↓),-20.38,-66.95,-20.4505,-66.6024,41.83,Clear(0.0),-,OK(23),"2,4,8,16,8,8,8,8",2025-07-03,O,O,O,,0.8,-20.420067,0.040067,-66.982109,0.032109,,"FEE: 6,7,7,8,8,8,9,7,7,8,8,8,8,8,9,9,9,9
CEM: 6,9,7,8,8,8,7,8,8,9,6,7,8,8,7,8,7,9,8,8,8,8,10,8,8,10,10,9,10,9,8,10,10",,,,,
27,,dunhuang(asia),Cal/Val,2025-06-22T05:02:55.762(1750568575762),-4,7.7803,,desc(↓),40.13,94.34,40.2567,93.6145,71.14,Clear(0.0),-,OK(13),"0,4,8,16,0,0,0,8",,,,,,,,,,,,,,,,"* 미션 수행 하지 못함 (아래는 SatRev 측 노트)

>> due to unreliable UHF contact (potential signal jamming) in the day preceding the imaging missions we could not skip the scheduled reset, which would be a normal operating procedure. As a result the platform has reset shortly before the imaging and the OBC was not turned on until the following comms session. ",
26,,baghdad(iraq),Issue,2025-06-22T08:14:00.327(1750580040327),-4,-2.1595,,desc(↓),33.257,44.231,33.2287,44.4152,75.1,Clear(0.0),-,OK(13),"0,4,8,8,0,0,0,8",,,,,,,,,,,,,,,,,
25,,hoover_dam,Normal,2025-06-23T18:54:33.350(1750704873350),-4,4.8748,,desc(↓),36.0163,-114.7377,36.0889,-115.1666,73.86,Clear(1.3),-,OK(22),"2,4,8,8,8,8,8,8",,,,,,,,,,,,,,,,,
24,2025-06-19,alert(canada),Normal,2025-06-19T20:04:34.469(1750363474469),0,-1.5905,,desc(↓),82.5018,-62.3481,82.3877,-62.1461,27.19,Clear(5.0),-,OK(27),"0,4,8,8,0,0,0,8",,,,,,,,,,,,,,,,"* NIR 밴드(MS7) 촬영 시작
* 기존 촬영(ID=20, Time Offset -4)에서 실제 촬영지를 식별할 수 없어 Time Offset 없이 재 촬영
* 현재 위치 오차가 geodetic 좌표와 geocetric 좌표의 차이로 인한 것이라는 가설을 가지고 있는데, 고위도로 갈 수록 두 좌표계의 오차가 거의 없어진다는 사실로부터 위 가설을 검증하려고 함",
23,,barentsburg(svalbard),Normal,2025-06-19T12:13:37.923(1750335217923),0,-7.238,,desc(↓),78.0667,14.2333,77.7467,16.2806,34.76,Clear(8.8),-,OK(17),"0,4,8,8,0,0,0,8",,,,,,,,,,,,,,,,* NIR 밴드(MS7) 촬영 시작,
22,2025-06-16,alert(canada),Normal,2025-06-16T22:40:25.131(1750113625131),-4,-7.6857,,asc(↑),82.5018,-62.3481,81.9786,-64.0171,22.19,Clear(5.3),-,OK(37),"0,4,8,8,0,0,0,0",2025-06-24,O,O,O,,0.4,82.530944,-0.029144,-62.031896,-0.316204,,"FEE: 6,7,7,8,8,8,7,7,7,7,7,7,8,9,8,9
CEM: 9,8,7,8,8,8,9,10,10,8,6,8,9,9,9,8,8,9,9,8,9,9",,,,"* 미션 계획 시, 밀리초 단위까지 보도록 수정
* 처음으로 상승 궤도에서 촬영됨
* 첫 하루 2개 촬영 미션
* 검보정 지역 촬영 시작",https://drive.google.com/drive/folders/1Z-f-x703AnwgNtx_wa1kx4vqM6MTuivb?usp=drive_link
21,,mauritania_2(africa),Cal/Val,2025-06-17T11:36:17.010(1750160177010),-4,-7.2188,,desc(↓),20.85,-8.78,20.7437,-8.23,75.94,Clear(0.0),-,OK(27),"0,4,8,8,0,0,0,0",2025-06-18,O,O,O,,-,,,,,,"FEE: 7,7,8,8,9,9,8,8,8,8,9,9,9,9,9,9
CEM: 9,8,7,8,9,9,8,8,8,9,10,8,8,10,8,9,8,9,10,11,10,11",,,,* 실제 촬영 지역 식별이 어려움,https://drive.google.com/drive/folders/1GX1eFRk_kCyk4vvD7Pp_e7r8BkhbilVb?usp=drive_link
20,,alert(canada),Normal,2025-06-17T19:12:06.001(1750187526001),-4,-9.6672,,desc(↓),82.5018,-62.3481,81.8549,-60.0506,28.54,Clear(0.4),-,OK(7),"0,4,8,8,0,0,0,0",2025-06-18,O,O,O,,-,,,,,,"FEE: 7,7,8,8,8,9,8,8,8,8,8,8,9,9,9,9
CEM: 8,8,8,8,7,9,6,8,8,8,8,8,10,8,8,8,8,8,8,10,8,8",,,,* 실제 촬영 지역 식별이 어려움,https://drive.google.com/drive/folders/1aipL9m2XJTt9oJAtQcw6h0nBrUQje2zX?usp=drive_link
19,,ny_alesund(svalbard),Normal,2025-06-18T12:34:13.398(1750250053398),-4,-7.9978,,desc(↓),78.9236,11.9236,78.5443,14.2522,33.74,Clear(18.9),-,OK(27),"0,4,8,8,0,0,0,0",2025-06-19,O,O,O,,0.2,78.9247,-0.0011,11.7679,0.1557,,"FEE: 4,4,5,6,6,7,7,5,7,7,6,7,7,6,6,7,7
CEM: 6,6,6,5,6,7,4,7,5,6,6,6,7,7,6,6,7,6,6,6,8,6,8",,,,"* 미션 계획 시, 밀리초 단위까지 보도록 수정
* 시간 오차 0.2초
* 현재 위치 오차가 geodetic 좌표와 geocetric 좌표의 차이로 인한 것이라는 가설을 가지고 있는데, 고위도에서도 동일한 -4초 정도의 시간 오차를 가지는 것으로보아 위 가설은 틀린 것으로 보인다. (몇 번 더 실험 필요)",https://drive.google.com/drive/folders/11X2UE2KL0bFYtTrVrra3XjUNel3x42kC?usp=drive_link
18,,rogers_dry_lake(usa),Cal/Val,2025-06-18T19:04:43.746(1750273483746),-4,1.0181,,desc(↓),34.96,-117.86,34.9811,-117.9464,74.46,Clear(0.3),-,OK(17),"0,4,8,8,0,0,0,0",2025-06-25,O,O,O,,-0.6,34.9992,-0.0392,-117.8149,-0.0451,,"FEE: 3,4,5,5,5,6,5,5,5,5,5,5,5,5,6,6
CEM: 6,4,6,4,5,6,6,5,4,6,6,6,6,6,6,5,5,5,8,6,6,6",,,,,
17,,novosibirsk(russia),Normal,2025-06-19T06:01:39.402(1750312899402),-4,-2.8962,,desc(↓),55.0293,82.9219,54.9811,83.2815,57.97,Clear(8.1),-,OK(22),"0,4,8,8,0,0,0,0",2025-07-02,O,O,O,,0.8,54.9863,0.043,82.8212,0.1007,,"FEE: 4,5,6,6,6,7,7,6,6,6,7,7,7,7,7,7,7
CEM: 5,6,6,6,6,6,6,6,6,6,6,6,6,6,6,6,7,7,8,8,7,6,6",,,,,https://drive.google.com/drive/folders/1v9p26Fn1JcegdmHhOYWs2lSvnjOAXsmN?usp=drive_link
16,,king_fahd_causeway(asia),Cal/Val,2025-06-19T07:43:57.021(1750319037021),-4,-4.4404,,-4.4404,26.182,50.338,26.114,50.6889,77,Clear(0.0),-,OK(22),"0,4,8,8,0,0,0,0",,,,,,,,,,,,,,,,"* 미션 수행 하지 못함 (아래는 SatRev 측 노트)

>> ADCS failed to enter the NADIR control mode due to the pitch value exceeding ADCS regulator's maximum. The wheels saturated and as a result, the entire task failed. ADCS regulators inability to work with large error values is a known limitation confirmed by CubeSpace, and with the our incoming adcs-service software  update we plan to prevent that from happening in the future.  ",
15,2025-06-12,kin_kora(australia),Normal,2025-06-13T00:34:17.644(1749774857644),-4,1.3141,,desc(↓),-23.8754,151.2523,-23.8537,151.1496,39,Clear(0.0),-,OK(37),"0,4,8,8,0,0,0,0",2025-06-13,O,O,O,,0.6,,,,,,"FEE: 1,1,2,2,3,3,2,2,2,4,4,3,3,4,3,4
CEM: 2,3,2,2,3,3,3,3,3,3,3,3,3,3,2,3,3,3,3,4,3,4",,,,"* FEE 최저 온도 (1도)
* 태양 고도 39도로, 최저 고도
* -4초 오프셋 적용 시, 거의 100% 중심 좌표 일치, 약 0.6초 차이 나는 것은 FSW에서 캡처 시작 시간의 소수점 이하 자리를 버리는 것 연관된 것으로 보임",https://drive.google.com/drive/folders/1XOZ27PP-Hx1tGzXz61U7D4ci1s5XdSIi?usp=drive_link
14,2025-06-10,st_peter_basilica,Normal,2025-06-11T10:26:07.6(1749637567000),-3,-7.03,,desc(↓),41.9,12.45,41.79,13.13,69.12,Clear(1.8),-,OK(23),"0,4,8,8,0,0,0,0",2025-06-17,O,O,O,,0.6,,,,,,"FEE: 3,3,3,4,5,5,4,4,4,4,5,5,5,5,5,5
CEM: 4,5,4,2,5,4,3,5,6,3,3,4,4,5,3,6,4,4,6,4,5,5",,,,"* Time Offset 약 0.6초는 미션 계획 시, 소수점을 버리는 것과 연관된 것으로 판단됨",https://drive.google.com/drive/folders/120ftGxeGFOYhg8SbuoS-JeLOSlP8BlBP?usp=drive_link
13,,sandonaci(italy),Normal,2025-06-12T10:05:45(1749722745000),-3,0,,desc(↓),40.44,17.91,40.44,17.91,70.56,Clear(0.0),-,OK(20),"0,4,8,8,0,0,0,0",2025-06-12,O,O,O,,0.9,,,,,,"FEE: 2,3,4,4,5,5,4,4,4,4,5,5,5,5,5,6
CEM: 5,4,4,5,4,3,4,5,5,4,3,3,5,5,5,3,7,6,6,5,5,3",,,,"* - 3초 오프셋 적용 후 1초 오차 내로 타겟 촬영
* 현재 기준으로 최저 FEE 온도로 촬영 시작 (2도)
* FSW에 촬영 시작을 1200ms 주기로 폴링하는 문제 확인
* 미션 계획 시, 촬영 시작 시간에 소수점 자리가 잘리는 문제 확인 (개선완료)",https://drive.google.com/drive/folders/1VX-c0QojOX3zA5lZNWW3yYvZMjUTQS5B?usp=drive_link
12,2025-06-04,indo(conflict_zone),Normal,2025-06-05T06:14:03(1749104043000),0,6.95,,desc(↓),32.72,74.85,32.83,74.27,75.8,Clear(0.0),-,OK(33),"0,4,8,8,0,0,0,0",,,,,,,,,,,,,,,,MCS 운영 실수로 미션 업로드 실패,
11,,geumgangsan,Normal,2025-06-06T02:42:40(1749177760000),0,-4.57,,desc(↓),38.42,127.79,38.36,128.21,71.57,Clear(5.0),-,OK(33),"0,4,8,8,0,0,0,0",,,,,,,,,,,,,,,,MCS 운영 실수로 미션 업로드 실패,
10,,budapest(hungary),Normal,2025-06-07T10:12:33(1749291153000),0,8.48,,desc(↓),47.53,18.93,47.69,18.04,64.51,Clear(0.3),-,OK(24),"0,4,8,8,0,0,0,0",,,,,,,,,,,,,,,,MCS 운영 실수로 미션 업로드 실패,
9,2025-05-30,nasa_stennis ,Normal,2025-06-01T17:04:56(1748797496000),0,-8.45,,desc(↓),30.38,-89.62,30.27,-88.92,75.86,Clear(14.3),-,OK(20),"0,4,8,8,0,0,0,0",,,,,,,,,,,,,,,,,
8,2025-05-27,andong,Dam,2025-05-28T02:38:49(1748399929000),0,0.06,,desc(↓),36.58,128.77,36.59,128.77,72.21,Clear(5.0),-,OK(17),"0,4,8,8,0,0,0,0",,,,,,,,,,,,,,,,* 우주 날씨 악화로 운용하지 못함,
7,,budapest(hungary),Normal,2025-05-29T10:08:40(1748513320000),0,-0.05,,desc(↓),47.53,18.93,47.54,18.94,63.31,Partially cloudy(30.9),-,OK(30),"0,4,8,8,0,0,0,0",2025-06-10,O,O,O,,4,,,,,O,"FEE: 4,5,5,6,6,6,5,6,6,7,8,6,7,7,7,7
CEM: 6,4,7,6,6,6,5,6,6,5,6,6,6,6,6,6,8,6,6,6,6,6",,,,"* 구름 약 70%
* 초점 나름 준수 (FEE 온도는 4도에서 시작해서 8도까지 점진적으로 상승)
* 고객 요청 지역 촬영 성공 ",https://drive.google.com/drive/folders/1Ek9O-sBmykdzkVesUzhHJgiWUdGw1x5D?usp=drive_link
6,,jakarta(indonesia),Normal,2025-05-30T03:43:50(1748576630000),0,6.54,,desc(↓),-6.05,106.69,-5.97,106.23,57.53,Partially cloudy(89.1),-,OK(24),"0,4,8,8,0,0,0,0",,,,,,,,,,,,,,,,,
5,2025-05-26,indo(conflict_zone),Normal,2025-05-27T06:09:34(1748326174000),0,-5.54,,desc(↓),32.72,74.85,32.63,75.33,74.74,Clear(2.1),-,OK(27),"0,4,8,8,0,0,0,0",2025-06-12,O,O,O,,3,,,,,,"FEE: 6,6,7,7,7,8,7,7,7,7,7,7,8,8,8,8
CEM: 6,8,8,7,7,8,8,6,6,8,8,8,6,7,8,8,8,8,8,8,8,6",,,,첫 Tilting 촬영 성공,https://drive.google.com/drive/folders/149SVY98wfcJTTj-CMIaZ71zf-hhD_zC3?usp=drive_link
4,2025-05-22,paldang,Dam,2025-05-23T02:45:47(1747968347000),0,0.74,,desc(↓),37.52,127.27,37.54,127.21,70.77,Overcast(100.0),-,OK(20),"0,8,8,8,0,0,0,0",2025-05-23,-,-,,,,,,,,,,,,,"구름 100%, 나머지 이미지 수신 중단",
3,,ukraine(melitopol),Normal,2025-05-23T09:01:53(1747990913000),0,0.08,,desc(↓),46.81,35.41,46.82,35.41,62.98,Clear(6.1),-,OK(27),"0,8,8,8,0,0,0,0",2025-06-05,O,,O,,,,,,,,,,,,* 첫 16000 라인 촬영 이미지 다운로드 성공,https://drive.google.com/drive/folders/1rpk-pdPBEQsBqVTaejpIjk7VbaVW3pjL?usp=drive_link
2,2025-05-21,Australia           ,Normal,2025-05-22T03:14:44(1747883684000),0,0.06,,desc(↓),4.91,114.89,,,68.33,Partially cloudy(45.8),-,OK(24),"0,8,8,8,0,0,0,0",2025-06-16,O,,O,,,,,,,,,,,,,
1,,Turkey,Normal,2025-05-22T09:24:45.876(1747905885876),0,-1.7559,,desc(↓),37.3683,27.2693,37.3384,27.4264,70.72,Clear(16.2),-,OK(10),"0,8,8,8,0,0,0,0",2025-06-13,O,O,O,,8,,,,,,"FEE: 3,4,5,5,6,6,5,5,5,5,6,6,6,6,6,6
CEM: 5,5,3,5,4,6,3,4,5,6,6,6,5,6,4,6,4,6,5,5,6,8",,,,,https://drive.google.com/drive/folders/1W4NVFoVs1qaExTrom2nAEaBKL7RiTEPE?usp=drive_link
,,,,,,,,,,,,,,,-,,,,,,,,,,,,,,,,,,,
,,,,,,,,,,,,,,,-,,,,,,,,,,,,,,,,,,,
,,,,,,,,,,,,,,,-,,,,,,,,,,,,,,,,,,,
,,,,,,,,,,,,,,,-,,,,,,,,,,,,,,,,,,,
,,,,,,,,,,,,,,,-,,,,,,,,,,,,,,,,,,,
,,,,,,,,,,,,,,,-,,,,,,,,,,,,,,,,,,,
,,,,,,,,,,,,,,,-,,,,,,,,,,,,,,,,,,,