wavelength(nm),Band 1,Band 2,Band 3,Band 4,Band 5,Band 6,Band 7,PAN
399.9999999999995,3.6007942442547223e-07,1.8902542191160487e-07,1.337649948963405e-08,5.811891421661487e-08,-1.1224244492297409e-07,-1.9448007615415834e-07,-1.3065915665998646e-07,1.6306503519678145e-06
400.9999999999995,5.52907823347429e-07,7.46405896668336e-07,1.9818733953932548e-07,-8.030310798055306e-08,-3.300284165795156e-09,1.243519472731583e-07,-2.941341349235174e-07,2.9310727931304444e-06
401.9999999999995,4.112841142953872e-07,2.5717559781208634e-06,4.60462560385985e-08,5.003802158917835e-08,4.6739520434462475e-08,-6.250521713815012e-07,-2.229180547953659e-07,2.155530103860112e-06
402.9999999999995,1.4795680889173996e-06,6.305120565599207e-06,4.455204108456093e-06,2.3842381258250006e-07,3.545636338372373e-08,-1.3125433950133316e-07,9.171655887632885e-07,3.979995534106616e-06
403.9999999999995,4.005744605907245e-06,8.126987024521836e-06,8.865395858629092e-05,-6.421123956021528e-07,3.0915252130149685e-07,-1.5522487102886689e-06,4.107602252011886e-07,5.443988590113909e-06
404.9999999999995,2.87609369731515e-06,8.31929834177367e-06,5.140624187567361e-05,-5.472464897596525e-08,3.862231757094897e-07,-8.802767780231938e-07,1.9177431947687816e-06,7.42317002966312e-06
405.9999999999995,3.3703007622031907e-06,1.9616777270685076e-06,0.00041132188725505586,1.849566782325359e-07,2.6441056764164653e-07,1.1820052551700063e-06,5.347768640095701e-06,1.027271785824635e-05
406.9999999999995,2.581254974890835e-06,4.201801016587238e-06,0.00014671229369551673,-2.6968606784270477e-07,-6.355966324191306e-07,4.8112052181831316e-08,5.379261853341935e-06,9.335242547846866e-06
407.9999999999995,3.2709640058713693e-06,1.6713752058151788e-05,0.00010275281279736732,5.8771275434954154e-08,1.5472030169004665e-07,1.2566262700614226e-07,1.2484246627201676e-06,9.521550985910803e-06
408.9999999999995,3.7975959188521766e-06,7.28513741568026e-06,1.8493234000940153e-05,-1.4181075295862913e-08,2.489681027498094e-07,-9.656976731013541e-07,9.211827508101927e-06,6.259846781547886e-06
409.9999999999995,3.2686906528300573e-06,6.621537404398234e-06,2.614688809696449e-05,2.1788690019079488e-05,3.7752147606310794e-07,6.460601497737893e-07,0.00010919905413406477,5.506188196546284e-06
410.9999999999995,3.8577301049912414e-06,9.670765474555237e-06,1.867812900912508e-06,6.71031355858109e-06,3.9191211107817537e-07,1.2327756677196263e-06,1.2609500960197882e-05,5.720848340611982e-06
411.9999999999995,4.477424069308349e-06,6.260663304328167e-06,8.560918199419919e-07,1.9525047435356858e-05,2.5550153473891733e-08,6.461021999484322e-07,1.4676355616019904e-05,1.164011238500981e-05
412.9999999999995,3.6295888150815012e-06,4.184257307006468e-06,-6.241212005436598e-08,4.652592437838195e-06,1.7280344231754704e-07,1.8810155328867938e-07,4.7127647251644793e-07,1.6754814320126767e-05
413.9999999999995,2.1282800092912453e-06,4.970348854102858e-06,2.388496956450558e-06,2.461369170295785e-07,1.3025375984886667e-08,-7.544116860628173e-08,6.708446575687779e-07,2.1389026902421393e-05
414.9999999999995,1.0579694607373518e-06,3.2112753644627786e-06,5.716247129181278e-06,6.64543764418256e-08,9.165514450675163e-07,-4.0887659105355245e-07,1.8319148381909564e-06,1.7804765381593666e-05
415.9999999999995,8.662138213488543e-07,2.20635610195345e-06,1.1476663866125118e-06,4.791752532518346e-07,1.3453941949267434e-05,1.0223375498281658e-06,-1.236425063528812e-06,1.3485195025560272e-05
416.9999999999995,7.657463508203832e-07,2.65142388773253e-06,-1.1980625813079939e-08,2.271963013971071e-07,3.833676552266388e-05,-7.916497515556033e-07,2.6274833716846556e-06,8.852927157955602e-06
417.9999999999995,5.79194918004933e-07,4.649688163906779e-06,-1.299628022465658e-07,1.1447082681795502e-06,5.539797396088562e-05,1.4201361911777626e-07,2.0308690047634843e-06,6.104504083155882e-06
418.9999999999995,4.7100824418092715e-07,9.819048898157188e-06,2.500087688832964e-06,4.1501810157903935e-06,4.4944830651343216e-05,1.894135239892478e-07,6.269411886303093e-06,5.402612690611549e-06
419.9999999999995,1.6478266831559104e-07,3.0398446294179323e-05,2.9141413196848666e-07,1.0385344426623542e-06,3.2699391162153375e-05,-3.962977174830656e-07,6.006417164843636e-06,2.4010136581420683e-06
420.9999999999995,3.9488053015549695e-08,3.2736691810700314e-06,-4.394180152812795e-07,7.76884567751178e-07,2.296934370587366e-05,-1.0026777354301974e-06,5.109436642879085e-06,2.8097951144583685e-06
421.9999999999995,7.51340753687269e-08,2.8717395710728974e-06,-7.55061587837436e-07,7.509768882805716e-07,9.088234961779867e-06,2.9152161163226835e-07,5.6218787864065185e-06,4.124491649127022e-06
422.9999999999995,1.728858749513921e-07,3.7395059383620554e-06,8.508971502097935e-07,1.0478479853759141e-06,8.408789114722608e-07,1.5437706390235624e-06,1.8245541086072538e-06,2.849134878233068e-06
423.9999999999995,2.615096498776085e-07,8.630362202171073e-06,-2.907153606085015e-07,1.1549867336584843e-05,1.282064059474225e-06,3.210300362689512e-05,1.7512300983722921e-06,2.55126502064818e-06
424.9999999999995,9.456376662439432e-08,2.564023681299555e-05,1.2647728370275449e-06,3.694122200281216e-05,5.274572218208053e-07,2.384125679745484e-05,4.949840773144387e-06,5.6836107827344305e-06
425.9999999999995,2.472862766199397e-07,4.7464477213154035e-06,4.273231679991458e-07,3.319084972081904e-05,1.6496688934448752e-07,2.3560951349221026e-06,3.78506074572176e-05,6.0420532476082625e-06
426.9999999999995,2.2242350413405592e-07,1.2390647748652588e-06,2.0768171227731706e-07,0.00017555029461621238,-1.0947649875127702e-08,3.1957227704764255e-06,-1.9589045191904854e-06,9.94561815439961e-06
427.9999999999995,2.5398965408950674e-07,1.9340231275208636e-06,1.1665663272397623e-06,3.497915930703702e-05,3.8878607794572953e-07,2.978641176218288e-07,2.8778819947483067e-07,1.3571741693414086e-05
428.9999999999995,5.92985212988553e-07,2.9664844562195563e-06,9.583533852024358e-07,9.692237055377321e-06,1.1460558118787844e-06,1.1450744098434334e-06,4.4401412471123736e-07,1.6399809362279583e-05
429.9999999999995,3.5738367847714826e-07,8.766818185764452e-06,4.340768810482388e-06,3.421673404913637e-05,3.8124382128661465e-06,1.2368401205590915e-06,-1.100095764453154e-06,1.9913523903779436e-05
430.9999999999995,5.000548089204675e-07,0.00014644446658589253,4.948313662898659e-06,1.052146139977077e-06,1.0753228608614683e-05,2.0789997307370067e-08,2.2801567012225238e-06,2.1808220877314877e-05
431.9999999999995,5.959743647615528e-07,4.236868272215368e-05,6.0361118343342985e-06,-1.1464791702238364e-07,1.871812749454578e-05,2.3697673305889226e-06,-1.7933092208898486e-06,1.87339927696363e-05
432.9999999999995,9.870377535500868e-07,8.951322362058579e-05,4.085510435469889e-06,4.2994902347841444e-07,2.8435748525193395e-05,3.0930013072064385e-06,5.992632850531467e-07,1.59387673356713e-05
433.9999999999995,1.1041364998625238e-06,5.825043875902247e-06,2.476034167689438e-06,-2.622151924920104e-07,6.10711321551865e-05,2.9997945072843885e-06,1.2419302728194894e-05,1.618878885037023e-05
434.9999999999995,1.137205178240745e-06,1.9201249719697436e-06,2.6259925120450552e-06,-4.2597789993011746e-07,9.372143720332745e-05,2.7355903390034774e-06,1.8354436136036513e-06,1.5395860016738326e-05
435.9999999999995,2.6235040764347264e-06,2.8806546215155096e-06,9.306501640055592e-07,4.898883703831538e-07,0.00010488126527088424,5.846693722139411e-06,5.359222396366357e-07,1.3292207109292826e-05
436.9999999999995,3.3013784555261177e-06,9.734365411372077e-06,1.9698610738319255e-07,1.9202828700767495e-08,9.701368090345016e-05,1.934391295724443e-05,1.435558168999037e-06,1.5141931091272037e-05
437.9999999999995,5.797512392498667e-06,1.314085805055735e-05,6.707563127689994e-07,3.825415351077514e-07,5.5296842704686754e-05,4.4671934760328976e-05,7.352939588089007e-05,1.5271334946869922e-05
438.9999999999995,7.649723152128713e-06,4.761138495843321e-06,8.685469623229384e-06,1.5627810423471923e-07,1.3219747208645728e-05,3.7710165274092355e-05,8.832769855781745e-06,2.0722845133901188e-05
439.9999999999995,1.4141570770225331e-05,4.94643295302524e-06,3.4337738660860305e-06,1.4479171407023892e-07,7.373989170603645e-07,7.878235884988605e-05,1.1095715498512387e-05,2.5031787401938364e-05
440.9999999999995,2.477807834568846e-05,5.187514022542011e-05,3.0288815839266355e-06,7.930851522577247e-07,1.1410914845523138e-06,0.0007299465464604736,1.3222776987066273e-06,2.9799642578715495e-05
441.9999999999995,4.592894596893092e-05,1.3076185687311882e-05,6.5613054932717245e-06,-3.5503135776054604e-07,1.8565502279178264e-06,0.0007020732042846315,-3.600093083359114e-07,3.683601397645719e-05
442.9999999999995,8.620677050466907e-05,4.945498203766766e-06,3.8040520519801293e-07,-2.863648674071239e-07,1.785955336217346e-06,3.6220613886194003e-05,-6.343303156029715e-07,4.2495005629279844e-05
443.9999999999995,0.00017374296238770575,4.0033273355702e-06,3.117382885818092e-07,1.514765962754775e-07,1.3049997663265987e-06,1.476273580103092e-05,-1.9542956439698163e-06,4.2937257744371926e-05
444.9999999999995,0.0003746234514191324,2.6854840510915895e-06,5.966606186181137e-07,3.7327333966701827e-07,7.829669587336471e-08,2.2545476898250625e-05,-1.208048712143514e-06,3.8879561422529124e-05
445.9999999999995,0.0008656595235783704,2.820809856191994e-06,-8.217531493337266e-07,3.817784051576513e-07,4.421075020317481e-08,6.24038327684665e-06,-1.2133156484497723e-06,3.645398329451438e-05
446.9999999999995,0.0022243566601246054,3.3835437987202183e-06,3.952641998777156e-07,1.507376478559622e-07,1.9472251972396024e-07,4.304610387057522e-06,-2.1081333680606337e-06,2.9933179070933e-05
447.9999999999995,0.006324485038352054,4.4774178958446374e-06,1.9369637758978654e-05,-3.8959880851473644e-08,-1.315899406051581e-07,3.0641140548193794e-06,-1.477060091835843e-06,2.775367855293345e-05
448.9999999999995,0.020438431362892962,9.817227267002519e-06,4.1301305938674613e-07,2.1383855539266445e-07,2.7019314150021946e-07,-2.8328184671621126e-07,-2.405754084435937e-06,2.6007145139146006e-05
449.9999999999995,0.07278509183454561,1.695395849534979e-06,6.689127780299668e-07,-1.1574672265731056e-07,-1.6711914861787047e-07,-1.148201338869617e-06,2.7966270992186244e-05,2.667990676199449e-05
450.9999999999995,0.1958447141734348,1.5036598581823103e-06,-2.0375799398700847e-07,-1.5015517308925128e-07,1.1338904490280788e-07,8.353480054148584e-07,-1.6378849945100178e-06,2.5283147812443988e-05
451.9999999999995,0.2615674761705562,3.482840825633629e-05,4.0540038784934137e-07,6.475632841735646e-07,-4.0197207701710753e-07,-6.210423324197151e-08,-3.3780581851687894e-07,3.1323131840710385e-05
452.9999999999995,0.25128682528690516,1.5860351349117887e-06,9.180878882063213e-06,4.907143657833793e-07,5.359246569403297e-08,-1.5156840294787198e-07,-2.4313675582838083e-07,3.3305948409126604e-05
453.9999999999995,0.24239810387646216,-3.2217041079884295e-07,2.903097657029574e-06,8.336611572275173e-07,2.664921884452155e-07,5.446578647092685e-07,-1.3963115174383182e-06,3.788607186466748e-05
454.9999999999995,0.24362450595935425,-4.151840177543826e-07,5.657651642381812e-06,2.950225013132478e-06,6.140471532498028e-08,1.9835974610321093e-06,1.5234384361648812e-07,3.944434638715806e-05
455.99999999999955,0.2542176844150893,4.915701125360904e-07,1.3280246274375306e-05,4.431406057154222e-06,-3.9366245781661214e-07,1.4375772392100177e-06,1.7107000036795125e-07,4.4460583218323785e-05
456.99999999999955,0.26547898724482705,-1.2113995383582138e-07,2.116079787833155e-06,1.1010710381687316e-06,2.669024182865457e-07,-2.445760651720126e-07,-1.8287175503058834e-06,4.0252432562798894e-05
457.99999999999955,0.273729233351553,7.837801662376291e-07,3.6447901181352595e-06,3.5915959796912323e-07,4.0984190741752864e-07,-5.770918226522506e-07,-1.6377860208176431e-07,3.670317934918075e-05
458.99999999999955,0.273568999911076,7.856368263954526e-07,4.736180548101731e-06,3.397078405759565e-07,4.590761903774838e-06,-2.138305127685733e-06,1.3284670157597055e-06,2.8295855462499872e-05
459.99999999999955,0.27059581376889374,1.2489625567628315e-06,3.701034001027678e-06,2.3849301094365664e-06,1.9314922419351047e-05,5.716814250340581e-07,-3.7771260046197274e-07,2.4115454819355977e-05
460.99999999999955,0.27291421805194876,4.033858333544762e-05,4.041140691467445e-06,1.1109297019797733e-06,2.287512942286113e-05,-4.6024058872703756e-07,8.090994256736151e-07,1.8267305055750937e-05
461.99999999999955,0.27544474487812365,1.1347183205732663e-06,9.925287722771238e-06,5.837344573195483e-07,8.805612851867917e-06,-8.191729629878476e-07,1.954939917860216e-05,1.2303673619063315e-05
462.99999999999955,0.2730581402698326,7.16603448460243e-07,1.3736718376992858e-05,8.559482401624805e-07,7.501523077392557e-07,4.554639809073541e-08,-4.6441286385516327e-07,1.0473610913176427e-05
463.99999999999955,0.2708142568622809,5.070993998910792e-07,1.1869067394770299e-05,2.3281051594388177e-06,2.853657040648924e-07,-3.9147202671632294e-07,1.099957336780768e-06,8.41640686618289e-06
464.99999999999955,0.26916059802374204,7.565227368468893e-07,1.1183882985049259e-05,1.2643500966849795e-05,5.716359119400877e-07,4.965868501443197e-07,1.2916188053609764e-06,8.805727804838465e-06
465.99999999999955,0.27136962401193676,1.8674959743987265e-06,9.623025970454692e-06,1.1268271579061819e-05,1.4172602118899705e-06,-7.122125919002716e-07,-5.333674182220999e-07,6.4786322916204385e-06
466.99999999999955,0.27490023999806423,6.115494750099412e-05,5.790548120136387e-06,2.282312880983162e-06,1.0354716425415293e-06,-6.789925994919886e-07,-1.773522158705935e-06,6.214031313382832e-06
467.99999999999955,0.2760883920433167,4.4997419316841875e-06,7.052128892025644e-06,4.455259732124741e-07,1.8163379826218808e-06,5.053719089360921e-07,-2.330549493751707e-06,3.4675272000434386e-06
468.99999999999955,0.2773932313264174,2.505031355827251e-06,2.204585176251232e-06,4.0375921618656755e-07,8.432104193455865e-07,1.7884311945591876e-06,-1.9469006257870575e-06,7.88071222049838e-06
469.99999999999955,0.27817195465269273,5.155010893032636e-06,2.1016540585324635e-07,3.7293224941079483e-07,5.343683496998761e-06,8.356385270025645e-07,2.7166791569841594e-07,4.988991248807753e-06
470.99999999999955,0.27634143726076016,1.0684151530056264e-05,2.467487081438936e-06,-3.78312800783607e-08,1.2895348725044287e-05,-4.737086921272995e-07,6.932666007580771e-08,4.681001859356284e-06
471.99999999999955,0.27583700738500483,8.328774491494108e-06,2.5205928015817377e-06,2.0200721551086814e-06,1.1406555683512746e-05,2.5043473861824573e-06,2.624386716909786e-06,5.329339044493003e-06
472.99999999999955,0.2764704126432625,9.614168136154242e-06,1.4186811277589192e-06,4.277870929130229e-06,6.139151890104104e-06,4.7018187296461563e-07,1.221808448462667e-05,7.527371709015723e-06
473.99999999999955,0.2760079313440004,8.51969982209038e-06,1.217427292708313e-06,1.1337605545739594e-06,6.665397497559305e-06,2.2141257988782612e-06,2.7744847767388155e-05,6.859085491441392e-06
474.99999999999955,0.27547347606266553,6.883215059350983e-06,9.891982402201811e-06,1.541190087612235e-06,7.422842098862846e-06,1.4470166485766947e-06,8.22637928651432e-05,8.587320944079026e-06
475.99999999999955,0.27710205379773667,3.1380645462362515e-06,3.712010803955364e-05,1.7585437782954105e-06,5.611006378594594e-06,1.8092990494092906e-06,0.0008800769863512445,1.1367370512128524e-05
476.99999999999955,0.28038474225366955,6.016057662124909e-06,3.4763527245798953e-05,2.3593436974497703e-06,2.7515949770468506e-06,3.6280944059543287e-06,0.0001580408890386071,1.1933216067011477e-05
477.99999999999955,0.28173871248336063,1.254478861922728e-05,8.938325489373862e-06,2.5229836202350894e-06,2.5608133217293873e-06,1.5533547209726017e-05,0.00015834650159826216,1.5530379612014622e-05
478.99999999999955,0.2806747175360881,1.630880135509372e-05,2.813691693338998e-06,2.0601365495708234e-06,5.569726031797461e-06,2.6377388532602567e-05,0.00014940561412054247,1.9536085378512464e-05
479.99999999999955,0.28069444058209003,5.900222498177254e-06,3.2676402738019426e-06,2.0412274879772616e-06,6.216146681648192e-06,6.619976933184355e-06,1.0371047299854457e-05,2.427852231124063e-05
480.99999999999955,0.2829696083767623,4.732211796344389e-06,1.3376762268062162e-06,2.557392251761017e-06,5.4130363121003345e-06,4.001159653641848e-06,3.6698952109721914e-06,3.075732849422277e-05
481.99999999999955,0.2848062139657197,5.689080281179241e-06,3.921885452154581e-06,4.599577653685885e-06,1.3849331186248499e-05,4.229856738755516e-06,8.888701558737949e-07,3.9845043714981215e-05
482.99999999999955,0.28533943462286365,7.677801754620571e-06,1.8190210380661002e-05,1.477333260595848e-05,2.900834633028032e-05,4.445618222225748e-06,7.63340328422479e-07,5.4867722477420834e-05
483.99999999999955,0.28434909213200577,1.7205718838453345e-06,2.038390463218025e-06,1.4078524985730958e-05,2.7787466250693497e-05,2.0863717309689885e-06,2.59085173331868e-07,7.389339860638647e-05
484.99999999999955,0.2788990889454952,1.5543351275698555e-06,2.3693858797777557e-06,1.660491851953641e-05,1.0905312284796619e-05,4.639150881731681e-07,3.2138450364320576e-07,9.974089994040355e-05
485.99999999999955,0.27110851921416174,1.7288620344978851e-06,3.2147183921990766e-06,2.634973909090495e-05,2.387622310943508e-06,1.3929725907710472e-06,1.708925228054432e-06,0.0001395504923529394
486.99999999999955,0.26762708168157234,8.615279822124015e-07,1.353847902451846e-06,2.8288494721968955e-05,1.584465072777913e-06,-9.458033278070473e-07,-1.005480158698472e-06,0.0001966038575808286
487.99999999999955,0.27019578573827274,-2.591702737675745e-06,1.2908142773321828e-06,1.1258672510305263e-05,1.8137714503179703e-06,3.3367174149469685e-06,1.0542349659695045e-06,0.00028768073765572693
488.99999999999955,0.27878380703390726,-2.41155589887011e-06,4.4216878089004074e-07,2.4834277700668037e-06,2.145474005547145e-06,1.1872580404762023e-05,2.415660055786952e-06,0.0004281214415347606
489.99999999999955,0.28413674848661213,-2.2807577972559415e-06,1.4055949055626054e-06,9.7630996728953e-07,3.1013938309798235e-06,3.87208059420032e-06,3.5534622695886195e-06,0.0006581563367429862
490.99999999999955,0.28288103565523404,-2.2697190889327885e-06,2.531627678933591e-05,6.812941684660495e-07,7.118231979423122e-06,1.0863998995911236e-06,1.4723511015742869e-05,0.0010459150968734577
491.99999999999955,0.2803098992298452,-5.853512850472898e-07,3.363993650995663e-05,6.415768893252957e-07,1.7958633742303217e-05,-2.745565817123737e-08,2.581305891075179e-05,0.0017257619837391745
492.99999999999955,0.2810915216198688,-2.4407987565517006e-06,2.1551866426403656e-05,-2.467468389324744e-07,2.985674633892189e-05,7.814170152706552e-07,3.962213269437688e-05,0.002943356050985617
493.99999999999955,0.28614665951570634,-4.257522932937386e-06,5.04446086633671e-05,3.204339989936176e-07,3.0525357385077346e-05,1.0863484483458073e-07,9.857366111480066e-05,0.005252192825986809
494.99999999999955,0.28903251674553754,-2.5153389275653184e-06,0.00023527984159572957,5.035332442287408e-08,2.5520518407941577e-05,1.3918441953010714e-06,0.0003660628778231614,0.00973891077117544
495.99999999999955,0.288795413875606,-3.669211925766737e-06,1.5231543405980885e-05,3.9289530739626044e-07,1.9077880443702303e-05,2.2458580139267316e-06,0.0007423869103741538,0.018867202738302394
496.99999999999955,0.28670227342285254,-2.532035171512855e-06,4.31933349017791e-06,3.8762087688841265e-07,1.7611961941408325e-05,1.154120697510116e-05,0.0005311042770598888,0.037264043138476886
497.99999999999955,0.28430646506787083,-3.610039499399616e-06,2.0531793841112434e-05,1.936201796654353e-06,1.6989827340409326e-05,1.936850243841961e-05,0.00041374859772527544,0.07179306095780595
498.99999999999955,0.2844763653469892,-3.7692850208979662e-06,2.6172470712048623e-05,8.776452401237202e-06,1.3071441873445361e-05,1.8972384158728153e-06,0.00014681393626882918,0.1266363009909227
499.99999999999955,0.28477234259697815,-3.2600928573253574e-06,3.9507935051841814e-07,4.325744434714872e-05,8.52682962380861e-06,2.403502675760974e-06,5.119346602554296e-05,0.1915977966530152
500.99999999999955,0.2861466581114167,-2.1568162911049586e-06,3.0067945016989013e-06,2.354449870196618e-05,6.8167141885955045e-06,1.8298626341472783e-06,2.323022043144885e-05,0.2446736756733943
501.99999999999955,0.2895147266224285,-2.979822273788189e-06,1.014760262179143e-06,3.102532165814069e-05,4.268336689193871e-06,3.6573181641141575e-06,1.655657637168432e-05,0.27466666734601064
502.99999999999955,0.29084191966023404,-4.499956832505882e-06,1.1803573761126905e-06,7.435169424866044e-05,2.0815212444475734e-06,8.456498995465916e-06,1.4578721166953305e-05,0.28559100903005
503.99999999999955,0.28871118944590807,-3.8074895594036496e-06,-1.2072264353261265e-06,4.367418231028315e-05,7.683257174983471e-07,9.41440812460953e-06,1.7728664095898255e-05,0.28804512590945136
504.99999999999955,0.2884899128106326,-3.232700355338564e-06,3.8836488855588984e-07,8.685123033959005e-06,4.163071910624042e-07,5.334091439432358e-06,2.7842444544355417e-05,0.28857935274377694
505.99999999999955,0.2861738393363439,-4.995557792099949e-06,9.274716291001189e-07,2.427412777136268e-06,8.53833537234734e-07,3.6531813913241747e-06,2.313626787076542e-05,0.2894988514216217
506.99999999999955,0.2833046727410995,-3.8081053146404586e-06,5.076179029557343e-07,1.3194911700081478e-06,1.5564630924837827e-06,1.147984219728337e-06,1.5359485057709713e-05,0.29106729058298353
507.99999999999955,0.2791162014899843,-3.4578312156103592e-06,3.9120964655765214e-07,7.209192089557503e-07,2.1872919779271053e-06,5.5945620489127263e-08,9.874005565494965e-06,0.2925490189054647
508.99999999999955,0.2771462884860281,-3.7333679227440863e-06,-5.386467435726725e-07,5.145525451097463e-07,3.7747817222908214e-06,-2.7038976344799055e-07,9.56120934248205e-06,0.2932114638687046
509.99999999999955,0.27351489039362853,-3.549978001626644e-06,2.8930923435069972e-06,6.059153281491605e-07,6.978776815000133e-06,1.2932982197052455e-06,9.447553073780843e-06,0.2927692215998617
510.99999999999955,0.2645615005150009,-4.166339984592909e-06,-3.931558519139838e-07,1.388570466035641e-07,9.150848331026122e-06,5.531814378821514e-06,1.2624327056282455e-05,0.29183742114862476
511.99999999999955,0.24261912988255704,-3.4175028722211456e-06,2.4893883141178067e-07,-3.900232551306302e-07,1.0715320393596053e-05,3.3245381428859132e-06,8.377204312379545e-06,0.29119642047851185
512.9999999999995,0.21221714019315635,-4.245048586024847e-06,-6.667273972849752e-07,4.778771099051985e-07,9.340427746779393e-06,3.1528107510752617e-06,6.0503198481782466e-06,0.290963825485877
513.9999999999995,0.1821343381316507,-4.12366699832422e-06,1.8824134281949698e-06,1.9489469732056428e-06,1.1313211905906256e-05,3.037878290766808e-06,2.630842424679293e-06,0.2908629931194553
514.9999999999995,0.14333383732259988,-4.229887897753934e-06,1.5841243201659074e-06,1.0959984639229044e-05,1.677045527973652e-05,9.967965914619889e-06,2.109492977979759e-07,0.2905642718372368
515.9999999999995,0.0917951112315947,-3.194660555021879e-06,-5.24243697778927e-07,2.827523880094242e-05,2.0350590861928087e-05,1.800749587141622e-05,4.872380439936259e-07,0.2905307558283967
516.9999999999995,0.05148016317771999,-5.003412519836091e-06,-6.032887363224151e-07,2.7754276347392963e-05,1.7224220405847395e-05,1.0754825324707484e-05,-7.393102177348103e-07,0.29066221314502605
517.9999999999995,0.027673481560979395,-3.7725265292197922e-06,-1.2792836714748324e-06,6.848558022578709e-06,1.0517850579579932e-05,2.375353273561012e-05,1.9389158299584456e-06,0.2907912139795364
518.9999999999995,0.014564535026629613,-3.5904589538124188e-06,1.0670708443432512e-06,2.7766145622223575e-06,4.969141257314674e-06,9.041733650083544e-05,3.5927383093647445e-06,0.2900382419898047
519.9999999999995,0.007334282571840502,-5.698100720479888e-06,1.7883808408924884e-06,1.8840050082085635e-06,1.2493584449914407e-06,0.00014527314593158,-5.998725524107059e-07,0.28799514058123
520.9999999999995,0.0037954107661487225,-3.845278392035445e-06,3.8943956377623065e-06,1.7214310341153588e-06,7.338519779675531e-07,2.0428836288129646e-05,2.0595505225222293e-06,0.285548688782599
521.9999999999995,0.002164246068358057,-2.2477588239345464e-06,4.613987184094316e-05,5.827313622791653e-07,4.4131916756036707e-07,2.7407580964562036e-06,9.127538022967131e-07,0.28396498920717933
522.9999999999995,0.0013648103412949016,-4.123117061122569e-06,0.0001462698586655406,7.183486792548448e-07,7.833172538883324e-07,2.352289474785886e-06,5.707387427221007e-06,0.2840092656616908
523.9999999999995,0.0008887437156121376,-3.62116350412068e-06,4.3085421059103604e-05,5.271607126133581e-07,1.0376115208196527e-06,7.502140052646216e-07,1.2439074545522677e-05,0.28552550311772806
524.9999999999995,0.0005578691483375847,-2.296067912001681e-06,1.8129369315980577e-05,4.913061922468309e-08,1.5427781090623395e-06,3.277991693723436e-06,2.5754170211669078e-05,0.28737494896721
525.9999999999995,0.0003387090226020927,-1.7788218452372897e-06,1.8117678344218165e-05,-1.5650265959066076e-07,3.2845380581262997e-06,4.566011083661578e-06,7.243497449267924e-05,0.28881587861925956
526.9999999999995,0.0002260984848691581,0.00015561924603107102,2.039690404860947e-05,6.835405299554574e-08,5.362271222563833e-06,1.6179722483465203e-06,8.678266277442574e-05,0.289522172974586
527.9999999999995,0.00019389731136038867,-4.785417446645988e-06,1.0252068502846639e-05,-3.708852600752139e-07,9.41276868335705e-06,-5.201824336664333e-07,4.576992436415346e-05,0.2898755114741284
528.9999999999995,0.00027682875657612,-3.642120622790253e-06,7.982848713631035e-06,-1.8646594718144752e-07,1.3582333558014051e-05,-2.8622400562965925e-07,1.8769737013653712e-05,0.2902948412870973
529.9999999999995,0.0010806075097759664,-2.851687773835845e-06,7.115683215625971e-06,4.363214663008804e-07,1.95624147766369e-05,4.4427882994806856e-07,9.660308680132837e-06,0.2907339098587132
530.9999999999995,0.0003895430462855724,-3.375394970414302e-06,5.818241737993776e-06,2.4981539723246064e-08,2.7534590590057383e-05,7.691705473656026e-07,3.1094989502011867e-06,0.2907573961055975
531.9999999999995,4.333325410317552e-05,4.41763359275194e-07,1.7797771246369523e-05,1.757395104425881e-07,3.76375925433145e-05,8.523655445979652e-07,1.9866153775841283e-06,0.29047967036674427
532.9999999999995,1.216700440302707e-05,1.1692535537902157e-05,5.119075078731039e-05,-5.407928054912279e-08,4.0246535663060526e-05,1.30381973014783e-05,3.075950289831525e-06,0.2900175886397748
533.9999999999995,5.3245202271118255e-06,7.100800085014367e-05,2.2585032553983477e-05,3.422616342955312e-07,2.795324192531059e-05,7.122488071546021e-06,2.218202105087729e-07,0.2899364321215115
534.9999999999995,3.013147841016903e-06,0.00014905576813417764,5.948295521796205e-06,3.9160531463466743e-07,1.0811517820667639e-05,3.024476563164343e-06,3.79488991434183e-06,0.2900743217325586
535.9999999999995,2.3720637726516716e-06,0.00014890322075054112,6.05168435425781e-06,1.7180160493950212e-07,2.7934442566724063e-06,7.37943620504184e-07,-5.459449056783304e-07,0.2897794464403024
536.9999999999995,2.2727022507863517e-06,0.0002103570485988298,9.707918551110564e-06,3.657358661035802e-07,1.4957436096430492e-06,2.8655336155616066e-06,2.8533060769849543e-06,0.2889466941277523
537.9999999999995,3.0698988781683114e-06,0.000395585633033898,5.270755502171423e-05,2.88175783730587e-07,6.737748749749986e-07,3.980596908184092e-06,3.963048315488964e-06,0.28783141140227186
538.9999999999995,8.43096719102031e-06,0.0009108169908976123,7.035303199912425e-05,3.370350906017329e-07,-9.129793967582256e-09,2.4739587130706773e-06,3.7669833475770877e-06,0.2872372256171408
539.9999999999995,0.00011085226268579364,0.0021673116931507754,1.8305497659596938e-05,3.1533374528492975e-07,2.958480310501204e-07,2.596421574722289e-07,3.055306482715351e-06,0.2876470889480463
540.9999999999995,1.4108843302829727e-05,0.00480032605858284,1.3185963150878026e-05,8.022275810500869e-07,2.2250842302154888e-07,1.0407900793239477e-06,4.591081073274931e-06,0.28854480621235656
541.9999999999995,2.2227870781217822e-06,0.010806582366351217,1.6426224985779232e-05,2.297088300914008e-06,6.735907335099107e-07,3.1868258774425936e-06,3.988413268136764e-06,0.28929585008836994
542.9999999999995,8.343769044619193e-07,0.027133323680943802,3.4785375797733935e-05,2.482863942102427e-05,3.127478670819754e-07,1.7497626963576221e-06,5.940815715550858e-06,0.28940557495265723
543.9999999999995,3.9833098459941823e-07,0.07487868174470266,8.177797553409698e-05,7.743386969327684e-05,-2.575830998136402e-07,6.705822857496181e-07,6.848436680513191e-06,0.28872464856852315
544.9999999999995,3.7984546712035324e-07,0.17779647378378666,1.9716320798495792e-05,4.379435924260349e-05,2.6385704347813824e-07,1.1676277833783727e-06,9.318070078790387e-06,0.28800996959855374
545.9999999999995,5.536145917831221e-07,0.26218448070585937,6.153746024534277e-06,2.990949091862036e-05,-3.677560156212752e-08,1.4695147381718718e-06,1.4032787240593912e-05,0.28776398037559103
546.9999999999995,7.219211017768818e-07,0.284805846072194,4.765454260832641e-06,1.597810111840081e-05,-8.63322191581927e-08,1.0109869381801268e-06,1.6074142310843633e-05,0.2880668155871707
547.9999999999995,1.948936343855568e-06,0.2841344085321876,7.1975390855442326e-06,1.3636468043923298e-05,9.671868384311835e-07,2.3152863335768963e-07,1.845381746183784e-05,0.28864328534203226
548.9999999999995,1.4595490525120978e-05,0.2805634868134965,1.8434594423495554e-05,1.9462718728894106e-05,1.1970510652861976e-06,-5.613365564074146e-07,1.6213761460216172e-05,0.28883803805664315
549.9999999999995,2.1558721676979816e-05,0.28130736381217003,2.24886688284577e-05,3.768102770174182e-05,2.137197136394244e-06,2.7791520762907217e-07,1.0733512896874608e-05,0.2883895466869093
550.9999999999995,1.616404478109122e-06,0.28494205760984104,2.43820506244321e-05,5.3023269407568645e-05,5.960224795498983e-06,4.653398730989262e-07,7.45776597234665e-06,0.2875138021655642
551.9999999999995,7.960413547782076e-07,0.28610406889493584,6.228102798470712e-05,5.166585275412726e-05,1.8762337016714958e-05,-4.182596357648058e-07,9.81397861988447e-06,0.2867124879391825
552.9999999999997,5.993747993240799e-07,0.2836387180545849,-1.948707357011741e-07,4.13761884302747e-05,3.3214888679539067e-05,1.1400742456066272e-06,6.24171983258033e-06,0.28634731671487396
553.9999999999997,4.427871889933939e-07,0.28069216057944213,-9.496921292669495e-07,2.2043834297388863e-05,2.933643226490463e-05,-6.065753203219307e-07,7.633277927613493e-06,0.28667079268688495
554.9999999999997,5.05157632886708e-07,0.28090518587954805,7.841393518361294e-07,1.3784944507778752e-05,1.9772666185209793e-05,-7.634625460087204e-07,7.315731582535929e-06,0.286981157784884
555.9999999999997,7.256496037827833e-07,0.28367849334679934,-1.535562695188215e-06,1.0277989866805656e-05,1.371282707959774e-05,5.695988215952347e-07,5.243063121754693e-06,0.2871525192095332
556.9999999999997,1.326497642695922e-06,0.28571282985820684,9.408530060281158e-07,9.234759130630435e-06,9.414347328236796e-06,-1.2846632409621306e-08,5.100076574543809e-06,0.2870843293122543
557.9999999999997,3.309325235248412e-06,0.28555582434747456,-8.475470239522705e-07,1.1367385058918314e-05,7.585480702310445e-06,2.8714056854284296e-06,3.4820993023330003e-06,0.28692364466250553
558.9999999999997,4.192937220631543e-06,0.28459389358187515,1.549790474329949e-07,1.3352225258543957e-05,1.0693177057846751e-05,8.81771297257049e-06,3.546865994650565e-06,0.28683267268490314
559.9999999999997,2.561968312133001e-06,0.28418234850271934,-1.540640907737453e-06,1.3281553501905268e-05,2.154202688605443e-05,4.28817209213593e-05,4.373736907544314e-06,0.28685275783345954
560.9999999999997,1.977587674428215e-06,0.2852812760647087,-4.539077999147842e-07,1.1853835872906279e-05,4.1811264994049914e-05,9.797197804738805e-06,6.803599196643598e-06,0.28674186968199633
561.9999999999997,2.2850002128978376e-06,0.2860603747089719,-3.821427442753338e-07,9.332514474663131e-06,5.995452095844548e-05,3.1456907583377852e-06,6.892360142777487e-06,0.2862880476579336
562.9999999999997,3.0145413205116063e-06,0.28613506838919034,-8.2684231457726e-08,8.435542969265039e-06,5.7378861994967096e-05,2.219000358443885e-06,1.603539897980509e-05,0.28558462942325963
563.9999999999997,6.549112142141058e-06,0.28589112300237307,3.9448558959012745e-07,8.027363273245349e-06,3.7266212077682285e-05,-1.596280708732747e-07,2.5554861449688347e-05,0.284895920448893
564.9999999999997,1.5835412339911727e-05,0.2854959603342779,-5.130820079215508e-07,1.2865473997467773e-05,2.1059052601544837e-05,9.142431397296365e-07,7.704094815631977e-05,0.2845872239585888
565.9999999999997,1.4927767647838572e-05,0.2857111178593799,-2.9213767393610028e-08,1.9319719079878123e-05,1.2462836039438702e-05,1.4470339021905481e-06,0.0001445359795475594,0.2846576788876737
566.9999999999997,8.36955220078203e-06,0.2851929281191416,-6.292131110678691e-07,2.6097645031432517e-05,1.1343021528259667e-05,4.693465211477335e-06,0.00017466714217879197,0.2850424846455616
567.9999999999997,7.1742594397448156e-06,0.2844139717169224,4.916563831666641e-08,2.1711689897246294e-05,1.298622265540255e-05,9.873542345051978e-06,0.0001350466552144946,0.2851758238218166
568.9999999999997,8.381502165720005e-06,0.2833573369814457,-2.996259733076398e-07,1.5910398559901474e-05,1.7541869507312102e-05,1.753726784184519e-05,6.404124179207877e-05,0.284843198506667
569.9999999999997,1.434889049396239e-05,0.28237825687736745,-2.053650873361978e-06,1.0664788887221649e-05,2.381441077533658e-05,1.0871004839763915e-05,2.3556612892842153e-05,0.2841837722760296
570.9999999999997,2.4241448554592484e-05,0.28108492447187977,-2.409674681381977e-07,8.104230011933515e-06,2.6619567813257537e-05,5.533993630132043e-06,1.1849270778242344e-05,0.2834876815188576
571.9999999999997,1.9505483725801287e-05,0.2794463223531342,1.5223508132211113e-07,6.959954894510877e-06,2.28826280518999e-05,-2.16407332998921e-06,4.04351553093185e-06,0.28301815632402055
572.9999999999997,1.1945213542173483e-05,0.2790589067706921,-1.1616758539338377e-06,9.898766095047725e-06,1.553202215168302e-05,-4.935213700290034e-06,4.1350154970696295e-06,0.2829556382264542
573.9999999999997,1.101318728901199e-05,0.27922405571944325,3.151618440697619e-07,2.307311120777289e-05,1.1908917111612842e-05,-3.824700282540719e-06,1.4697494232060155e-06,0.2829337614695331
574.9999999999997,1.3751357897053291e-05,0.27960881118961584,-4.932765417073922e-07,4.350417938664773e-05,1.065474494866976e-05,-6.372963795677931e-06,8.893503965306199e-07,0.28285674506687414
575.9999999999997,2.2171204111037888e-05,0.2785716124735868,2.4541607115671123e-06,1.3149495268323707e-05,1.3453701923505805e-05,-4.527812656200936e-06,-1.087883398246511e-07,0.2825279700573246
576.9999999999997,2.3456611499909852e-05,0.2746275395544952,1.5438927001306457e-06,5.4020027077104886e-06,1.965660128837196e-05,-5.271884555920475e-06,-1.998705938906034e-06,0.2820516009676549
577.9999999999997,1.1929843782299227e-05,0.26226645847871266,4.515704537537631e-05,2.6237696891235167e-06,2.6151787459708034e-05,-3.087337536566169e-06,1.7860150321720513e-06,0.2815913028187166
578.9999999999997,7.111729073983194e-06,0.2259458534112598,1.2608214146447638e-05,2.067403170486802e-06,2.8293153480595656e-05,-4.321669604683437e-06,1.4521281962743686e-06,0.2813792354654553
579.9999999999997,5.770903265552962e-06,0.15174245539510375,5.410172343146704e-06,2.5430738536694057e-06,2.801984721824673e-05,-5.336854896583252e-06,-8.627414158012735e-08,0.2815111838483406
580.9999999999997,8.290935019947002e-06,0.07610698376360536,7.734917556075604e-06,6.365307471652899e-06,2.443901123860202e-05,-1.781431097078604e-06,1.942432304631778e-06,0.28185587221218233
581.9999999999997,1.9971305870907242e-05,0.032531961710810145,1.5351533510249365e-05,9.786933096281348e-05,2.391424192649283e-05,-1.6036001366744739e-07,4.146036664934748e-06,0.28210277314215637
582.9999999999997,8.450875521472069e-05,0.013668158370657567,1.9450764350728623e-05,0.0003105748575501348,2.412816248165378e-05,8.138580549233318e-06,3.649978650136732e-06,0.2822037376010652
583.9999999999997,3.3327882221610965e-05,0.006077995328562214,1.959798615380558e-05,5.5754026862169936e-06,2.5499518931185604e-05,3.4347175147938594e-05,1.2327324381758675e-05,0.28208398531480994
584.9999999999997,7.96579134649364e-06,0.0028771603740895403,2.314482593084541e-05,1.8260062668603875e-06,2.6340100304406618e-05,5.269997076399718e-05,3.983400536873517e-05,0.28196594324455265
585.9999999999997,4.264025890239831e-06,0.0014492074648982027,2.5103785696544944e-05,1.3045236847395054e-06,2.6404137652102814e-05,2.9335103579002945e-05,6.768406655009838e-05,0.2819221018165416
586.9999999999997,4.784312764087114e-06,0.0007911580482616578,3.081837760872307e-05,1.205276569386056e-06,2.24037560351628e-05,1.4691617294196103e-05,4.7252640694979086e-05,0.28211171914059274
587.9999999999997,6.731228757848513e-06,0.0004482470169443862,2.1364156777429168e-05,9.927175105248845e-07,1.724263001873844e-05,1.2165229882851795e-05,3.660130301009414e-05,0.28244295421125465
588.9999999999997,1.8294591958495925e-05,0.00027090276807987114,1.1131754797585115e-05,1.4932338828896925e-06,1.2726537274974837e-05,1.4153237579722846e-05,3.906827191891745e-05,0.2828226543719464
589.9999999999997,3.2120920142246547e-05,0.00017047054267096384,6.487204720914858e-06,1.1307387312053064e-06,1.1454619002815555e-05,1.2264319815762862e-05,4.8415128795922186e-05,0.2829451614254196
590.9999999999997,8.365884707982889e-06,0.00011584045685331313,6.900832899618359e-06,1.7568371884472748e-06,1.2126767756096739e-05,1.157220668525359e-05,2.7584059918807802e-05,0.28286942536177834
591.9999999999997,3.272892215285134e-06,7.651019418697238e-05,1.0798950444818071e-05,3.5229643276837782e-06,1.429316272815475e-05,8.545225563600921e-06,1.2003312706761503e-05,0.28263115874021066
592.9999999999997,2.0907865756599256e-06,5.5204350285701414e-05,1.766677828461906e-05,1.9728652629296435e-05,1.6413617217326236e-05,6.311334871598007e-06,4.971621847567984e-06,0.28248405977796653
593.9999999999997,2.3417187186035926e-06,3.960776031333045e-05,1.5202934391806387e-05,3.668901834199258e-05,1.7521930699743206e-05,4.2264583463969234e-06,3.921650115841743e-06,0.282402365315149
594.9999999999997,3.984124162383616e-06,2.613299111869224e-05,7.165654395524315e-06,8.417829266805087e-06,1.321054967394631e-05,2.203965434595527e-06,4.744918612656253e-07,0.28242748834577025
595.9999999999997,1.3003852697739497e-05,2.0374098741549976e-05,8.322422892725767e-06,5.401013494057853e-06,9.820223874318058e-06,6.49670341713396e-07,-8.215266069775997e-07,0.28240277860353274
596.9999999999997,2.8463417460713623e-05,1.394703898362383e-05,8.91313934040727e-06,9.460672879790668e-06,1.0829125236251232e-05,1.6363930974325312e-06,-1.7601784297710398e-06,0.28222906811222864
597.9999999999997,5.217986150941374e-06,1.0674156645516973e-05,1.5190060601338384e-05,4.000981674803545e-05,1.1471127444229236e-05,2.1934153093381893e-06,9.357517447211727e-07,0.28181257615752525
598.9999999999997,2.0184558769615474e-06,7.72497273359456e-06,2.1959931050642366e-05,8.97794803734591e-05,1.604641186958123e-05,4.506888467333958e-06,-1.3270140492546477e-06,0.2810689058174802
599.9999999999997,1.7927965582417826e-06,6.177991393167589e-06,9.475312686592578e-06,1.8487801683844957e-05,3.312000154598099e-05,5.54959963909043e-06,-5.884842158534083e-07,0.2801889240851355
600.9999999999997,3.5441041447693442e-06,5.916866050136686e-06,3.0179480309744423e-06,1.2460305672742737e-05,6.95198145397413e-05,9.615148929558571e-06,3.490988667505204e-06,0.27919440045934396
601.9999999999997,1.5408979686209787e-05,4.549656604406572e-06,8.6523156380791e-07,1.7541903459205452e-05,8.680629965501644e-05,8.851306946734967e-06,3.034141554634168e-07,0.27837737482622277
602.9999999999997,1.0990777724376565e-05,4.701271859004231e-06,3.6187773708577757e-06,4.894833295114007e-05,5.629195163039528e-05,7.967317470833744e-06,3.581699522452174e-06,0.2778501420725046
603.9999999999997,7.914934493865471e-07,4.966261907966403e-06,2.769777727146721e-06,0.00012221786877033157,2.22854849415438e-05,5.993281620685361e-06,4.386088669566105e-06,0.27766676644098987
604.9999999999997,3.451271058995098e-07,4.592223939441275e-06,2.2737973415237405e-06,7.888774792428325e-06,9.543337864543715e-06,4.775640284859864e-06,1.1070012235863936e-05,0.27772587771032975
605.9999999999997,-1.0952304496553471e-08,5.007612256851527e-06,3.0309981613313003e-06,1.2024891139484985e-06,7.438675905987628e-06,6.6085353267982286e-06,3.452592676848234e-05,0.2780807295929859
606.9999999999997,9.915777754697184e-08,5.403398172837611e-06,3.738234641876466e-05,2.6393331745087556e-07,3.322525895874379e-05,1.2668234383538771e-05,8.278674697579443e-05,0.27836066225116407
607.9999999999997,6.822381577361508e-08,4.5430820395461765e-06,3.281211842026397e-07,1.0197927971964297e-07,0.00012019412504066816,2.4938972337459593e-05,0.00016254431852027616,0.2785098392841853
608.9999999999997,9.001688601445037e-08,3.793192932243942e-06,1.3973708640022295e-06,4.283898419490979e-07,0.00014130407691528688,4.8387941431531415e-05,0.0003792515193392911,0.27854019998548163
609.9999999999997,8.230914322963079e-08,3.482693378124625e-06,1.0436205835350735e-06,5.30718504147573e-07,5.243562847588376e-05,7.303759684766114e-05,0.0002755797924244869,0.2784026048343829
610.9999999999997,1.07421102625581e-07,4.137642239108985e-06,-3.046814491359852e-07,3.903960153450064e-06,4.293783514214626e-06,6.612356150675093e-05,3.612022040534257e-05,0.2780956051563496
611.9999999999997,2.1413608084597718e-07,3.976703363424589e-06,2.983410360178847e-07,1.7108164073660846e-05,1.415637393256809e-06,2.8454413873592687e-05,1.060750548609372e-05,0.2776957330412146
612.9999999999997,4.757434812784447e-07,2.994453985437888e-06,1.0931178285265829e-07,2.334372316024392e-06,7.592567800110638e-07,1.0824648528833571e-05,2.1907025082190586e-06,0.27743558671967783
613.9999999999997,3.2193693089363294e-06,3.7597983467903234e-06,-7.309749993474847e-07,6.751892074370104e-06,1.1999648474656763e-06,4.484415749770965e-06,8.921255936012351e-07,0.2772380808399119
614.9999999999997,8.302256828082594e-07,4.148684736142561e-06,-1.985443365806465e-07,1.0705049898910735e-06,1.0360962222095703e-06,3.807145097331615e-06,1.0032338690878366e-06,0.27709868138154775
615.9999999999997,1.2008554682476046e-07,4.890983316253123e-06,3.2651447778535033e-07,2.060936410331418e-07,9.004623945556179e-07,8.01048391563234e-06,-6.528687550095807e-07,0.2769645570800177
616.9999999999997,3.6600846989789037e-08,2.8947039025075074e-06,-6.879128758939375e-07,3.650221174590581e-07,2.2339238891693533e-06,3.295874604780576e-05,-4.6054912727866483e-07,0.27672027191031523
617.9999999999997,-5.1802592715727296e-09,3.4029695592013686e-06,-2.514488481505026e-07,-1.5939946139382487e-09,3.0484041783341147e-06,0.00011760988483363357,-6.851593944209378e-07,0.27632133771608464
618.9999999999997,1.8421454046288e-07,4.109628433921366e-06,-1.028282518904044e-06,2.083425365014037e-07,7.273369847570885e-06,0.000258851961852233,-1.8320059159865426e-06,0.2757186543886797
619.9999999999997,9.16197287708539e-08,3.836970121307137e-06,-7.948657228725838e-08,2.1322959940158683e-07,3.425433829263712e-05,9.452378461309562e-05,-7.82986043992756e-07,0.27503095072590716
620.9999999999997,4.860831605084703e-08,3.704643331954023e-06,8.905256450196212e-08,2.851379732825802e-07,5.5471225521269985e-05,5.3519540551779865e-05,-1.6217819626711259e-06,0.2743645823611276
621.9999999999997,2.0700472596461773e-08,3.267602279658459e-06,-6.353687668749217e-07,-2.451335886945051e-07,3.5228976879396306e-05,7.464662686225411e-05,-2.2486015408655593e-06,0.27377888092429353
622.9999999999997,9.208486596675894e-09,3.4884236717091067e-06,2.4094195260488494e-07,-3.688715153368165e-08,1.126956929646472e-05,0.00023627649087553293,2.1380810393536782e-07,0.2733061888842589
623.9999999999997,6.028366404364966e-08,2.8864077364122413e-06,1.2092753799145723e-06,2.0831420550705106e-08,7.308615504740881e-06,0.00067740946026799,3.5463202742812617e-07,0.27305139349096597
624.9999999999997,8.586604291456214e-08,2.6927411925534327e-06,-6.5481298709894e-08,1.0420829747354164e-07,1.4203686170493478e-05,0.0002973949670212754,-1.8834842127682459e-07,0.272873578520318
625.9999999999997,3.1091337726104056e-07,3.8739445482085485e-06,-5.250536240896727e-07,-1.6068128507168298e-07,4.833834675108853e-05,6.463262764400998e-06,4.442988297036588e-07,0.2728306819191609
626.9999999999997,4.3550437753302147e-07,3.1498383781041884e-06,5.47932313112893e-07,5.707047855247066e-08,7.407513876430044e-05,-4.000271662271621e-06,-2.0063424241789072e-06,0.27266165998026604
627.9999999999997,4.64399089479325e-07,3.3610148442446936e-06,2.0693319639168884e-06,-3.2789780783776916e-07,5.080097545875512e-05,-4.46013051030284e-06,9.748754628425008e-07,0.2725025137663837
628.9999999999997,3.062373625017009e-07,3.3632220488174547e-06,-1.2598296792019717e-07,4.857080877047888e-07,2.0764871075144754e-05,-5.800082310104348e-06,1.4026986440359662e-06,0.2721062395676921
629.9999999999997,3.4911113043837497e-07,4.00269784306267e-06,-2.274728004316934e-07,4.5677287179444196e-07,1.059887726946529e-05,-6.714735197723866e-06,1.4199200549768088e-06,0.27156335322283504
630.9999999999997,1.745831954095579e-07,4.202739275473671e-06,1.9882655981208043e-06,-2.312288968460116e-07,1.0374175844286316e-05,-7.697412047753246e-06,1.0139837224278202e-05,0.2709950955959113
631.9999999999997,4.765697538569845e-07,1.778770403491924e-06,1.4851796295951376e-07,-2.87052893175644e-07,1.9677238555908048e-05,-5.7806377122036595e-06,5.745462711063229e-05,0.2702837087771213
632.9999999999997,6.30581884776835e-07,4.085849830173095e-06,-3.6520965886710567e-07,1.076669985374998e-07,2.1212420581864057e-05,-5.119868200106565e-06,8.617715674417749e-05,0.2696698802534233
633.9999999999997,1.0427540533598108e-06,2.9943996323914715e-06,1.783338870669134e-06,5.8038065602789744e-08,1.0308901586539608e-05,-5.895784786399152e-06,2.4209751158689115e-05,0.2692230949438652
634.9999999999997,2.6535628149664696e-06,2.8211756188613263e-06,3.5725676322931355e-05,1.153475250874739e-07,2.4504461432375454e-06,-5.631761654076996e-06,7.264516425871349e-06,0.26881118413050986
635.9999999999997,5.091198693812005e-06,3.6285202087607848e-06,5.433969966392179e-07,-8.44169146678417e-08,2.6787675595735626e-07,-5.974321954762858e-06,9.548141205600204e-06,0.26852105273889193
636.9999999999997,3.1873343995998373e-06,4.267596111367637e-06,4.044841103305708e-07,1.6351985921569034e-07,2.948538581535352e-07,-5.577276871927123e-06,5.72499856082341e-06,0.26828095565899596
637.9999999999997,2.3064503679200416e-06,4.640790642539438e-06,1.9447261648873507e-06,-6.866332539594661e-08,2.4968726336349794e-06,-6.084700863518985e-06,7.237104077142258e-06,0.26792795165382105
638.9999999999997,1.7267941288545618e-06,6.0639418729068215e-06,5.333667976977531e-06,-9.030101260215658e-08,7.380695930420819e-06,-7.337425757687126e-06,8.705384374685894e-06,0.26733291606327303
639.9999999999997,1.9602567644274437e-06,7.990914773993998e-06,3.0376901899352448e-05,-8.629047021026387e-08,8.420000178808422e-06,-5.3755932020380745e-06,1.4786471388609545e-05,0.26656760494540616
640.9999999999997,3.1868141623125167e-06,6.957447138315843e-06,0.00018575106182374461,9.945665941879325e-08,3.4517620366442893e-06,-4.655386957600166e-06,2.4516068746164066e-05,0.26560086712277764
641.9999999999997,5.664821939268456e-06,6.69239383963548e-06,0.000263860446764692,4.966685876073044e-08,1.215684176589798e-06,-6.200607736198201e-06,4.508065693971111e-05,0.2645743786549016
642.9999999999997,1.1709674701998646e-05,5.7818784576747276e-06,0.00021888968866137006,-1.3873368744797202e-08,1.0724598782478105e-06,-4.894060029237202e-06,4.7058779117871363e-05,0.26368278906608533
643.9999999999997,1.3518433845837866e-05,5.508040863299341e-06,0.00033482080663461365,-8.885992139798975e-08,8.53034451585307e-07,-5.609346651054319e-06,3.469061443526908e-05,0.26303447606924385
644.9999999999997,1.0582341075452383e-05,5.934859942732023e-06,0.0008364741122895424,1.9279788229455298e-07,-3.609541562337174e-07,-4.404568594497594e-06,2.5282324521746904e-05,0.2626793260206636
645.9999999999997,1.1285188349530301e-05,9.22668186066731e-06,0.00337768024098769,1.1973147234006803e-07,2.768429993905972e-08,-1.0058350739122565e-08,1.4627080815186597e-05,0.2625827328957656
646.9999999999997,1.3563127125714563e-05,1.5652287330194975e-05,0.02136277077523002,4.0275704435897395e-07,-2.2054283591772055e-07,1.011624231347796e-05,1.2116278833765485e-05,0.26264899117070295
647.9999999999997,1.0088622386791919e-05,2.1969285414186306e-05,0.09148029841538959,7.327798427072373e-08,-3.7566264191128904e-07,2.1868827252058662e-05,1.1912315385555888e-05,0.26266438638898143
648.9999999999997,4.437554279461892e-06,1.5500724910516482e-05,0.1259733801179951,-4.6603321801569803e-07,3.4709102788056654e-07,6.4660584282844466e-06,9.416717863465641e-06,0.2625469364282463
649.9999999999997,2.1029604593707652e-06,1.1956139323692559e-05,0.18792800164804202,-1.0872114123948961e-07,3.8410591408727967e-07,6.9573587237230205e-06,1.0547426337943484e-05,0.2623018260071551
650.9999999999997,1.1392691459827122e-06,1.0562083352135879e-05,0.2536637333825681,1.5546566219282386e-07,-2.6543520293626822e-08,1.850995278933078e-05,1.2304914767458242e-05,0.2616187845574983
651.9999999999997,1.0568191887173182e-06,1.2384541118883997e-05,0.25544767210082797,4.177174068909893e-07,-3.927407003652556e-07,5.758304378060542e-05,1.272282665112145e-05,0.2608664748568074
652.9999999999997,1.1060776970275908e-06,1.7899841351543084e-05,0.25326321710904987,7.643508667532295e-08,-5.555277638614754e-07,6.076813924558083e-05,1.2310450365613555e-05,0.26024361784289163
653.9999999999997,1.6960465250868895e-06,2.8880383231311253e-05,0.2584717782865566,-2.4733045215918526e-07,-3.8648828543385005e-07,7.914150372199038e-06,1.1742892246355539e-05,0.2597791425628586
654.9999999999997,4.446466270753101e-06,2.777121310994069e-05,0.2556239067611523,-3.375237392030356e-08,3.208058560057718e-07,-1.6441665024747951e-06,1.1294548809984073e-05,0.2594375505705627
655.9999999999997,3.8265707785811894e-05,1.7181319148047088e-05,0.24823170933750544,2.7218273641955217e-07,-1.3815359128131664e-07,-1.765393980636875e-06,1.2220431048473882e-05,0.2591374329298611
656.9999999999997,3.905334173733812e-06,1.108362719817871e-05,0.24580878850502252,-7.609434075367878e-08,-1.5322783444648754e-07,-2.8091493287546146e-06,9.734634034035354e-06,0.25876262112471804
657.9999999999997,8.030453416676424e-07,1.1621585626116043e-05,0.24891470874475616,2.9927893452076926e-07,-4.3270631012053064e-07,-3.6632575184789937e-06,7.936191890253092e-06,0.2581859353081973
658.9999999999997,1.4386297016829644e-07,1.4187633949218597e-05,0.25315004103826333,2.6163126267691593e-07,-1.497691620267228e-08,-2.1762908533619833e-06,1.0124598782864763e-05,0.25741806345231266
659.9999999999997,7.261422721810248e-08,2.2265648244670956e-05,0.25428946247888934,-1.541405146098471e-07,3.853816104063938e-07,1.4266531791635508e-06,7.451566230213092e-06,0.256500569595446
660.9999999999997,2.030586029947387e-07,3.79210319412628e-05,0.2538540058274956,1.5228805786502947e-07,-1.1067853069757795e-08,-1.8294671895485916e-06,1.1055927701925117e-05,0.2555669326168067
661.9999999999997,3.538123472577167e-08,2.3158343308975978e-05,0.25261107274006495,-1.9602945251253475e-07,-2.1900339805409582e-07,-5.670100728942445e-06,1.3505930624086214e-05,0.2546415122718973
662.9999999999997,1.0438251470359512e-07,1.0697225388115104e-05,0.25078378999245354,-2.8646686189546676e-07,4.911966338820009e-08,-6.53606527477777e-06,1.7574003994415606e-05,0.2538725825229558
663.9999999999997,1.849358841310574e-08,7.663804246273034e-06,0.24911685857055707,-1.835198318972117e-07,1.5297811489366979e-07,-5.502104990434459e-06,2.033418727943188e-05,0.25332760855984127
664.9999999999997,6.539163070097298e-08,7.016715583509564e-06,0.24801124305489214,-3.938435384007007e-07,-9.565708397145239e-08,-4.93567563153578e-06,2.507544790245563e-05,0.25290450442351214
665.9999999999997,1.3859730910282828e-07,6.612181124041082e-06,0.24755723857469678,-1.194500226603308e-07,-5.225071047099385e-07,-4.726338748456541e-06,2.6423341464587536e-05,0.2524531709296303
666.9999999999997,1.2159306794385244e-07,6.680694583091589e-06,0.24660729850919347,2.492518781220921e-08,-2.994250518796674e-07,-4.6925861442849126e-06,2.8817823145136412e-05,0.25188445616461796
667.9999999999997,-2.2377367683055793e-08,1.153348492708448e-05,0.24444879225777946,-2.902858365863486e-07,-5.811084010916941e-08,-4.2646812382980674e-06,2.4626162806054724e-05,0.25115498302470796
668.9999999999997,9.212125949487874e-08,3.348371663409604e-05,0.24309004534342976,5.099204377718628e-07,6.666049227717462e-08,-2.0286870851663753e-06,2.1542165908489503e-05,0.2502586455474104
669.9999999999997,2.525349519619297e-07,0.00010373413150696539,0.24308287409676552,-3.3601558992268554e-07,-1.2587243042835814e-07,-4.546395563496578e-06,1.7868562265496246e-05,0.24927244519093608
670.9999999999997,2.0651070454831452e-07,1.8233385174528665e-05,0.24443769182769162,-4.2469681186555836e-07,1.3905600795077846e-08,-4.6196950146244495e-06,1.4848632829852784e-05,0.24826225162676838
671.9999999999997,5.839522263483794e-07,9.192282479452804e-06,0.2455335290754305,1.827919670267333e-07,-5.957334663488163e-07,-3.1768267850476806e-06,1.258083526305272e-05,0.24732286300857229
672.9999999999997,1.1102471820598336e-06,7.589661590343622e-06,0.24513665044700722,2.1459494228853425e-07,-8.984423586265884e-08,2.730653570335617e-06,1.1627529448929078e-05,0.24659692938778566
673.9999999999997,3.1556031979806e-06,9.017098095373638e-06,0.24241148636146315,-5.407306321636586e-07,-2.174432966236071e-07,-4.003616128139615e-06,1.169591658080445e-05,0.245936738531529
674.9999999999997,9.905711387366047e-06,1.0093695644493027e-05,0.23748724527300658,2.48277452902907e-07,-1.5417949588836645e-07,-5.924550459457079e-06,1.1785277225606725e-05,0.24527358504358696
675.9999999999997,3.408897735181091e-05,1.891936001536618e-05,0.23103992255676536,-1.4283332736687622e-07,4.2724769238448176e-07,-5.000369380333783e-06,1.0079886176958669e-05,0.24463008849300877
676.9999999999997,0.00018869262229687526,4.9227860602851096e-05,0.2245059699799764,-4.415451465280165e-07,-9.696372737192693e-07,-4.582868345872937e-06,9.85309013228394e-06,0.24392286743522087
677.9999999999997,0.00016557787194151468,2.005007677860799e-05,0.21842412664695043,3.748766048044576e-07,4.879697399296765e-07,-5.30606408274067e-06,1.1219510737266436e-05,0.24299798961243646
678.9999999999997,1.9788413397546387e-05,7.894881423289278e-06,0.20603920097506725,2.211158812819214e-07,3.9753140274066386e-07,-4.0970735779869385e-06,8.276669951831941e-06,0.242191576674761
679.9999999999998,5.925308408374275e-06,5.1148236576899e-06,0.1723164809317051,-3.512617876562794e-07,8.729315545566256e-08,-3.6085839568720262e-06,1.0285844895391376e-05,0.2413758313225293
680.9999999999998,2.620302565370309e-06,4.753095463209019e-06,0.11173967415641166,-6.349913306979115e-08,-2.636309602231414e-07,-5.181667165295085e-06,1.082822667380762e-05,0.24071010583971905
681.9999999999998,1.458752986638596e-06,6.137785167640531e-06,0.05375940630606635,2.2244236705161118e-07,3.267692562147679e-07,-4.893717622593766e-06,1.2463443778350607e-05,0.2402757748120191
682.9999999999998,1.0732068405229609e-06,7.63089115686996e-06,0.021641694226562647,3.055701445178321e-07,1.716105239252107e-07,-2.8286082099470522e-06,1.2711730567663322e-05,0.2399833131840792
683.9999999999998,8.556286474731753e-07,1.2917926355533326e-05,0.008683033681474689,2.149093068531222e-07,3.8243737025390495e-08,2.1326044454617423e-06,1.2759786164977904e-05,0.23974379774540527
684.9999999999998,6.457385979680154e-07,3.632910774330848e-05,0.003744473455613199,5.227549986218668e-07,4.844177244174459e-07,-4.95561427837075e-06,1.4623413627727142e-05,0.2395901011546458
685.9999999999998,5.454071460886913e-07,1.6451425676549245e-05,0.0017717043834565894,3.7547225016594516e-07,-3.1697024584597146e-07,-3.054028776288337e-06,1.6836931510261442e-05,0.2392840848273986
686.9999999999998,5.322853591140478e-07,5.691566841899511e-06,0.000909619106085434,2.761274167667541e-07,-6.127450367592318e-08,-5.023494348750919e-06,1.7523764025750575e-05,0.2389315870117316
687.9999999999998,2.7204444370069156e-07,4.792322330863387e-06,0.0004890966977480705,6.348643104484549e-07,-1.840149527801324e-07,-4.766705914730753e-06,1.739538649234703e-05,0.23835734156494198
688.9999999999998,3.0322165385775485e-07,3.885490054352742e-06,0.00027092794802905485,1.7761456239244937e-06,-1.6913670366189798e-07,-4.430556814944625e-06,1.9807603419355975e-05,0.23782873150572933
689.9999999999998,4.089638785120458e-07,6.354355504229098e-06,0.00015438957863267807,3.1404406509911284e-06,3.4867810597564905e-07,-3.6838649699246126e-06,1.5069362280784777e-05,0.23719303873658776
690.9999999999998,2.3264347913444675e-07,1.1292486946919313e-05,9.153682895749714e-05,9.139374861594545e-06,-2.0974345164390573e-07,-4.574485278410236e-06,1.406012610778184e-05,0.23661899309976428
691.9999999999998,2.910301009983582e-07,5.587608934192033e-05,5.5747887415183844e-05,2.418028504631374e-05,7.359894195392067e-09,-4.092909706351017e-06,1.2266434003282556e-05,0.23605879495234305
692.9999999999998,4.306634762429831e-07,4.968728990871314e-06,3.5691760881732573e-05,7.708045238439756e-05,-1.69782153519131e-07,-4.933369799941502e-06,8.88523571206113e-06,0.23551474377200057
693.9999999999998,4.6938529037309627e-07,2.8665722731536356e-06,2.2221994374217074e-05,0.0002530782936329136,-5.588858040894739e-07,-3.58265925621023e-06,9.094550721020053e-06,0.2347965312401876
694.9999999999998,4.914762272690786e-07,3.2773796882326556e-06,1.60606672610667e-05,0.0010040548761619048,-8.705777601321825e-08,-4.26229770295435e-06,7.418580839010349e-06,0.23409487758171693
695.9999999999998,6.953288660586004e-07,3.0274823709935307e-06,1.1789887599859241e-05,0.005295762617929884,8.594893575544734e-08,-4.63006777652492e-06,6.682442522501097e-06,0.2332951562650877
696.9999999999998,4.767436300628766e-07,2.969206968940362e-06,8.215149674665604e-06,0.036521540165721234,-9.795678873812986e-07,-5.792343052696927e-06,1.007500410069328e-05,0.23230071132292937
697.9999999999998,6.506132889736309e-07,1.803574604122231e-06,8.270541285882223e-06,0.1661598639587342,3.4593789663140567e-08,-3.4935360220805195e-06,8.549407218247066e-06,0.23132023980796815
698.9999999999998,1.458244371358063e-06,4.243303379868957e-06,4.8717194723671284e-06,0.22587440352349172,-9.090837655911579e-08,-5.140851546503487e-06,9.403983108678325e-06,0.23031316930069057
699.9999999999998,1.9230012350946216e-06,2.625598026040838e-06,4.993540847016163e-06,0.2252881894517246,-3.425491198284328e-07,-5.525317810229206e-06,1.2539475370103761e-05,0.2293777197037649
700.9999999999998,3.9677697214658776e-06,3.19525629187775e-06,3.6882049262358982e-06,0.22812727367562943,2.7768557765096535e-07,-4.293121804392188e-06,1.2860075387905735e-05,0.22858457327263407
701.9999999999998,8.974097772654707e-06,1.8806112469057342e-06,2.8079828065755743e-06,0.22620581091816244,1.7590675158402658e-07,-4.933846997183325e-06,1.811846454889112e-05,0.2278671604917203
702.9999999999998,2.3660557651949466e-05,2.782033770031677e-06,1.2495310758516722e-06,0.2251034719139476,-6.295721196518122e-08,-4.160303210616616e-06,2.3058113704322777e-05,0.22726893256211098
703.9999999999998,3.252623989180435e-05,4.654439510367259e-06,5.160143848304374e-07,0.22287852774769898,-5.461707860118358e-08,-4.437873718267398e-06,3.350728226401084e-05,0.22673758180384282
704.9999999999998,1.9921817215065615e-05,8.65515218727836e-06,1.5005934163043662e-06,0.2212237556051458,2.567146844368642e-07,-3.871996870430541e-06,4.070929966664045e-05,0.22604166592822772
705.9999999999998,1.2020097701139273e-05,4.377830430323184e-06,2.2545331361196674e-08,0.22209217903016337,-3.2345705123044183e-07,-4.116475779457458e-06,4.249043236497505e-05,0.22533272524659073
706.9999999999998,8.689595505375493e-06,3.897258821713406e-06,3.8467086624322284e-07,0.22267507754233065,8.176814760785067e-08,-4.3322841957665245e-06,3.378644809177305e-05,0.22450845823801038
707.9999999999998,7.4759964921846494e-06,5.104329182344491e-06,-6.44743434936617e-07,0.22061518203524805,-6.001513711147223e-08,-4.528211052354372e-06,2.4743434889458836e-05,0.2235915877471811
708.9999999999998,7.362798599330702e-06,3.712878307038181e-06,1.0541749476104152e-06,0.21892195546593288,5.42918423056745e-07,-4.123871475520931e-06,2.1685849924003884e-05,0.2226219000396966
709.9999999999998,7.434338431100489e-06,3.864236782890217e-06,1.5365813436569492e-06,0.21907840868080172,2.683327629833919e-07,-3.7478693336292915e-06,1.5336852163306896e-05,0.22173473081117653
710.9999999999998,8.270098376054395e-06,3.3075180039300547e-06,-6.357199951292899e-07,0.2112346722866365,-7.675231537102049e-07,-4.431346230516317e-06,1.2453751604163128e-05,0.22090653533366603
711.9999999999998,1.0118363270510292e-05,4.9426266261285395e-06,1.2971704877188002e-06,0.14146820399442148,7.501513591926608e-09,-3.904626561726715e-06,1.0939925763866198e-05,0.22029353365439686
712.9999999999998,1.1687026691168195e-05,1.1130384456140023e-06,-2.5672746448390638e-08,0.03203458591191211,-9.139895187013069e-08,-1.707062689233005e-06,8.639563895796832e-06,0.21978750171606007
713.9999999999998,1.4680791961866062e-05,3.7703551260912136e-06,1.354499566693694e-07,0.00510593016818891,1.2738051282600813e-07,-3.6576917833317427e-06,1.2191717226663317e-05,0.21944183908502454
714.9999999999998,1.629903107316462e-05,3.4429724549285096e-06,-1.827946374152172e-07,0.0010525763117209756,3.59095075278879e-07,-3.0605256421569258e-06,1.2481146131626886e-05,0.21912284392691958
715.9999999999998,1.3348907840697415e-05,2.704601841012596e-06,-5.078066733565878e-07,0.0002805755481138399,-1.562661365492538e-07,-3.9482358930686565e-06,1.5191606353127978e-05,0.21890985011333636
716.9999999999998,1.0837917379820168e-05,3.735038013526689e-06,-8.268507919174218e-08,9.163297859063736e-05,1.362502372223377e-07,-4.588708561238582e-06,1.46759199630025e-05,0.2186397875671226
717.9999999999998,6.941824097938438e-06,1.8621667549442156e-06,3.249100601947921e-07,3.496687608057499e-05,-9.156361362604264e-08,-4.173875310552701e-06,2.178799054559838e-05,0.218221652403542
718.9999999999998,5.624736395963439e-06,5.042734017059974e-06,2.7470366312771355e-07,1.3155045566636434e-05,1.8463750764252267e-07,-3.829423403858412e-06,2.2190474455949127e-05,0.21778527146634596
719.9999999999998,3.2760368732621803e-06,4.233262792923621e-06,2.2473497447018635e-08,5.912134560877237e-06,2.7188463033456577e-07,-3.6997521731698337e-06,3.336620428891103e-05,0.21724437011711548
720.9999999999998,2.302971316419719e-06,5.012604291301154e-06,4.626253156043593e-07,2.670254779690158e-06,3.3935946375633504e-07,-4.372228780763863e-06,3.818927511079152e-05,0.21672485856946264
721.9999999999998,1.2548575608964775e-06,3.3370488584283877e-06,2.2209382972494735e-07,1.2517561633209301e-06,6.13532547550814e-07,-2.685640565489823e-06,3.7490738531358026e-05,0.21604530898337843
722.9999999999998,9.253657409211699e-07,3.6560263105620265e-07,-7.127988277478791e-07,1.4494657171979494e-06,1.4871969331755903e-06,-3.904494314371726e-06,3.096393768044092e-05,0.21539587735174126
723.9999999999998,9.58133328067782e-07,3.99639554729696e-06,3.205506353205466e-07,4.5650588897983423e-07,2.785689258902851e-06,-2.83375226467225e-06,2.528755401482402e-05,0.21477096976286314
724.9999999999998,6.387311787490351e-07,2.836093662017488e-06,8.178337185764941e-07,1.8675658745765703e-07,7.047815403948507e-06,-4.610111406330682e-06,2.438330801749197e-05,0.21432490612477198
725.9999999999998,1.044766362296389e-06,1.550344899980512e-06,-9.365871975974356e-07,5.150361370491581e-07,1.9964620552784208e-05,-3.2651725450835928e-06,1.6644286456401563e-05,0.21375094238343248
726.9999999999998,3.9094739172499276e-07,3.757078349533471e-06,2.048666428090377e-06,2.4692198000440846e-07,6.050239221090138e-05,-4.079644010102396e-06,1.4654623532469608e-05,0.2131504127570657
727.9999999999998,4.233246888713589e-07,3.857097678495477e-06,1.0882220213131178e-06,5.555178132532347e-07,0.00022121206384209663,-4.565170303627068e-06,1.3188180233857364e-05,0.21240590358976763
728.9999999999998,6.694615591593066e-07,3.5297000700664174e-06,1.3044713821837184e-06,3.807303134368677e-07,0.0009409032698647282,-4.584883061956618e-06,1.1839688176501703e-05,0.21159731599906167
729.9999999999998,1.5470287415212203e-07,4.0051046766661495e-06,-4.945006397130203e-07,2.9346369443817267e-07,0.0048134464966090645,-4.153337877660839e-06,9.280638542762498e-06,0.21054437025499947
730.9999999999998,3.246278721149484e-07,4.452463885575734e-06,1.0096883301163328e-06,4.101072739857245e-07,0.026437708439171127,-3.99936159130138e-06,1.0843800224254666e-05,0.20928579634741099
731.9999999999998,3.5734085403674834e-07,7.499025760801703e-06,2.8601807844086903e-06,2.226414295569604e-07,0.08890820754223469,-3.322861102236234e-06,8.859886484977533e-06,0.20804709914983432
732.9999999999998,7.891521310958418e-07,5.7818464661274565e-06,3.0435136362277423e-06,2.425179941307641e-07,0.16441632490817584,-4.429835947207735e-06,1.4000903270338988e-05,0.20687483488698546
733.9999999999998,5.217006213317061e-07,6.921614739350267e-06,5.4652417567398435e-06,-1.9518021483552192e-07,0.20003841828495833,-3.586534394942317e-06,1.371070324607096e-05,0.20583286980873922
734.9999999999998,9.553033274136656e-07,2.7985664807024962e-06,8.254256966084e-06,1.0377625268575711e-07,0.20548719166391666,-2.854276316642037e-06,1.2851783536742322e-05,0.204887736189996
735.9999999999998,1.3341570309781516e-06,6.681256655342471e-06,1.0761980252222656e-05,-8.895733297119865e-08,0.20594384615376243,-4.05144075877676e-06,2.554462914193679e-05,0.2040904955756116
736.9999999999998,1.9685937684779434e-06,7.148451914024055e-06,1.0129887972593791e-05,-2.4355264357674895e-07,0.2057343583156205,-2.8133086744297974e-06,2.547186537848934e-05,0.20332843256044697
737.9999999999998,3.103221318376742e-06,1.0429371641800833e-05,1.3000063202397354e-05,-8.778296118795762e-08,0.20516779859496811,-3.720822640001606e-06,2.419593004948049e-05,0.20220093448690604
738.9999999999998,4.376423165835722e-06,8.09733351442969e-06,1.0766802330868925e-05,-9.858207420898187e-08,0.20423725176220323,-4.44025937905864e-06,2.448007146565307e-05,0.20063540602759922
739.9999999999998,1.033730534138059e-05,9.255368040774979e-06,7.058515212878249e-06,-4.001258808628968e-08,0.20311386844525184,-2.5999730430018413e-06,2.0438890187536182e-05,0.19857553947555268
740.9999999999998,2.0859964122848473e-05,1.0251867478119765e-05,2.938810867045289e-06,-1.9404827238131824e-07,0.2022529288844568,-2.3220466427280883e-06,1.7844527758222273e-05,0.19574945312090047
741.9999999999998,3.71220664924299e-05,1.3054461472151872e-05,4.928863911352165e-06,9.815416444293859e-08,0.20121897172575534,-3.8488505711223015e-06,1.6743006064315014e-05,0.19225954515266486
742.9999999999998,4.501335945127339e-05,1.6161825792354626e-05,2.4389670922744936e-06,1.0796744645272785e-07,0.19990911575667566,-4.224237812656591e-06,1.3488953124215964e-05,0.1878923803398683
743.9999999999998,4.223944712952682e-05,8.045026425189934e-06,2.134203645845389e-06,3.1483158592284843e-07,0.19884115730043214,-3.6336417583984527e-06,6.734758450706925e-06,0.1816552300389553
744.9999999999998,3.729522449636722e-05,3.8301544422377536e-06,1.9003995404117275e-06,1.8692526599722533e-07,0.19082084776197591,-4.2148054135053305e-06,6.5818649728051235e-06,0.1716538842874608
745.9999999999998,3.5675165176585015e-05,5.490299114925264e-06,3.98086729370464e-06,1.6318506637354022e-07,0.1537719445980212,-3.500179745769924e-06,4.4035011038404716e-06,0.15434767928325577
746.9999999999998,2.861877614157463e-05,5.527877797649181e-06,2.4716059990323016e-06,-2.978280608924537e-07,0.08569466585459358,-5.8887932996201905e-06,4.103739762870494e-06,0.12790103578649134
747.9999999999998,2.3573275223821485e-05,2.819617622908812e-06,2.025154133901067e-06,-4.01439097117296e-07,0.02941538524697206,-3.590599736996908e-06,3.889852396534395e-06,0.09504646772281551
748.9999999999998,1.705879434328634e-05,2.6024434435496854e-06,2.863505437185975e-06,-1.7019303427754e-07,0.006820437111703656,-3.857746336613261e-06,4.007808665687325e-06,0.06267408743586825
749.9999999999998,1.1244100285839611e-05,6.5304365524195174e-06,8.550579741031824e-06,-4.4736832010134427e-07,0.0015481330582733125,-3.7138322168508885e-06,3.097623102653584e-06,0.03757620061934086
750.9999999999998,9.69707521756151e-06,3.0605276593286965e-06,1.473435919170346e-05,7.813437067155206e-07,0.0004225194553423442,-1.4057291627787196e-06,5.6627726176362415e-06,0.02122286242512132
751.9999999999998,6.993123681631028e-06,7.897936068824891e-06,2.3791059118844256e-05,-2.943092403964326e-07,0.00013381437064643098,-2.55157770757584e-06,4.6131177941024375e-06,0.011749492221789982
752.9999999999998,6.000728822778896e-06,3.4965036777070904e-06,1.4131578358506426e-05,-1.8680566801486154e-07,5.037256620697757e-05,-2.7883688911572667e-06,4.769243249117504e-06,0.006633876247950151
753.9999999999998,5.882756989725133e-06,2.9322107673688347e-05,4.895246733887418e-06,-1.6290887014676211e-07,2.329923914385464e-05,-5.418667675772679e-06,5.781939234636595e-06,0.0037986742438839245
754.9999999999998,6.382602795306623e-06,1.618616427703552e-05,1.970454374266337e-06,-1.386759887361106e-07,1.3036835587856364e-05,-9.718492589757046e-07,3.879160476663557e-06,0.002243411624296745
755.9999999999998,6.920830614872974e-06,3.76989764223938e-06,1.293837363940856e-06,1.0254891179388526e-07,8.970281478497236e-06,-3.699944945270441e-06,5.532681406462278e-06,0.0013702857681483931
756.9999999999998,7.489749803335287e-06,1.3512262468164373e-06,3.2194929226612047e-06,-2.1470213476055305e-07,7.042405580260933e-06,-3.6358796841776052e-06,7.4645906740681865e-06,0.000865824731530961
757.9999999999998,7.040391791913653e-06,5.1126612068745466e-06,9.885847368958035e-07,-1.9298299922547697e-07,6.584698649653316e-06,-3.6432067202610843e-06,7.748902456630332e-06,0.0005589184340289162
758.9999999999998,5.19469079249877e-06,3.7269384481812265e-06,6.106250710934214e-07,-1.2710037397803318e-07,5.578591602964854e-06,-2.8268707729204816e-06,8.11408760694927e-06,0.0003763126634794286
759.9999999999998,3.919032515129381e-06,2.786176657092315e-06,1.7260722648780291e-06,-2.9167506232643645e-07,5.482893693129103e-06,-3.1416919368055668e-06,8.543473509274485e-06,0.0002565090507660026
760.9999999999998,3.078297696299353e-06,2.5705300846081418e-06,6.804059667205354e-07,1.4277563334402868e-07,5.491410605019638e-06,-3.3565490433075218e-06,8.820687427833704e-06,0.0001827311994937436
761.9999999999998,1.969792307877925e-06,7.525264681435054e-06,7.344225965742957e-07,-8.351814966286997e-07,5.353455944467296e-06,-2.348819103921001e-08,9.954441497039643e-06,0.00013090938112256614
762.9999999999998,2.0766727460112524e-06,5.172842432982493e-06,1.3815546513937852e-06,1.8754129019640856e-07,5.311518508953017e-06,2.632845037786992e-06,1.1433046572463685e-05,9.720077303456796e-05
763.9999999999998,1.306419751961281e-06,4.352946104670657e-06,-8.984113802800732e-07,-4.448233284109811e-07,6.52869126712821e-06,1.1068445225875003e-05,1.3775339593859207e-05,7.341888071672085e-05
764.9999999999998,1.2611256111696028e-06,5.74170484888295e-06,3.6255134995629917e-06,-2.0243592837457534e-07,4.341507370811546e-06,2.541146378114147e-05,1.8628868050567033e-05,5.79017859459963e-05
765.9999999999998,1.2729044389056503e-06,4.712982876664947e-06,2.077481279337527e-06,9.707319000009771e-08,5.5050226795567755e-06,6.835351115269675e-05,2.5868197099046794e-05,4.57347584201881e-05
766.9999999999998,6.341195481363806e-07,4.8781199583856335e-06,2.2326511651320465e-06,9.10342169650564e-07,5.6463139135209376e-06,0.0001796157842628606,2.864172486896812e-05,3.702800531084158e-05
767.9999999999998,1.7243447669093038e-06,2.194593351356321e-06,3.3937615023899582e-06,-8.044196235642671e-07,5.5016569139964835e-06,0.0005043826068173207,3.629880844679808e-05,3.017756510235321e-05
768.9999999999998,1.3875712118111763e-06,4.432141972632789e-06,6.419345925515231e-06,1.9681379629210366e-07,5.696026970182605e-06,0.0015575291748652661,5.232285259421441e-05,2.4821491037767944e-05
769.9999999999998,1.7102240628387473e-06,2.337150041512415e-06,6.789418730544504e-06,-3.9407252315437125e-07,4.92150088886946e-06,0.005309821219183914,6.153783632766075e-05,2.1280976704408902e-05
770.9999999999998,1.677030874638683e-06,1.9278765450684218e-06,4.597329273146896e-06,-2.91644519445555e-08,4.989221043416844e-06,0.018784093839102952,0.00010822961755893141,1.930171996452582e-05
771.9999999999998,1.021241564223373e-06,9.146583204835287e-06,2.698131322173727e-06,-4.275756186392886e-07,5.277788747985254e-06,0.057007303474400146,0.00015569955258085897,1.7069984473284752e-05
772.9999999999998,1.4535944133002676e-06,8.911348717823038e-06,2.702220540328572e-06,5.91303643284115e-07,5.291589391123094e-06,0.12521112947846647,0.00020698653531339676,1.488033211418901e-05
773.9999999999998,2.499226699115653e-06,1.536824049540426e-05,1.6568914025688831e-06,3.031820047383041e-07,4.94579714238029e-06,0.17058480160075157,0.00033364518646658515,1.4214492759452047e-05
774.9999999999998,3.863277780472832e-06,4.366344371134112e-05,3.0556001253879796e-06,5.009480930827732e-07,5.32254643330327e-06,0.1725610385793732,0.0005093198598300227,1.2894706437827897e-05
775.9999999999998,4.462799299892587e-06,0.00019718187019437307,2.946751395478713e-06,-1.1120090373437077e-07,5.321402793181632e-06,0.17283951267115077,0.0008111847327381747,1.3320730378338297e-05
776.9999999999998,6.8147345851899714e-06,0.00034962030374473453,4.233867321659146e-06,-1.522064027525907e-07,4.526692685800611e-06,0.17266311433534073,0.0013467070060928152,1.1411298613419515e-05
777.9999999999998,1.0122866807926318e-05,5.356105016083796e-05,7.194426089990884e-06,7.578679893202588e-07,5.074555491508224e-06,0.17157610799590445,0.0022953403118799757,1.2589941178190375e-05
778.9999999999998,1.2193686838259326e-05,1.5916402410280447e-05,3.410134876675626e-06,3.656580068542789e-07,4.6638871903672615e-06,0.1704202735019647,0.0038551220584020058,1.2588191056093003e-05
779.9999999999998,1.538341948869347e-05,7.761698429720116e-06,9.75088827369733e-06,-2.661439124604925e-07,4.926553930662222e-06,0.1715131629372042,0.006450675032545224,1.201606071888877e-05
780.9999999999998,1.4323236930492417e-05,2.679302152684561e-06,1.1044349083967258e-05,-2.1925498728158964e-07,4.954109256013762e-06,0.1718534829775054,0.010313227968550765,1.3034241579133621e-05
781.9999999999998,1.2020058617073016e-05,2.94555029667901e-06,8.76854200669006e-06,-3.586267596902969e-07,4.713295107325666e-06,0.17130686669160688,0.015483123962216756,1.371174808958213e-05
782.9999999999998,8.738599782177649e-06,5.6335855112390685e-06,1.1860914373597707e-05,-1.1725974605908368e-07,4.871631303393303e-06,0.17070542843889286,0.020709068236635878,1.3745126560515145e-05
783.9999999999998,6.707178297128698e-06,3.158699088518414e-06,1.06749520023346e-05,8.172353813803599e-07,4.5255402780584604e-06,0.16952090373119086,0.02625821597519784,1.4803668330171999e-05
784.9999999999998,6.3496221956342535e-06,2.8780692531136465e-07,1.110136230974991e-05,2.9611846956460885e-07,4.85432392546604e-06,0.16918875594617366,0.03141606373907108,1.6393252155071976e-05
785.9999999999998,4.46104492628575e-06,7.670429786503547e-06,7.0021273066528015e-06,9.048974679793359e-08,5.0042128642775926e-06,0.16748495588931842,0.03691847644985535,1.6944355183762212e-05
786.9999999999998,3.0275638692268538e-06,3.2415635377635623e-06,8.143959643247753e-06,-4.4006379238057744e-07,4.912963040038024e-06,0.16607000341054307,0.04372038729228325,1.7725582468586293e-05
787.9999999999998,3.813814316713393e-06,6.886807744349695e-06,2.4726562188633822e-06,2.674470529762947e-07,4.706276287222327e-06,0.16520683724971824,0.05226819332135494,1.8621053014783698e-05
788.9999999999998,2.9983701830109355e-06,4.030445789442604e-06,6.805323521925375e-06,1.2014824549140184e-07,4.933387671804279e-06,0.16455675704090772,0.0626140869651775,1.9107369443964985e-05
789.9999999999998,2.4522693034813586e-06,6.298043949947235e-06,4.753502573762216e-06,2.5853371428880393e-07,4.76100019438185e-06,0.15944168838464368,0.07585150892881858,1.9405900902416874e-05
790.9999999999998,9.707216205386593e-07,6.765600198379849e-07,1.2662552009560367e-06,8.529718788521418e-07,4.686757977563477e-06,0.13858357551513667,0.08961522174006098,2.0168474897169956e-05
791.9999999999998,3.035087570669748e-06,7.214574679990568e-06,2.6452327510174417e-06,1.4312829882059097e-07,6.071247429559264e-06,0.09207488045626122,0.10286891532849918,1.9347172810717806e-05
792.9999999999998,1.164383678902544e-06,2.2316113302911114e-06,1.4997832391040346e-06,-7.090217359181004e-07,6.743256829525681e-06,0.04179900201389399,0.11492642679887369,1.8031256216467863e-05
793.9999999999998,9.670125097018839e-07,3.0322628263314057e-06,-1.0792349458395668e-06,-4.995419406337298e-07,7.250922226158537e-06,0.015008812920582343,0.12481732705367855,1.6061724011953103e-05
794.9999999999998,1.67648334471436e-06,9.978774224553025e-07,1.3374197473204072e-06,2.39413921959116e-07,7.532296629609075e-06,0.005148469150252396,0.13104757638865214,1.5412403545814875e-05
795.9999999999998,1.6343310492734462e-06,-9.814798315898715e-07,-2.0091472857553974e-06,-5.760516212713243e-07,6.886655602423293e-06,0.0018755821548562543,0.13637861154441253,1.4525863648521814e-05
796.9999999999998,2.2530830841667746e-06,7.27235203498417e-06,-4.5857676070197757e-07,3.649160031146199e-07,7.921720492388323e-06,0.00073941577455029,0.13987911072955322,1.3812299018023478e-05
797.9999999999998,1.878880027336338e-06,-1.5261202265461545e-06,1.857198657277383e-07,3.105130326805304e-07,7.359638824727586e-06,0.0003060612264960013,0.14182866562404742,1.1828080582483709e-05
798.9999999999998,1.8512213779358224e-06,-4.154480197874965e-06,6.673081380428857e-07,-2.690777781195027e-07,9.32029418800068e-06,0.00012559417068260274,0.1443094882488029,1.1918314187589025e-05
799.9999999999998,2.14884295193237e-06,3.6335066092973333e-06,1.3273701059997481e-07,5.535520491608626e-07,1.85397511135733e-06,6.329764042833627e-05,0.14694033699356226,2.5382384041467923e-05
800.9999999999998,2.542288667530052e-06,1.6571882715659947e-05,-1.8982110467153076e-06,-6.533389068054591e-08,-1.2873008978990785e-07,2.843000524928249e-05,0.1488093950107303,4.049043039268274e-05
801.9999999999998,5.116671503432218e-06,6.688925238510388e-06,8.378152721134478e-07,3.450026377080843e-07,5.939403465026931e-07,1.6151521590621868e-05,0.15021864237814117,2.644674253814396e-05
802.9999999999998,3.8470703072538345e-06,2.244328381248783e-06,7.339673722798824e-07,1.50716181936802e-09,2.5823531313866025e-07,6.993172789432635e-06,0.15107214560972612,1.5642890878094023e-05
803.9999999999998,3.9595057561805816e-06,-1.4444906757723173e-06,-1.6358599767860688e-06,-1.6608125817125043e-06,4.4645284687051024e-07,4.313847815948709e-06,0.1512117736841988,2.7930536332500715e-05
804.9999999999998,2.9514684736696447e-06,4.847772413249707e-06,-1.2929335685165922e-06,-7.001728127384595e-07,-1.1881638785923024e-06,2.5403196140700033e-06,0.15092070200393073,2.5450835877677525e-05
805.9999999999998,1.8090398583416358e-06,1.8822095573022004e-05,-6.853762226191677e-07,4.100274293338367e-07,-1.8475464631944476e-06,5.017559344754564e-06,0.15027723519911843,4.7346652873344454e-05
806.9999999999998,1.6603459294602731e-06,3.429258885375901e-05,1.0773018340856034e-06,-9.258668390456369e-07,1.2622849323437511e-06,-3.1156401782818847e-06,0.14945161664390058,2.1268396459056845e-05
807.9999999999998,1.567211617289498e-06,3.158412252989813e-05,-2.713768098952372e-06,-1.4671023171193036e-07,1.2838410261774524e-06,1.7254170228321836e-06,0.14859129945714164,2.3617384349425223e-05
808.9999999999999,3.502823180908772e-08,9.246292912470547e-06,3.292272441817445e-06,-4.253636264930907e-07,1.8307622860214262e-06,8.854219571046172e-07,0.14798768354284292,4.046686588192018e-05
809.9999999999999,5.943122436344807e-07,1.2280344133458554e-05,1.0495563953641176e-06,-5.875418716486352e-07,-2.6900650850086466e-08,5.672609598243385e-06,0.14742087859757239,3.092896748810517e-05
810.9999999999999,7.505365770110609e-07,6.950310269139968e-06,1.1371546063675811e-06,5.633810673501289e-07,6.641685127529807e-07,1.3267086161868108e-09,0.14702801265794327,2.103316825083048e-05
811.9999999999999,1.4663947716729025e-06,1.2606758193004263e-05,1.6600105604530945e-08,1.1178192748087765e-07,-1.1468808345028893e-06,-1.9465073445157756e-06,0.14666826914797068,3.381167572062792e-05
812.9999999999999,9.627234573487592e-07,8.240923740070252e-06,1.808555398825489e-06,2.2210554668959762e-07,-8.057316104504454e-07,1.057139067102757e-06,0.1463056293873989,1.622122024939088e-05
813.9999999999999,5.41230967496302e-07,4.024116802280049e-06,-6.388982076948375e-06,5.01314972679003e-07,-6.84400001330698e-07,-8.081033218185441e-07,0.14593007236188252,1.8983682463572736e-05
814.9999999999999,-3.9136636825121467e-07,1.0062813991967635e-05,-2.8962622628423533e-06,7.969144509323095e-07,5.242704881910232e-07,-1.3520313846193526e-07,0.1455296906540215,2.601836482830615e-05
815.9999999999999,5.838730796424446e-07,2.7939012423580303e-06,-2.6838369134145824e-06,-7.747301260962639e-07,-1.005507967045754e-06,8.982610941462884e-07,0.14496895253008904,1.3467033865790658e-05
816.9999999999999,1.950342690870913e-06,1.0826951557634575e-05,1.5582170979567555e-06,-1.0075810060917866e-07,-4.377691006073929e-08,4.6698333060252035e-06,0.14427130472613575,4.526760985159929e-05
817.9999999999999,4.358362002516495e-07,6.952679675416664e-06,-6.19042253928309e-06,1.212622529732582e-06,6.485635920540122e-07,1.1148458936559584e-06,0.1435161202143551,2.980081829650496e-05
818.9999999999999,1.0870700887802957e-06,5.2307455958872705e-06,-1.0385833891288639e-06,5.876275918100417e-06,-1.7787856798675875e-07,1.7764362217130946e-06,0.14262705648864415,2.6528227349841895e-05
819.9999999999999,1.0306403742443043e-06,1.2044329682683873e-05,2.4034654599609857e-06,6.939020429666408e-06,1.6242571532728979e-06,2.129693265842453e-06,0.14167584807554887,1.789978370113857e-05
820.9999999999999,1.375957943755335e-06,1.3011721127123322e-05,4.536863717387084e-06,8.720335161561375e-06,9.882389289979404e-07,-1.933296127569001e-06,0.140724727035589,1.4397459007879827e-05
821.9999999999999,1.1857960952185697e-06,1.1654613164875023e-05,2.48925017914924e-06,8.204168822231353e-06,-4.4181874852583835e-07,3.7426718172036952e-06,0.1397993025135897,2.0148535959681456e-05
822.9999999999999,3.75058470561277e-06,2.1639182133518964e-05,1.8879714766715912e-07,1.1380643539188023e-05,7.641405717683121e-07,-1.841488453263066e-06,0.13891525200328936,1.0623609597682515e-05
823.9999999999999,6.944795547675683e-06,1.933088305847296e-05,-8.283210104933102e-07,1.765491755088766e-05,7.107325624259269e-07,-4.092433448261124e-06,0.13801694308323822,2.899413338394604e-05
824.9999999999999,1.8155472538567152e-05,6.593375945971657e-06,1.6573015940385388e-06,2.139526233968387e-05,8.657117746229528e-07,2.614529960964584e-06,0.13722954583946378,6.351144483297912e-06
825.9999999999999,3.549661224325451e-05,1.0133314321912386e-05,3.974668464628803e-06,2.261121083205892e-05,9.875975578830208e-07,-1.5741777749017426e-07,0.13639741996768182,2.763840298608287e-05
826.9999999999999,5.4469594899520294e-05,1.1849588438400043e-05,1.268208910842711e-07,1.7237958849280016e-05,8.248620507683045e-08,-7.760283267295368e-07,0.1356427398514315,3.7806993015157736e-05
827.9999999999999,4.471942698282703e-05,1.6428045522363678e-07,-1.8760135482507113e-06,9.074821789730412e-06,2.2473730971182427e-07,-1.7307086172501097e-07,0.13478958546496056,2.1575339304453674e-05
828.9999999999999,3.492052938423563e-05,1.3496414042248594e-05,-1.3570526386294948e-06,8.425067719937234e-06,1.2360796994654506e-06,1.0023458065924386e-06,0.13399771023840312,1.9791335485126584e-05
829.9999999999999,3.1660865559538294e-05,1.4742759794620104e-05,4.344236622972859e-06,5.2236242168340725e-06,1.230875226244289e-07,2.932196874689052e-06,0.1331636647896861,1.5777113175541467e-05
830.9999999999999,3.206278561306618e-05,1.4114351687543093e-05,-6.208330937882141e-07,4.233011619316686e-06,8.150240818311636e-07,1.130242175284186e-06,0.13227552979095533,3.628263064581386e-05
831.9999999999999,3.542739825529027e-05,2.9912013331851613e-06,-1.9685847831374074e-06,2.2840137284361833e-06,-2.4722085430278584e-07,-4.4762596527332744e-07,0.13145220654174403,2.4887325007238252e-05
832.9999999999999,4.361733894344922e-05,-1.0958387672986323e-05,-4.949299507365429e-07,3.708788452179204e-06,1.9287027230355672e-07,3.507337925411595e-06,0.13056458642855023,3.7803555719858725e-05
833.9999999999999,5.5947668366935234e-05,7.936950039130227e-06,2.4109674571818583e-06,4.506422699205974e-06,7.439678954160735e-07,-2.628695715958342e-06,0.12964669336251866,2.6636036317520643e-05
834.9999999999999,5.387967297151255e-05,-7.845571328621544e-06,-1.8591597373157359e-06,3.560812744750933e-06,9.7774289217537e-07,-5.358233447814477e-07,0.12878641178928932,3.060830397964407e-05
835.9999999999999,3.787275069898762e-05,6.133717473882463e-06,1.7098135825340768e-06,4.898143124184524e-06,1.53145215323972e-06,6.613477970497127e-06,0.12789665599412822,3.2215149127886833e-05
836.9999999999999,2.6473180528556763e-05,-2.817234624757476e-06,-6.361768381787338e-07,3.542903200991987e-06,-1.143593271046554e-06,1.4154822663833441e-06,0.1270545533771927,2.5432437396549894e-05
837.9999999999999,2.0391315319550576e-05,-7.4117206548133e-06,6.600561590267389e-07,4.317400739497455e-06,6.888675427882694e-07,4.9951556266179646e-06,0.12619084603035402,2.6003083017828433e-05
838.9999999999999,1.0417467365678409e-05,2.5611371244439485e-06,-2.6384732253479225e-07,5.373684709654821e-06,2.5108558808561506e-07,2.2314342399137694e-08,0.12528403924940223,1.9396281147635394e-06
839.9999999999999,1.0584318747547493e-05,6.2548999516400015e-06,1.6023342652890877e-06,8.973430758892726e-06,8.195035542374221e-07,-7.763955893743217e-07,0.12443911284967533,1.6195370665045596e-05
840.9999999999999,5.196709545142085e-06,2.3230958095913573e-05,2.0836569991291e-06,7.254629483990102e-06,1.7872702617807702e-06,-4.761476778635189e-07,0.12359471566573173,1.1151408611289361e-05
841.9999999999999,5.504561420338732e-06,1.3009887729458718e-05,1.0379943309939369e-06,7.901707667060508e-06,8.181817744299116e-08,7.1674983044043e-07,0.1227142809799793,2.7420565748314727e-05
842.9999999999999,6.507694244299601e-06,1.9085854239649745e-05,6.8606346081956e-06,6.1242232673148984e-06,6.620700845725099e-07,3.234261563592636e-06,0.12187075149994844,1.7206792548768646e-05
843.9999999999999,8.726486525173016e-06,9.609108389630932e-06,4.667179050525518e-06,5.275006318864862e-06,6.45004857043977e-07,3.7186777340302712e-06,0.12093760037867907,3.0456077913452892e-05
844.9999999999999,4.9008170614573416e-06,1.4207115610855776e-05,3.6865563865622295e-06,3.2993429759291075e-06,5.952991277700098e-07,-4.320645134305192e-06,0.12002976200077538,1.609223115984574e-05
845.9999999999999,5.544711015486965e-06,1.7342162614338462e-05,3.791845260262029e-06,1.8995703982275353e-06,8.120527583140211e-07,-5.992497632552319e-07,0.11910852282657636,1.9717392398737118e-05
846.9999999999999,4.56843600329532e-06,2.4033806865209983e-05,4.891823255734268e-07,1.6564529297612588e-06,6.794107967496155e-07,9.693544643013815e-07,0.1181802820381304,-5.276509744282275e-06
847.9999999999999,2.720630427472193e-06,3.66484989062964e-05,8.572136860655314e-08,3.943401443203717e-06,7.519887656829258e-07,-1.672053183621595e-06,0.11719795201459993,1.920845138010826e-05
848.9999999999999,3.993569444051285e-06,2.9535994958452996e-05,9.8265048601125e-07,-6.118051971648813e-07,-2.4391369222102876e-07,-2.2847091297753027e-06,0.11630040392631857,2.50299246079813e-05
849.9999999999999,1.8576440592326754e-06,3.3305845253916884e-06,-4.087905202491407e-06,-1.236895807173718e-05,-1.197768833721898e-06,-1.3824661836336734e-05,0.11536077540378438,7.657097059116957e-06
850.9999999999999,1.980058680218983e-06,1.9758134576432022e-05,2.710650852863325e-05,9.416993012511589e-06,-5.97071700368575e-07,-5.479148859401179e-06,0.11448247627882814,1.4410822055791283e-05
851.9999999999999,2.2586310191403714e-06,2.596209045515716e-05,2.6670338995413436e-05,-1.0267320609248336e-05,-4.445899922988828e-07,9.360009984386004e-06,0.11351670165762079,4.01665053407936e-05
852.9999999999999,2.4919044161020456e-06,1.5769841399420638e-05,-8.340766450181544e-06,-1.2185464788829013e-06,1.2984555705306965e-07,-1.3032075334529876e-05,0.11260497906775506,2.5129547143951043e-05
853.9999999999999,2.7302016525246664e-06,1.018862176308843e-05,4.976844861063607e-07,1.2631415388001932e-05,-1.4051907720055988e-07,2.7838040178968463e-05,0.11162846283148979,1.1294990924634566e-05
854.9999999999999,3.015323455584866e-06,2.6608964153892927e-05,1.988405923833846e-06,1.0819232732046697e-05,5.032911192872795e-08,-3.6164049423823346e-05,0.11075802976655597,2.330211935404326e-05
855.9999999999999,3.1250375331056227e-06,1.6395213102790227e-05,-8.950870227902467e-06,2.3514676620625565e-05,9.608659415389975e-08,-7.459002697849821e-06,0.109866920685269,3.097769771481414e-05
856.9999999999999,3.2739344735638225e-06,2.1057738681431485e-05,-4.594568988636743e-06,9.280900064476347e-06,-3.8879980757617953e-07,1.7672407790010906e-05,0.10889691826806663,1.700242034798597e-05
857.9999999999999,3.2799630919747744e-06,3.9396740267317206e-05,-4.64197181121348e-06,1.6157844279228128e-05,5.0578874515466e-07,-2.2105168761883804e-05,0.1080005110375626,2.3677220001819826e-05
858.9999999999999,3.1976462821300903e-06,1.5503057649950633e-05,1.197369078354852e-06,1.3418015369412199e-05,6.581851925578541e-07,1.1621840910385878e-05,0.10706446591267167,2.9568705687940672e-05
859.9999999999999,2.904901174466572e-06,2.2816677448115857e-05,-2.1778977858958822e-05,7.448290884550476e-06,8.756076355898525e-07,2.884145900978636e-05,0.10611651683180391,2.7081645232471277e-05
860.9999999999999,2.4543066353453726e-06,1.343182947086463e-05,1.40386106369368e-05,-8.213796172396834e-06,2.8407956282681975e-06,4.3048031520466384e-05,0.10518657905957397,1.971218446177455e-05
861.9999999999999,1.9674981963906262e-06,2.1315415464070806e-06,-8.179478862676389e-06,-7.860746519816695e-06,2.7699390575189255e-06,8.34108376600236e-06,0.10424885894374063,2.1542839787503333e-05
862.9999999999999,1.4991711689991577e-06,9.528709083505636e-06,1.6043954414156246e-05,-1.3171134697266204e-05,2.4807676864433022e-06,9.617841872973445e-06,0.10334256647864501,1.5426264504181593e-05
863.9999999999999,1.0370122716533393e-06,4.835653011448362e-06,9.572518546263705e-06,-4.531554204060025e-09,1.7263770898507786e-06,-3.3706928176030994e-05,0.10245551535067803,2.9268325823855745e-05
864.9999999999999,7.627460397242223e-07,-8.137591578077996e-06,-1.0763475423918714e-05,2.3000809277534974e-06,1.0583473952788341e-06,-4.90436802820021e-06,0.10151469793668705,1.2965077220633896e-05
865.9999999999999,4.3629870401808497e-07,2.7737988418849075e-06,-9.954841877169569e-06,-1.847343000784512e-05,9.673275292603892e-07,-5.68213939179218e-06,0.1005731166824148,1.6699837788506206e-05
866.9999999999999,2.5049460490436854e-07,2.232399325702405e-06,3.8569901146557e-06,1.2857182600494821e-05,2.2408902030021707e-06,2.591537432262908e-06,0.09964170125971836,3.7942929556684674e-05
867.9999999999999,1.6192500342077185e-07,6.47343651662836e-06,1.0116306095075879e-05,1.2338146248790394e-05,2.274376759651423e-06,-1.66182714434645e-05,0.09874838853227681,3.319903848101258e-05
868.9999999999999,8.709144033545066e-08,1.5021406819750727e-05,-6.010349749456506e-06,-4.457583820514335e-06,3.8844106773973196e-06,-1.2230571643994404e-06,0.09780602727485523,2.402050601963776e-05
869.9999999999999,7.494677251497448e-08,5.515108270941442e-06,-5.4319634090420725e-06,1.2304198633618027e-05,4.087678628745597e-06,-3.898063895570465e-06,0.09690209719795144,2.8039595670402544e-05
870.9999999999999,7.696782302883348e-08,1.3188762575080769e-05,-8.907630418233381e-06,-1.0961445905310635e-05,4.993371269118171e-06,5.497258265818785e-06,0.09594073055096536,2.8634978312076434e-05
871.9999999999999,4.5466330352984163e-08,1.389468155379472e-05,-2.064282572609191e-06,-5.694979278211485e-06,8.453662082235215e-06,-1.7284536589012406e-05,0.09498211779332125,2.972321156421762e-05
872.9999999999999,5.172778886535112e-08,7.545715677465817e-06,8.23987333234062e-06,1.3886713830477701e-05,9.702338316234404e-06,2.427487679912456e-05,0.09401675024447267,3.3748142631899675e-05
873.9999999999999,9.740333729256668e-08,-2.1634129694290817e-06,-2.0848262404433364e-06,3.8380584564318765e-06,7.886343690029023e-06,4.715626120430671e-06,0.09304105427892713,3.0183501181363147e-05
874.9999999999999,1.2504058450274011e-07,-1.3531964699715e-05,1.4476256044634735e-05,5.817084064912063e-06,5.126879559686778e-06,-1.8661773328159633e-05,0.09208686059038194,4.182081359576258e-05
875.9999999999999,1.031107562411388e-07,4.373793098411439e-06,1.4115084240645717e-05,-8.798547962476842e-06,2.2254452187254806e-06,4.970369813004144e-06,0.09108756972245269,3.780574624653772e-05
876.9999999999999,6.422725227240575e-08,-1.3433743167830747e-06,-2.9202038835138646e-05,7.082618890551196e-06,2.9826810017324495e-07,9.497457027413365e-06,0.09007673557519832,3.837381762140742e-05
877.9999999999999,7.262957251501778e-08,-1.4329264256436995e-05,-1.4247619553943744e-07,7.8827682514219e-06,1.8369455848137284e-06,-7.017326434898454e-06,0.08909304000449955,3.132051129993738e-05
878.9999999999999,7.831352658165903e-08,4.529461509500735e-06,1.4218642559357708e-05,5.425821121347168e-06,2.264605423233679e-06,2.238457855609796e-06,0.08807203476637929,2.675547600581711e-05
879.9999999999999,8.94330170027861e-08,3.6702179239327352e-06,9.205005209683888e-06,-9.75676857185851e-06,1.0205930835708123e-06,9.276735911501131e-06,0.08706234272504962,2.4523020543028245e-05
880.9999999999999,1.046993449891885e-07,1.416335854101742e-05,5.191998151610015e-07,-4.851305015995045e-07,3.2840652534415574e-07,4.353521285550661e-06,0.08604195515651474,4.274243406634859e-05
881.9999999999999,1.864079550877463e-07,-2.5383858150021155e-06,7.093840473033525e-06,4.967509735481931e-06,1.2727212844698998e-06,-1.449625840157869e-05,0.08502175906933616,3.6764937153072784e-05
882.9999999999999,1.67572498273112e-07,-2.079154837362757e-06,-1.1966700958470864e-05,1.6579600883619623e-06,7.8090518464948e-07,-5.957138254308959e-07,0.08402748679472054,2.8639607230018738e-05
883.9999999999999,3.1978685378875e-07,1.2144363756726356e-05,-2.3524734103965103e-05,-1.0792400331252316e-05,5.121233195180351e-07,6.472660259090342e-06,0.08296163069458512,2.6930867768057218e-05
884.9999999999999,4.6453625406319614e-07,1.267307408090294e-07,-1.5484942397788935e-05,6.189022834567045e-06,4.758256838626891e-07,-1.1471675997191667e-05,0.08195905515568234,2.7147527555742126e-05
885.9999999999999,5.83053704951692e-07,-9.761341570008799e-06,8.695950202491492e-06,-1.475059099650512e-06,4.42900027125666e-07,3.86899387008584e-07,0.08097284248533901,3.094227591456767e-05
886.9999999999999,7.338279960762831e-07,7.572954340513229e-07,-1.4199769574869345e-05,-3.988712271233526e-06,1.6386172291431356e-06,7.917633491792503e-06,0.08006371687076727,2.5170040515767703e-05
887.9999999999999,9.4852288818558e-07,-2.2627205727957523e-06,-1.33078238483666e-05,3.4569523653431826e-06,1.347749851872848e-06,-1.9548857390959947e-09,0.07914337968237246,2.4536458477543796e-05
888.9999999999999,1.07860502711556e-06,3.248655891638615e-06,3.537271291986096e-07,-2.651233698833789e-06,1.1164998945731724e-06,-1.7547487849230556e-05,0.07827585239670112,3.0263564493219734e-05
889.9999999999999,1.2894607630278114e-06,6.838830248033439e-06,1.2828846491799496e-07,5.49133567526084e-06,2.1362679608953117e-06,1.1706346900073198e-05,0.07732280552514612,2.8471613910261174e-05
890.9999999999999,1.3508557954387985e-06,7.243591653276994e-06,-1.5473831883085448e-08,-1.9705775494316603e-06,2.64021354332541e-06,-1.0977893176725833e-05,0.07616861529258322,3.6436357670724474e-05
891.9999999999999,1.3437197268169037e-06,1.531068779989822e-05,-6.479215854384455e-06,-4.031535229149889e-06,2.563651176437877e-06,5.850506259845261e-06,0.07451060210335256,2.0690938827952964e-05
892.9999999999999,1.3065091140319506e-06,5.336389993647432e-06,9.151347027294663e-06,-6.4597644613936096e-06,2.9637082095302084e-06,-3.4672690133832832e-06,0.07182324197370617,2.536160542174628e-05
893.9999999999999,1.229840686287315e-06,-1.498065173866561e-06,5.54969842890083e-06,1.2686649210442053e-07,3.209462671993708e-06,1.0872252974639675e-05,0.06756966439661508,2.3313358386775323e-05
894.9999999999999,1.1447666752950082e-06,-1.1218780533667533e-06,1.8307431038845953e-05,1.9840504381821035e-05,2.8670926493649187e-06,4.235077675401406e-06,0.06087940478628556,2.0098092086178116e-05
895.9999999999999,1.108538795824556e-06,9.20687385000762e-06,1.7050103704754772e-07,6.776418296539022e-06,2.475197560552419e-06,-4.379410515916058e-06,0.05223122268198562,2.2895152496279344e-05
896.9999999999999,1.0544505069095775e-06,2.438007983832558e-05,-6.884205962165528e-06,3.326086653328106e-07,2.5918044865102047e-06,3.6788148044034925e-07,0.042016462229675755,2.3083441888268004e-05
897.9999999999999,1.1185851205357191e-06,2.0642817556351187e-05,1.1364517488250028e-06,-1.939485134507658e-06,2.968477120636277e-06,3.392570411423171e-06,0.03179516144094587,3.0788927116309075e-05
898.9999999999999,1.189339575651842e-06,5.678580487301352e-06,-1.2841650014731823e-05,3.906403076024425e-06,2.849098558697594e-06,6.795794875197992e-06,0.02302449887283463,1.8470038791510085e-05
899.9999999999999,1.2645582026874383e-06,1.1343555211081052e-05,7.325897266640746e-06,-3.4983480622188107e-06,1.6543204909535452e-06,3.307566002825745e-06,0.016009838883040396,2.962908196419503e-05
900.9999999999999,1.323337471953418e-06,4.433033992342934e-06,1.6144411344293466e-05,-9.546094488867083e-06,2.2019286697642043e-06,3.6578446467973484e-06,0.01098945022682459,1.090314251415359e-05
901.9999999999999,1.3431496720499047e-06,2.0211538712676546e-05,2.4824429017031073e-05,2.1982110746114707e-06,2.8157928701479614e-06,-2.7197192728471863e-06,0.007420064643634349,1.4683081792765706e-05
902.9999999999999,1.3690043283393768e-06,4.37208552862042e-07,-2.0533572805739997e-06,5.1947594183717075e-06,2.8059591461775827e-06,-1.2155679802169073e-05,0.005016329665123983,3.48858480941821e-05
903.9999999999999,1.3095027884988229e-06,9.767555790801703e-06,5.017350360123195e-06,8.27852534075109e-06,2.7026660530966888e-06,9.34280530237514e-06,0.003429055832242741,1.8340380449513538e-05
904.9999999999999,1.263758417630526e-06,3.938672353736063e-07,4.6110428085284384e-07,3.803020745603681e-06,2.1192327986309923e-06,5.073734367973888e-06,0.0023584711840139608,1.2698808170944418e-05
905.9999999999999,1.0989324435056516e-06,1.0622260282183662e-05,1.4637986566122903e-06,-1.5901281149506585e-06,3.582144107287967e-06,1.3243484290552166e-05,0.0016404506114791907,2.2103207649444458e-05
906.9999999999999,9.84334651451591e-07,4.289500812894871e-06,1.5650484848441812e-05,7.405556680231918e-06,3.423078945140889e-06,2.40949848004611e-06,0.001160997622994674,2.410922538633345e-05
907.9999999999999,8.798071074912265e-07,-7.133285256669327e-06,-3.941545075889157e-06,-5.684489436239582e-06,4.229173932487565e-06,-2.558686802642078e-05,0.000821401912558061,2.4503879961027915e-05
908.9999999999999,7.52183174372001e-07,-6.8081820326282125e-06,1.3514440558267375e-06,6.830604620951041e-07,4.216250529832312e-06,4.175896929756601e-06,0.0006066642008978207,2.4269736872310847e-05
909.9999999999999,6.235002002269405e-07,2.200129913891925e-06,-2.287958687994647e-06,-3.3518226515120284e-06,3.847142892469173e-06,-5.990229609391883e-06,0.00042653730287979606,2.3565233889633598e-05
910.9999999999999,5.4701950001338e-07,4.489186331684083e-06,-5.500217555062941e-07,-2.763908701547306e-06,3.799876943959786e-06,8.13141589922461e-06,0.0003115482471087218,3.014496070148065e-05
911.9999999999999,4.707039433784416e-07,-6.270896076734675e-06,5.342040710636256e-06,3.6206572945052494e-06,3.53832799838255e-06,-7.57906057595388e-07,0.0002365710577787629,2.999557462178227e-05
912.9999999999999,4.233723773392909e-07,1.4311159934139503e-06,4.679516245696963e-06,-3.8047900013061635e-06,3.436630214638529e-06,9.118827911096879e-06,0.00017240314312044107,2.660183619704687e-05
913.9999999999999,3.73159861687653e-07,-2.624214278802072e-06,2.0792929736488475e-06,1.0930146053606619e-06,1.9067765593028207e-06,5.8986077181681885e-06,0.00012608232052022022,1.9690389434175438e-05
914.9999999999999,3.4788764436014597e-07,-4.4575545476742025e-06,4.4552115406660475e-06,1.653177178154633e-06,1.490565171258609e-06,-1.0241545485591107e-05,8.99007479257983e-05,2.5933301964614806e-05
915.9999999999999,2.7995677116514963e-07,1.419034611572948e-06,1.1084371810862469e-07,5.6169589118048815e-06,1.7336451535257828e-06,5.363598746589984e-06,6.318535518674461e-05,7.414972686996029e-06
916.9999999999999,2.794611783897281e-07,-5.545739191835904e-07,1.051735542046801e-05,3.3115232737510823e-06,9.699620575218044e-07,-8.897022607552669e-06,4.227081083799014e-05,1.048340037231366e-05
917.9999999999999,2.4381475626975665e-07,-5.1424125886423944e-08,-2.9247961430254436e-06,-2.451436578775493e-06,5.716877865402473e-07,1.0045051160332206e-06,4.504389915702147e-05,7.716044964118204e-06
918.9999999999999,2.2223937399844298e-07,1.4004251131226964e-06,1.6036200962962475e-05,-9.413612944043961e-06,3.1283839590950977e-07,2.4250521067735736e-06,2.9811785172532114e-05,1.004528777453885e-05
919.9999999999999,1.9608821643333022e-07,-3.0755631413998087e-06,-1.7979596668594837e-06,-6.711135532758995e-06,6.521847496775116e-07,4.149705151790845e-06,2.9477003792182696e-05,1.1244935957072865e-05
920.9999999999999,1.6955725669537277e-07,-4.7291375386002895e-06,-1.7959858058826942e-06,3.085125528860176e-06,-8.044971345063224e-08,6.567182574880841e-06,3.727623008104459e-05,1.1927439233945406e-05
921.9999999999999,1.500946517519813e-07,3.1300022379165935e-06,8.931628356218208e-06,9.61552046116409e-07,2.53425782562558e-07,8.49689759720576e-06,8.410368057061216e-06,4.687045713908762e-06
922.9999999999999,1.4648331898687225e-07,-2.499824740785235e-06,-9.447402943849283e-08,-4.0951765841202905e-06,1.7314767462417844e-07,-1.276822861713521e-06,2.4994927826357257e-05,8.254489206888318e-06
923.9999999999999,1.1269042416549636e-07,-2.548923598543984e-06,3.510127282544649e-06,-2.5909707664796996e-06,6.150054883820031e-07,7.1791488346041136e-06,1.2811605225346905e-05,5.590163696118408e-06
924.9999999999999,1.4270998728968574e-07,-1.2328917305944224e-07,2.402332957951497e-06,3.4110709220673366e-06,2.8289121759746277e-07,-4.28371061694197e-06,1.952796456162607e-05,9.837681698571972e-06
925.9999999999999,1.077655315135177e-07,5.225180608118238e-06,5.504218666982071e-06,1.4360044731693815e-06,1.0741295670453181e-07,3.5527190751163774e-06,1.7186112467834018e-05,4.458929469242041e-06
926.9999999999999,1.4156885720061618e-07,4.713989660280863e-06,3.976831515299406e-06,7.0716366934317185e-06,-8.325789259584847e-08,1.2852811638481035e-05,1.1260788656055538e-05,4.557160940540604e-06
927.9999999999999,1.0335392049881032e-07,6.843764913008484e-06,-2.8811646920658865e-07,5.60252401136828e-07,-2.667406043927904e-07,-3.071363310248038e-06,1.0845540345107587e-05,-2.2852443803260713e-07
928.9999999999999,1.1710001870526558e-07,2.7817852637501406e-06,-5.892476036077145e-06,3.407895847176507e-06,4.089941381471981e-07,1.1345018163569804e-05,9.223412477217083e-06,2.655793811824919e-06
929.9999999999999,1.2592741785199277e-07,7.945632201005723e-06,9.381990920020432e-06,1.013571992908773e-05,4.186237683599292e-07,7.0103527691662335e-06,-1.832484083470951e-07,5.782149875758565e-06
930.9999999999999,1.4624606735639057e-07,-5.730062256742625e-06,4.0131888405647475e-06,9.4590002334095e-06,7.412050619418168e-08,4.950470265293586e-06,4.195898179334617e-06,2.6841986449853846e-06
931.9999999999999,1.5518281023309954e-07,-3.2807110240957918e-06,8.551603426388394e-06,1.3510393905843066e-05,4.3468280072879447e-07,6.814594564042812e-06,3.4787001634652626e-06,7.071747861956438e-06
932.9999999999999,1.731355989280464e-07,-7.377861638307736e-07,2.872248832087984e-06,4.639828000799777e-06,5.610164700982448e-07,5.660099019586461e-06,-3.057312743050182e-07,5.808853050103455e-06
933.9999999999999,2.0328100435135784e-07,5.73090044140836e-06,-7.831592952259984e-06,-6.166572525609351e-06,4.025396776562947e-07,2.858603694733638e-06,-3.421711129250663e-06,3.225946058183056e-06
934.9999999999999,2.648881641523695e-07,-1.063333200751524e-07,5.268687498983965e-06,1.9010176966514743e-06,7.265895079069003e-07,-1.4616276901901807e-06,1.469014558151196e-06,-2.04696545863802e-06
936.0,3.630427108458731e-07,4.258282421085402e-06,7.524014630904285e-06,-4.384107352152461e-06,6.977880973195278e-08,9.141714981897585e-06,3.520717957852391e-06,3.4976631226871324e-06
937.0,5.003789642891265e-07,-3.607596089678561e-06,8.342867166582022e-06,3.2845476195217965e-06,5.147039294718366e-07,-8.718920886354182e-07,-7.541456413588659e-07,4.244757311942238e-06
938.0,7.516355068856591e-07,-3.410053034361204e-07,2.8403579558404142e-06,2.013782950564228e-06,5.188725808671466e-07,5.32087199967902e-06,1.279977062340045e-05,8.715335790339447e-06
939.0,1.1370271653715282e-06,3.925281491968272e-06,-1.0055203417425427e-06,1.862944815265308e-06,5.456297838730738e-07,-5.766290980114811e-06,-2.7097573628842033e-06,4.616802982104198e-06
940.0,1.5934746833609655e-06,1.150188394623222e-06,-3.852693846643533e-06,2.9549648605144177e-07,4.4192667898439306e-07,1.3739098143308114e-06,-1.373433015566894e-05,7.576715644352908e-06
941.0,1.919986715148982e-06,5.883578821044019e-06,-8.682317644374765e-06,-4.4876149639301305e-06,1.8452985489376584e-07,1.2601191038782182e-05,-1.0736387958490703e-06,1.0295165845039264e-05
942.0,2.014925305287714e-06,6.8638753689087444e-06,-7.993265354611168e-06,-4.352327943471982e-06,2.550265928922092e-07,1.4465427036304653e-06,5.538709464372089e-06,7.289062271374291e-06
943.0,1.7953372913061118e-06,7.283944039764837e-06,6.320970795262674e-06,5.245099804794206e-07,3.8397025340399796e-07,2.270169680001545e-06,-7.775500874404731e-06,4.685128609450966e-06
944.0,1.4336240385745743e-06,4.651793457547897e-06,6.122337032270056e-06,-6.25187548054751e-07,6.901119511715421e-08,5.230414640774593e-06,2.831971073969767e-06,8.673965948935307e-06
945.0,1.023562638223642e-06,-2.5353791631277743e-06,3.5636537522195444e-06,1.721494205237501e-06,1.6334420759142542e-07,-9.067946957289833e-06,-1.212313587672774e-06,9.708003434978097e-06
946.0,7.410706308178274e-07,-2.0034883870267464e-07,6.24792789828616e-07,-1.681668974135591e-06,4.960136140467932e-07,1.4055639678470882e-05,-5.06580933966972e-06,9.493254456665037e-06
947.0,5.84454797511447e-07,5.695888860068914e-06,-5.1830893358887946e-06,-1.7432361245967835e-06,6.534972950992548e-07,-2.832002543416831e-06,-7.123608833071886e-06,7.865078484521013e-06
948.0,4.706965512903085e-07,4.001989128106305e-06,2.0304558601358927e-06,6.112068089023425e-06,2.166824452887842e-06,3.215052313528226e-06,4.6045349281211064e-06,1.2055884654459008e-05
949.0,4.1823311466722233e-07,1.4224661978473028e-05,3.4013241296367233e-06,2.725770819339847e-06,6.1925647682548586e-06,-6.95221234218224e-06,-3.3274298829736557e-07,1.0532181548888888e-05
950.0,3.8343841168682276e-07,1.0067210205646985e-05,8.961324078360767e-06,4.6513083662455336e-06,4.124096768278198e-06,-1.0937452464910933e-05,4.064942879752705e-06,1.1059739342839869e-05
951.0,3.77631835425076e-07,1.0713842348000522e-05,2.5000473928392273e-06,-1.2781815596722102e-06,1.3230493477269597e-06,7.503720606933679e-07,3.085493469677385e-06,1.547190307970842e-05
952.0,3.926920859381192e-07,6.487310331813042e-06,-1.5537212214978039e-06,2.3980057217037845e-06,-3.77756072533779e-08,1.2616570868046581e-06,4.221014574602488e-06,1.2582590820473416e-05
953.0,4.228640029581166e-07,9.271271568788732e-06,3.368853308199983e-06,2.610753152392497e-06,-5.7089646407235054e-08,9.204949502950193e-06,-1.8333614150931929e-06,9.72450741372375e-06
954.0,4.5855799036918663e-07,6.055941728573908e-06,-5.334086993787324e-07,-1.4784563352747445e-06,4.209952024538497e-08,2.0990367229384394e-06,-2.1097073026117563e-06,1.333473475815278e-05
955.0,5.617313822326695e-07,6.230966645120894e-06,2.1277654049963306e-06,2.142848460533629e-06,1.564399098100449e-07,5.204061858545672e-06,-2.399666697101103e-06,1.5076356328228653e-05
956.0,7.009548497032808e-07,2.159155580334257e-06,-4.796912740610288e-07,-2.2357527974116076e-06,1.3692169301905817e-07,-4.4363298371958195e-06,3.543108479172807e-06,1.6651864479025525e-05
957.0,9.078120490601722e-07,9.358467232157426e-06,-8.442092049015884e-07,3.4997044102183954e-06,3.6526051876144043e-07,7.228488569689761e-06,-1.430681633847673e-06,1.3311598368088126e-05
958.0,1.228000402239752e-06,1.1996314457675236e-05,4.346389109197579e-06,1.6245209626262124e-06,-8.812346782124319e-10,3.4745193756481975e-06,-2.76020710264119e-06,7.868335187832884e-06
959.0,1.6535654091512089e-06,1.2408694823054448e-05,-9.533376845185549e-07,3.134334558713628e-06,4.5624477459257114e-07,9.311388873726698e-06,1.7741647992977507e-06,1.3104563521563468e-05
960.0,2.0385040084720275e-06,1.0740956930810187e-05,2.7858660291862814e-06,1.7891039755773938e-06,2.0174721660772825e-07,5.0593117845443215e-06,6.74346344315721e-06,1.2842884323096718e-05
961.0,2.265532162124519e-06,9.444023114683888e-06,-1.8314043477185814e-06,2.638627614744122e-06,-2.111102525774618e-07,-2.246711135509678e-06,-8.33951350764368e-06,9.209292614713528e-06
962.0,2.215399086660653e-06,1.3723508268848859e-05,1.2384433048721956e-06,-2.7606185182557e-06,1.913804267918378e-07,3.604877725125703e-06,-6.419589871983053e-07,1.2212250270404326e-05
963.0,1.8937440419869314e-06,9.159352890195792e-06,2.3090298592725115e-06,-4.565526779198166e-06,6.752563756967823e-08,2.1100762636298447e-06,3.8463445001292775e-06,5.888609775475246e-06
964.0,1.462583931746569e-06,6.50959792798089e-06,6.93276472349355e-07,6.909423470158074e-07,1.028957456911983e-07,4.481555097698172e-06,2.6337940135276896e-07,5.142734542629426e-06
965.0,1.1006966470610365e-06,8.035530804175323e-06,-1.1891952467730788e-06,2.1411348244319007e-06,2.8070232478274957e-08,-3.8549433935721795e-06,-5.033265702913164e-07,5.73400439282281e-06
966.0,8.348719535635299e-07,5.8600223069778886e-06,1.3334374599395955e-06,2.4055185380139064e-06,1.2967117799509346e-07,2.7872142692895334e-06,-1.152963374511602e-06,6.32694423936115e-06
967.0,6.44976934916668e-07,9.12715519376188e-06,2.774683868626e-06,1.2701323698390602e-06,2.4484611912644353e-08,-4.7403089609281224e-06,9.8120428225038e-07,6.818010536047485e-06
968.0,5.303063691994725e-07,-1.3295117614363655e-07,6.94598622653158e-07,3.0200302309855763e-06,1.2242321959166234e-07,1.5558028239038654e-06,3.8708860493775544e-07,8.172023183283983e-06
969.0,4.5889153479231706e-07,2.2402612528418796e-06,-1.3538071793226028e-06,1.7998439397101618e-07,-5.9472488457673793e-08,3.8856981830115745e-06,4.210787701928682e-07,6.636250289424085e-06
970.0,4.11715376897309e-07,8.638498511905043e-06,1.598011258241453e-06,3.955115991455233e-08,1.9806408337961785e-08,-6.311037457359016e-06,2.586040762157638e-07,4.88171517324259e-06
971.0,3.799467251318186e-07,6.2636795668561975e-06,3.88042635851107e-06,-2.212048754566825e-06,1.7635320541476355e-07,2.9354554636008284e-06,-1.1247409724515511e-06,5.9470328686650295e-06
972.0,3.6709744270081074e-07,1.219873516637561e-06,4.843192034517594e-07,1.0770664718808785e-06,7.615330682038437e-08,2.2961325887818635e-06,-1.848459445682364e-07,3.895480955779102e-06
973.0,3.6528312968913724e-07,4.6429265502410786e-07,1.2445569161665253e-06,1.3049965451490933e-06,1.525055985558575e-07,1.4764526216913605e-06,7.019808177327898e-07,6.0087974641148645e-06
974.0,3.6496783701700366e-07,5.34101132322684e-07,2.7337452677451897e-06,5.207957658811951e-07,6.757071677340604e-09,-2.0427775045093966e-06,4.650493574058165e-06,1.7540406179806377e-06
975.0,3.7966793431905463e-07,4.420875147750543e-07,2.9298006203106e-07,1.7943735465008966e-06,1.368637401996683e-07,-1.5373082638063905e-06,-1.9289989148963393e-06,3.947373378012842e-06
976.0,3.886666674372198e-07,-2.4442673431962518e-08,3.547234517556048e-07,-1.3341687524975188e-06,2.6504517454963323e-08,-4.6770862071241476e-07,-2.8309419342398316e-06,5.323501817415298e-06
977.0,4.22168970019498e-07,9.502683707514332e-07,3.3035736116131524e-06,-1.413666881190598e-07,3.947154121516106e-07,7.683381463088331e-07,1.1042270532377994e-06,4.625714431345441e-06
978.0,4.704281879883903e-07,1.6547448956145994e-06,-1.8741476954489292e-06,1.978171416974637e-06,2.5116818506716847e-07,-2.8563130715238176e-06,-2.0777661754353902e-06,3.411218498156423e-06
979.0,5.042408509684064e-07,6.113027690906489e-07,7.294574632472752e-07,6.825574057151349e-07,2.0781163878255158e-07,-4.823144888081763e-07,3.5781423258540474e-07,4.152193902680797e-06
980.0,5.405985418096203e-07,2.1093196360539767e-06,-5.1984576770345735e-09,1.758771271866032e-06,8.846402411969278e-08,2.3861161183309626e-06,-1.5657832554582571e-06,5.029404251971606e-06
981.0,5.819394800363235e-07,3.807216936242716e-07,1.2001367049567507e-06,1.2287203303425283e-06,2.802855545806101e-07,2.8443275992513277e-06,2.8724113956473493e-06,4.753734015614319e-06
982.0,5.964366429648836e-07,2.6590684749199797e-06,-5.320641051828164e-07,-2.9318892657402805e-07,1.4884146565769458e-07,1.0957677820739584e-06,-3.530982292980068e-07,4.210742260146631e-06
983.0,5.950909056550244e-07,1.893108468205885e-06,1.275658203576585e-06,8.763874864556558e-07,-1.0716283871639124e-08,5.951698235247384e-07,-1.5158331069232358e-06,3.1749075336638337e-06
984.0,5.882087001449896e-07,2.0686417783756414e-06,1.8798037539912589e-06,-1.5177385605718195e-06,1.384174341426293e-07,1.0268444211688308e-06,1.0140805085047859e-06,5.548722764381616e-06
985.0,5.620594971729632e-07,1.2709889202492998e-06,1.4963699893892735e-06,1.4276941796540372e-06,-4.408661223211244e-08,5.014790976366112e-07,-1.9961864365394333e-06,3.404174754268265e-06
986.0,5.389190532421215e-07,4.205133677428911e-07,2.436099384669168e-06,9.223943926301208e-07,9.121275611777824e-09,4.323986183669989e-08,1.3370656505079748e-06,4.467312013671851e-06
987.0,5.120354466489297e-07,1.2121481641475093e-06,2.7989264623134713e-06,2.584647429972938e-06,2.6894719943586133e-07,-1.4619471289580205e-06,-1.543912406396837e-06,2.9880231880571572e-06
988.0,4.848843942482815e-07,3.875545557851237e-06,-4.653579609359177e-07,5.375154060657128e-07,9.059806750220018e-08,1.8844608864470133e-07,3.0135021180211586e-07,1.0816045722517225e-06
989.0,4.658321819013716e-07,1.7557346248697514e-06,-2.484710557058552e-06,6.086305087989791e-07,3.3222492882012025e-07,2.9812930610276335e-06,-1.725485604581931e-07,4.183815032907138e-06
990.0,4.6102416374996344e-07,-2.388127755686124e-06,-1.6044983175235805e-06,2.276626444836863e-06,-1.0030514373883673e-08,2.0967590465388145e-06,2.5747195340312115e-06,3.2546496090684432e-06
991.0,4.572155126997233e-07,-1.585479894826497e-06,-2.1955273976694675e-06,-3.349143088755894e-07,2.6815637879325306e-07,3.7867393684427845e-06,7.179994488339396e-07,2.498226937139771e-06
992.0,4.7215824438440414e-07,-2.790840116403028e-08,2.0293178050829752e-06,-1.154726914658968e-06,4.41403917105196e-07,-1.405890771225043e-06,-8.618605519973393e-07,2.2167827166550276e-06
993.0,5.015692284153399e-07,-3.360275162888212e-07,5.154889154602389e-06,1.0383509338934324e-06,5.70371409044105e-07,5.059630692835153e-07,-1.0173687662975078e-06,2.407677872928967e-06
994.0,5.290028490477287e-07,1.6140146002975095e-06,1.3458920881730918e-06,-5.550474215495468e-07,4.0186658118041137e-07,1.8700939148586816e-06,1.294877606570272e-06,3.7814670501605316e-06
995.0,5.965091989581134e-07,1.904646678844897e-06,8.664668655054964e-07,-2.1376701947949786e-07,1.3154744317979418e-07,9.90155136344538e-07,-4.131535626178253e-07,2.420876246088754e-06
996.0,6.75288498124297e-07,-1.5016129910904463e-06,-2.657309522664779e-06,5.645546715267032e-07,1.279048521451762e-07,-6.592891082051556e-07,1.7156319346317923e-06,2.2118920242700864e-06
997.0,7.964439634828129e-07,1.2348722521766898e-06,-2.721392929833321e-07,-6.578098172709904e-07,2.3035675121078905e-07,4.590348513535429e-07,8.047642771395339e-07,3.926936366282563e-06
998.0,9.555145529992198e-07,-8.44743079031167e-07,-4.3703822975063603e-07,-4.760301130301377e-07,-7.754565050941226e-09,1.4467109414571854e-06,-1.0368202056876754e-06,4.3091809889974595e-06
999.0,1.15499010791013e-06,1.39456001786014e-06,9.479610624281178e-07,3.530873824662424e-07,1.336674038182933e-07,2.5425003053460227e-06,-6.775339062167509e-07,1.5917864403744757e-06
1000.0,1.42842230906893e-06,1.2968247705482127e-06,1.822252868639451e-06,-1.2767277054018646e-06,1.1274781025634312e-07,5.461969694503669e-07,-1.7427428502949836e-07,2.177172316749655e-06
